8.452911,1,0.000000,0.000000,0.000000,0.000000,100618.000000,0.000000,0.000000,0.000000,0.000000,0.000000,298.589996,102302.000000,299.000000,0.000000,-46.234154,87.656410,-55.225964,-0.001875,0.033507,-0.044909,-0.000236,0.001875,0.000569,,0.000000,0.000000,0.000000,0.000000,0.000000,0.000000,0.000000,0.000000,0.000000,0.000000,0.000000,0.000000,0.000000,0.000000,0.000000,2.343590,0.000000,0.000000,0.000000,1.000000,0.000000,0.000000
8.482242,1,0.000000,0.000000,0.000000,100618.000000,100618.000000,0.000000,0.000000,0.000000,0.000000,0.000000,298.600006,100618.000000,298.600006,0.000000,-46.206158,87.654480,-55.198940,-0.001156,-0.006069,-0.036760,0.000666,0.000349,-0.000388,,0.000000,0.000000,0.000000,0.000000,0.000000,0.000000,0.000000,0.000000,0.000000,0.000000,0.000000,0.000000,0.000000,0.000000,0.000000,2.345520,0.000000,0.000000,0.000000,1.000000,0.000000,8.035088
8.505738,1,0.000000,0.000000,100618.000000,100619.000000,100619.000000,0.000000,0.000000,0.000000,0.000000,0.000000,298.630005,100618.500000,298.614990,0.000000,-46.200939,87.653404,-55.194645,0.005435,-0.022287,-0.032921,0.000609,0.000020,0.000243,,0.000000,0.000000,0.000000,0.000000,0.000000,0.000000,0.000000,0.000000,0.000000,0.000000,0.000000,0.000000,0.000000,0.000000,0.000000,2.346596,0.000000,0.000000,0.000000,1.000000,0.000000,0.023500
8.529200,1,0.000000,100618.000000,100619.000000,100625.000000,100625.000000,0.000000,0.000000,0.000000,0.000000,0.000000,298.660004,100620.664062,298.630005,0.000000,-45.943405,87.645157,-54.919189,-0.002213,-0.004494,-0.037025,-0.000343,0.001513,-0.000319,,0.000000,0.000000,0.000000,0.000000,0.000000,0.000000,0.000000,0.000000,0.000000,0.000000,0.000000,0.000000,0.000000,0.000000,0.000000,2.354843,0.000000,0.000000,0.000000,1.000000,0.000000,0.023467
8.552737,1,100618.000000,100619.000000,100625.000000,100626.000000,100626.000000,0.000000,0.000000,0.000000,0.000000,0.000000,298.679993,100622.000000,298.642517,0.000000,-45.964870,87.646652,-54.937874,0.006698,-0.014374,-0.029305,-0.000211,0.002122,0.001246,,0.000000,0.000000,0.000000,0.000000,0.000000,0.000000,0.000000,0.000000,0.000000,0.000000,0.000000,0.000000,0.000000,0.000000,0.000000,2.353348,0.000000,0.000000,0.000000,1.000000,0.000000,0.023488
8.578003,1,100619.000000,100625.000000,100626.000000,100628.000000,100628.000000,0.000000,0.000000,0.000000,0.000000,0.000000,298.700012,100623.203125,298.653992,0.000000,-45.993462,87.648148,-54.967480,-0.000767,0.000261,-0.037871,0.001118,0.002241,0.000992,,0.000000,0.000000,0.000000,0.000000,0.000000,0.000000,0.000000,0.000000,0.000000,0.000000,0.000000,0.000000,0.000000,0.000000,0.000000,2.351852,0.000000,0.000000,0.000000,1.000000,0.000000,0.025295
8.601497,1,100625.000000,100626.000000,100628.000000,100626.000000,100626.000000,0.000000,0.000000,0.000000,0.000000,0.000000,298.730011,100623.664062,298.666687,0.000000,-46.005123,87.649063,-54.977409,-0.004975,0.004895,-0.034492,0.000691,0.001225,0.000357,,0.000000,0.000000,0.000000,0.000000,0.000000,0.000000,0.000000,0.000000,0.000000,0.000000,0.000000,0.000000,0.000000,0.000000,0.000000,2.350937,0.000000,0.000000,0.000000,1.000000,0.000000,0.023519
8.625000,1,100626.000000,100628.000000,100626.000000,100626.000000,100626.000000,0.000000,0.000000,0.000000,0.000000,0.000000,298.739990,100624.000000,298.677155,0.000000,-45.962727,87.646736,-54.938232,0.000571,-0.000040,-0.036314,0.001577,0.000265,0.000316,,0.000000,0.000000,0.000000,0.000000,0.000000,0.000000,0.000000,0.000000,0.000000,0.000000,0.000000,0.000000,0.000000,0.000000,0.000000,2.353264,0.000000,0.000000,0.000000,1.000000,0.000000,0.023495
8.648501,1,100628.000000,100626.000000,100626.000000,100626.000000,100626.000000,0.000000,0.000000,0.000000,0.000000,0.000000,298.760010,100624.250000,298.687500,0.000000,-45.961185,87.645821,-54.937260,0.005561,-0.008346,-0.028663,0.000305,0.001062,0.000766,,0.000000,0.000000,0.000000,0.000000,0.000000,0.000000,0.000000,0.000000,0.000000,0.000000,0.000000,0.000000,0.000000,0.000000,0.000000,2.354179,0.000000,0.000000,0.000000,1.000000,0.000000,0.023479
8.672027,1,100626.000000,100626.000000,100626.000000,100625.000000,100625.000000,0.000000,0.000000,0.000000,0.000000,0.000000,298.779999,100624.335938,298.697784,0.000000,-45.993248,87.648987,-54.967041,0.012616,-0.008007,-0.037098,0.001152,0.001662,0.000555,,0.000000,0.000000,0.000000,0.000000,0.000000,0.000000,0.000000,0.000000,0.000000,0.000000,0.000000,0.000000,0.000000,0.000000,0.000000,2.351013,0.000000,0.000000,0.000000,1.000000,0.000000,0.023556
8.695530,1,100626.000000,100626.000000,100625.000000,100630.000000,100630.000000,0.000000,0.000000,0.000000,0.000000,0.000000,298.799988,100624.898438,298.708008,0.000000,-46.033539,87.650314,-55.005238,-0.016888,0.001069,-0.036157,-0.001468,0.002529,0.000366,,0.000000,0.000000,0.000000,0.000000,0.000000,0.000000,0.000000,0.000000,0.000000,0.000000,0.000000,0.000000,0.000000,0.000000,0.000000,2.349686,0.000000,0.000000,0.000000,1.000000,0.000000,0.023501
8.718997,1,100626.000000,100625.000000,100630.000000,100631.000000,100631.000000,0.000000,0.000000,0.000000,0.000000,0.000000,298.809998,100625.453125,298.717285,0.000000,-46.013294,87.650314,-54.984943,0.005283,-0.003979,-0.039633,0.000281,0.000985,0.000544,,0.000000,0.000000,0.000000,0.000000,0.000000,0.000000,0.000000,0.000000,0.000000,0.000000,0.000000,0.000000,0.000000,0.000000,0.000000,2.349686,0.000000,0.000000,0.000000,1.000000,0.000000,0.023461
8.750121,1,100625.000000,100630.000000,100631.000000,100627.000000,100627.000000,0.000000,0.000000,0.000000,0.000000,0.000000,298.820007,100625.585938,298.725830,0.000000,-46.013359,87.648315,-54.986599,0.001492,-0.005408,-0.034457,0.000915,0.001166,-0.000076,,0.000000,0.000000,0.000000,0.000000,0.000000,0.000000,0.000000,0.000000,0.000000,0.000000,0.000000,0.000000,0.000000,0.000000,0.000000,2.351685,0.000000,0.000000,0.000000,1.000000,0.000000,0.031128
8.778157,1,100630.000000,100631.000000,100627.000000,100628.000000,100628.000000,0.000000,0.000000,0.000000,0.000000,0.000000,298.829987,100625.765625,298.733856,0.000000,-45.998974,87.647232,-54.974628,0.007076,-0.014220,-0.028228,0.000910,0.001225,0.000674,,0.000000,0.000000,0.000000,0.000000,0.000000,0.000000,0.000000,0.000000,0.000000,0.000000,0.000000,0.000000,0.000000,0.000000,0.000000,2.352768,0.000000,0.000000,0.000000,1.000000,0.000000,0.027979
8.801633,1,100631.000000,100627.000000,100628.000000,100628.000000,100628.000000,0.000000,0.000000,0.000000,0.000000,0.000000,298.839996,100625.929688,298.741425,0.000000,-46.017857,87.647987,-54.992077,-0.000773,0.004216,-0.037424,0.000754,0.000819,0.000201,,0.000000,0.000000,0.000000,0.000000,0.000000,0.000000,0.000000,0.000000,0.000000,0.000000,0.000000,0.000000,0.000000,0.000000,0.000000,2.352013,0.000000,0.000000,0.000000,1.000000,0.000000,0.023510
8.825280,1,100627.000000,100628.000000,100628.000000,100630.000000,100630.000000,0.000000,0.000000,0.000000,0.000000,0.000000,298.850006,100626.203125,298.748657,0.000000,-45.996243,87.646904,-54.969563,0.006251,0.003502,-0.034435,-0.000331,0.001630,0.000987,,0.000000,0.000000,0.000000,0.000000,0.000000,0.000000,0.000000,0.000000,0.000000,0.000000,0.000000,0.000000,0.000000,0.000000,0.000000,2.353096,0.000000,0.000000,0.000000,1.000000,0.000000,0.023670
8.848763,1,100628.000000,100628.000000,100630.000000,100628.000000,100628.000000,0.000000,0.000000,0.000000,0.000000,0.000000,298.859985,100626.312500,298.755615,0.000000,-46.020538,87.647903,-54.994179,0.008828,0.002427,-0.031874,0.000293,0.001101,-0.000078,,0.000000,0.000000,0.000000,0.000000,0.000000,0.000000,0.000000,0.000000,0.000000,0.000000,0.000000,0.000000,0.000000,0.000000,0.000000,2.352097,0.000000,0.000000,0.000000,1.000000,0.000000,0.023484
8.872211,1,100628.000000,100630.000000,100628.000000,100632.000000,100632.000000,0.000000,0.000000,0.000000,0.000000,0.000000,298.869995,100626.648438,298.762360,0.000000,-46.005936,87.646576,-54.980629,0.000534,-0.005744,-0.026447,0.001605,0.000619,0.000513,,0.000000,0.000000,0.000000,0.000000,0.000000,0.000000,0.000000,0.000000,0.000000,0.000000,0.000000,0.000000,0.000000,0.000000,0.000000,2.353424,0.000000,0.000000,0.000000,1.000000,0.000000,0.023451
8.896517,1,100630.000000,100628.000000,100632.000000,100631.000000,100631.000000,0.000000,0.000000,0.000000,0.000000,0.000000,298.880005,100626.890625,298.768890,0.000000,-45.985916,87.645660,-54.961910,-0.009320,0.003436,-0.042032,0.000421,0.000349,0.000633,,0.000000,0.000000,0.000000,0.000000,0.000000,0.000000,0.000000,0.000000,0.000000,0.000000,0.000000,0.000000,0.000000,0.000000,0.000000,2.354340,0.000000,0.000000,0.000000,1.000000,0.000000,0.024266
8.920214,1,100628.000000,100632.000000,100631.000000,100628.000000,100628.000000,0.000000,0.000000,0.000000,0.000000,0.000000,298.880005,100626.945312,298.774750,0.000000,-45.995140,87.645988,-54.970150,-0.002343,0.000714,-0.036303,0.000092,0.001612,0.000688,,0.000000,0.000000,0.000000,0.000000,0.000000,0.000000,0.000000,0.000000,0.000000,0.000000,0.000000,0.000000,0.000000,0.000000,0.000000,2.354012,0.000000,0.000000,0.000000,1.000000,0.000000,0.023735
8.943682,1,100632.000000,100631.000000,100628.000000,100627.000000,100627.000000,0.000000,0.000000,0.000000,0.000000,0.000000,298.890015,100626.953125,298.780487,0.000000,-46.025242,87.648071,-54.997444,0.005744,-0.009232,-0.031013,-0.001022,0.002667,0.000950,,0.000000,0.000000,0.000000,0.000000,0.000000,0.000000,0.000000,0.000000,0.000000,0.000000,0.000000,0.000000,0.000000,0.000000,0.000000,2.351929,0.000000,0.000000,0.000000,1.000000,0.000000,0.023469
8.967124,1,100631.000000,100628.000000,100627.000000,100627.000000,100627.000000,0.000000,0.000000,0.000000,0.000000,0.000000,298.899994,100626.953125,298.786194,0.000000,-46.031731,87.647316,-55.005024,0.008969,-0.003516,-0.033027,0.001078,0.000550,0.000286,,0.000000,0.000000,0.000000,0.000000,0.000000,0.000000,0.000000,0.000000,0.000000,0.000000,0.000000,0.000000,0.000000,0.000000,0.000000,2.352684,0.000000,0.000000,0.000000,1.000000,0.000000,0.023445
8.990590,1,100628.000000,100627.000000,100627.000000,100633.000000,100633.000000,0.000000,0.000000,0.000000,0.000000,0.000000,298.899994,100627.226562,298.791351,0.000000,-46.022423,87.646317,-54.996246,0.001129,-0.000027,-0.041431,0.000939,0.000642,0.000210,,0.000000,0.000000,0.000000,0.000000,0.000000,0.000000,0.000000,0.000000,0.000000,0.000000,0.000000,0.000000,0.000000,0.000000,0.000000,2.353683,0.000000,0.000000,0.000000,1.000000,0.000000,0.023433
9.014235,1,100627.000000,100627.000000,100633.000000,100636.000000,100636.000000,0.000000,0.000000,0.000000,0.000000,0.000000,298.910004,100627.609375,298.796509,0.000000,-45.991119,87.643906,-54.966888,0.011549,0.002060,-0.028557,0.002174,0.000311,-0.000308,,0.000000,0.000000,0.000000,0.000000,0.000000,0.000000,0.000000,0.000000,0.000000,0.000000,0.000000,0.000000,0.000000,0.000000,0.000000,2.356094,0.000000,0.000000,0.000000,1.000000,0.000000,0.023676
9.037704,1,100627.000000,100633.000000,100636.000000,100632.000000,100632.000000,0.000000,0.000000,0.000000,0.000000,0.000000,298.920013,100627.789062,298.801666,0.000000,-46.013756,87.645081,-54.987854,0.008201,0.001577,-0.033669,0.000662,0.001041,0.000226,,0.000000,0.000000,0.000000,0.000000,0.000000,0.000000,0.000000,0.000000,0.000000,0.000000,0.000000,0.000000,0.000000,0.000000,0.000000,2.354919,0.000000,0.000000,0.000000,1.000000,0.000000,0.023457
9.061194,1,100633.000000,100636.000000,100632.000000,100631.000000,100631.000000,0.000000,0.000000,0.000000,0.000000,0.000000,298.920013,100627.921875,298.806396,0.000000,-46.040733,87.646652,-55.014282,0.008220,0.003352,-0.035254,-0.001333,0.002856,0.001451,,0.000000,0.000000,0.000000,0.000000,0.000000,0.000000,0.000000,0.000000,0.000000,0.000000,0.000000,0.000000,0.000000,0.000000,0.000000,2.353348,0.000000,0.000000,0.000000,1.000000,0.000000,0.023488
9.086377,1,100636.000000,100632.000000,100631.000000,100631.000000,100631.000000,0.000000,0.000000,0.000000,0.000000,0.000000,298.920013,100628.039062,298.810760,0.000000,-46.054676,87.648315,-55.026260,0.004575,-0.003171,-0.041626,-0.000680,0.001769,0.001008,,0.000000,0.000000,0.000000,0.000000,0.000000,0.000000,0.000000,0.000000,0.000000,0.000000,0.000000,0.000000,0.000000,0.000000,0.000000,2.351685,0.000000,0.000000,0.000000,1.000000,0.000000,0.024957
9.110030,1,100632.000000,100631.000000,100631.000000,100630.000000,100630.000000,0.000000,0.000000,0.000000,0.000000,0.000000,298.929993,100628.109375,298.815186,0.000000,-46.067139,87.647736,-55.038231,-0.004551,0.008033,-0.034990,0.002168,-0.000616,-0.000612,,0.000000,0.000000,0.000000,0.000000,0.000000,0.000000,0.000000,0.000000,0.000000,0.000000,0.000000,0.000000,0.000000,0.000000,0.000000,2.352264,0.000000,0.000000,0.000000,1.000000,0.000000,0.023814
9.133552,1,100631.000000,100631.000000,100630.000000,100634.000000,100634.000000,0.000000,0.000000,0.000000,0.000000,0.000000,298.929993,100628.320312,298.819275,0.000000,-46.016079,87.644577,-54.990349,0.007187,-0.011855,-0.032658,0.001025,0.000050,0.000432,,0.000000,0.000000,0.000000,0.000000,0.000000,0.000000,0.000000,0.000000,0.000000,0.000000,0.000000,0.000000,0.000000,0.000000,0.000000,2.355423,0.000000,0.000000,0.000000,1.000000,0.000000,0.023601
9.157012,1,100631.000000,100630.000000,100634.000000,100629.000000,100629.000000,0.000000,0.000000,0.000000,0.000000,0.000000,298.940002,100628.343750,298.823456,0.000000,-46.020061,87.644241,-54.994663,0.002079,-0.004702,-0.033159,0.000207,0.001274,0.000249,,0.000000,0.000000,0.000000,0.000000,0.000000,0.000000,0.000000,0.000000,0.000000,0.000000,0.000000,0.000000,0.000000,0.000000,0.000000,2.355759,0.000000,0.000000,0.000000,1.000000,0.000000,0.023460
9.180491,1,100630.000000,100634.000000,100629.000000,100629.000000,100629.000000,0.000000,0.000000,0.000000,0.000000,0.000000,298.940002,100628.367188,298.827332,0.000000,-46.041897,87.646072,-55.014820,-0.002600,-0.002013,-0.028574,-0.001717,0.002922,0.001047,,0.000000,0.000000,0.000000,0.000000,0.000000,0.000000,0.000000,0.000000,0.000000,0.000000,0.000000,0.000000,0.000000,0.000000,0.000000,2.353928,0.000000,0.000000,0.000000,1.000000,0.000000,0.023455
9.204245,1,100634.000000,100629.000000,100629.000000,100632.000000,100632.000000,0.000000,0.000000,0.000000,0.000000,0.000000,298.940002,100628.484375,298.830963,0.000000,-46.047478,87.647987,-55.018620,0.000546,0.002253,-0.032446,-0.000202,0.001995,0.001322,,0.000000,0.000000,0.000000,0.000000,0.000000,0.000000,0.000000,0.000000,0.000000,0.000000,0.000000,0.000000,0.000000,0.000000,0.000000,2.352013,0.000000,0.000000,0.000000,1.000000,0.000000,0.023772
9.227763,1,100629.000000,100629.000000,100632.000000,100630.000000,100630.000000,0.000000,0.000000,0.000000,0.000000,0.000000,298.950012,100628.531250,298.834686,0.000000,-46.038422,87.647652,-55.009094,0.005706,-0.009302,-0.031109,0.000073,0.001396,0.000893,,0.000000,0.000000,0.000000,0.000000,0.000000,0.000000,0.000000,0.000000,0.000000,0.000000,0.000000,0.000000,0.000000,0.000000,0.000000,2.352348,0.000000,0.000000,0.000000,1.000000,0.000000,0.023519
9.251252,1,100629.000000,100632.000000,100630.000000,100635.000000,100635.000000,0.000000,0.000000,0.000000,0.000000,0.000000,298.950012,100628.726562,298.838196,0.000000,-46.010071,87.647316,-54.981297,0.005538,-0.007967,-0.031208,0.000125,0.000518,0.000542,,0.000000,0.000000,0.000000,0.000000,0.000000,0.000000,0.000000,0.000000,0.000000,0.000000,0.000000,0.000000,0.000000,0.000000,0.000000,2.352684,0.000000,0.000000,0.000000,1.000000,0.000000,0.023492
9.274716,1,100632.000000,100630.000000,100635.000000,100631.000000,100631.000000,0.000000,0.000000,0.000000,0.000000,0.000000,298.950012,100628.796875,298.841461,0.000000,-45.991581,87.645325,-54.965530,0.002907,0.001443,-0.030517,0.000598,0.001009,0.000229,,0.000000,0.000000,0.000000,0.000000,0.000000,0.000000,0.000000,0.000000,0.000000,0.000000,0.000000,0.000000,0.000000,0.000000,0.000000,2.354675,0.000000,0.000000,0.000000,1.000000,0.000000,0.023446
9.298216,1,100630.000000,100635.000000,100631.000000,100630.000000,100630.000000,0.000000,0.000000,0.000000,0.000000,0.000000,298.950012,100628.828125,298.844574,0.000000,-46.008831,87.645737,-54.981316,-0.000634,0.002602,-0.038674,0.000110,0.001593,0.000905,,0.000000,0.000000,0.000000,0.000000,0.000000,0.000000,0.000000,0.000000,0.000000,0.000000,0.000000,0.000000,0.000000,0.000000,0.000000,2.354263,0.000000,0.000000,0.000000,1.000000,0.000000,0.023535
9.321705,1,100635.000000,100631.000000,100630.000000,100629.000000,100629.000000,0.000000,0.000000,0.000000,0.000000,0.000000,298.959991,100628.835938,298.847778,0.000000,-45.989746,87.645821,-54.962780,0.005576,-0.004031,-0.036360,-0.000774,0.002219,0.001079,,0.000000,0.000000,0.000000,0.000000,0.000000,0.000000,0.000000,0.000000,0.000000,0.000000,0.000000,0.000000,0.000000,0.000000,0.000000,2.354179,0.000000,0.000000,0.000000,1.000000,0.000000,0.023473
9.345155,1,100631.000000,100630.000000,100629.000000,100630.000000,100630.000000,0.000000,0.000000,0.000000,0.000000,0.000000,298.959991,100628.867188,298.850800,0.000000,-46.021030,87.647072,-54.992443,0.011025,-0.006744,-0.028866,-0.000212,0.001546,0.001067,,0.000000,0.000000,0.000000,0.000000,0.000000,0.000000,0.000000,0.000000,0.000000,0.000000,0.000000,0.000000,0.000000,0.000000,0.000000,2.352928,0.000000,0.000000,0.000000,1.000000,0.000000,0.023444
9.368704,1,100630.000000,100629.000000,100630.000000,100636.000000,100636.000000,0.000000,0.000000,0.000000,0.000000,0.000000,298.959991,100629.054688,298.853699,0.000000,-45.991772,87.645737,-54.963882,0.000123,-0.000272,-0.028807,0.000383,0.000797,0.000342,,0.000000,0.000000,0.000000,0.000000,0.000000,0.000000,0.000000,0.000000,0.000000,0.000000,0.000000,0.000000,0.000000,0.000000,0.000000,2.354263,0.000000,0.000000,0.000000,1.000000,0.000000,0.023525
9.392210,1,100629.000000,100630.000000,100636.000000,100631.000000,100631.000000,0.000000,0.000000,0.000000,0.000000,0.000000,298.959991,100629.101562,298.856415,0.000000,-45.991871,87.645905,-54.964161,-0.009928,0.000612,-0.039120,-0.001623,0.003228,0.001304,,0.000000,0.000000,0.000000,0.000000,0.000000,0.000000,0.000000,0.000000,0.000000,0.000000,0.000000,0.000000,0.000000,0.000000,0.000000,2.354095,0.000000,0.000000,0.000000,1.000000,0.000000,0.023550
9.415713,1,100630.000000,100636.000000,100631.000000,100635.000000,100635.000000,0.000000,0.000000,0.000000,0.000000,0.000000,298.959991,100629.250000,298.859009,0.000000,-45.992043,87.644905,-54.965183,0.007378,0.001750,-0.034369,0.000435,0.000180,0.000748,,0.000000,0.000000,0.000000,0.000000,0.000000,0.000000,0.000000,0.000000,0.000000,0.000000,0.000000,0.000000,0.000000,0.000000,0.000000,2.355095,0.000000,0.000000,0.000000,1.000000,0.000000,0.023488
9.439166,1,100636.000000,100631.000000,100635.000000,100634.000000,100634.000000,0.000000,0.000000,0.000000,0.000000,0.000000,298.970001,100629.367188,298.861694,0.000000,-46.008144,87.645660,-54.979881,0.008025,-0.004270,-0.037372,-0.000832,0.001991,0.000357,,0.000000,0.000000,0.000000,0.000000,0.000000,0.000000,0.000000,0.000000,0.000000,0.000000,0.000000,0.000000,0.000000,0.000000,0.000000,2.354340,0.000000,0.000000,0.000000,1.000000,0.000000,0.023453
9.469687,1,100631.000000,100635.000000,100634.000000,100634.000000,100634.000000,0.000000,0.000000,0.000000,0.000000,0.000000,298.959991,100629.476562,298.864044,0.000000,-46.020313,87.647316,-54.991173,0.002207,-0.002296,-0.030304,-0.000841,0.002304,0.000943,,0.000000,0.000000,0.000000,0.000000,0.000000,0.000000,0.000000,0.000000,0.000000,0.000000,0.000000,0.000000,0.000000,0.000000,0.000000,2.352684,0.000000,0.000000,0.000000,1.000000,0.000000,0.030522
9.493338,1,100635.000000,100634.000000,100634.000000,100634.000000,100634.000000,0.000000,0.000000,0.000000,0.000000,0.000000,298.959991,100629.578125,298.866272,0.000000,-46.012356,87.647072,-54.983002,0.003186,0.001473,-0.040237,-0.000257,0.000568,0.000832,,0.000000,0.000000,0.000000,0.000000,0.000000,0.000000,0.000000,0.000000,0.000000,0.000000,0.000000,0.000000,0.000000,0.000000,0.000000,2.352928,0.000000,0.000000,0.000000,1.000000,0.000000,0.023472
9.516986,1,100634.000000,100634.000000,100634.000000,100631.000000,100631.000000,0.000000,0.000000,0.000000,0.000000,0.000000,298.959991,100629.617188,298.868408,0.000000,-45.966354,87.644165,-54.939995,0.000839,-0.004096,-0.034300,0.001274,-0.000341,0.000366,,0.000000,0.000000,0.000000,0.000000,0.000000,0.000000,0.000000,0.000000,0.000000,0.000000,0.000000,0.000000,0.000000,0.000000,0.000000,2.355835,0.000000,0.000000,0.000000,1.000000,0.000000,0.023830
9.540813,1,100634.000000,100634.000000,100631.000000,100634.000000,100634.000000,0.000000,0.000000,0.000000,0.000000,0.000000,298.959991,100629.710938,298.870453,0.000000,-45.947361,87.642830,-54.921871,-0.002150,0.004609,-0.036329,0.000317,0.000841,0.000661,,0.000000,0.000000,0.000000,0.000000,0.000000,0.000000,0.000000,0.000000,0.000000,0.000000,0.000000,0.000000,0.000000,0.000000,0.000000,2.357170,0.000000,0.000000,0.000000,1.000000,0.000000,0.023473
9.564305,1,100634.000000,100631.000000,100634.000000,100630.000000,100630.000000,0.000000,0.000000,0.000000,0.000000,0.000000,298.970001,100629.718750,298.872620,0.000000,-45.962749,87.644905,-54.936348,0.004822,0.004547,-0.037745,-0.001007,0.002250,0.001759,,0.000000,0.000000,0.000000,0.000000,0.000000,0.000000,0.000000,0.000000,0.000000,0.000000,0.000000,0.000000,0.000000,0.000000,0.000000,2.355095,0.000000,0.000000,0.000000,1.000000,0.000000,0.023831
9.587886,1,100631.000000,100634.000000,100630.000000,100640.000000,100640.000000,0.000000,0.000000,0.000000,0.000000,0.000000,298.970001,100629.937500,298.874695,0.000000,-45.985657,87.646652,-54.956253,0.000335,0.002908,-0.038497,-0.000793,0.002073,0.000778,,0.000000,0.000000,0.000000,0.000000,0.000000,0.000000,0.000000,0.000000,0.000000,0.000000,0.000000,0.000000,0.000000,0.000000,0.000000,2.353348,0.000000,0.000000,0.000000,1.000000,0.000000,0.023565
9.611403,1,100634.000000,100630.000000,100640.000000,100633.000000,100633.000000,0.000000,0.000000,0.000000,0.000000,0.000000,298.970001,100630.000000,298.876678,0.000000,-45.959591,87.645409,-54.932831,-0.003626,-0.001107,-0.033625,0.000219,0.001668,0.001012,,0.000000,0.000000,0.000000,0.000000,0.000000,0.000000,0.000000,0.000000,0.000000,0.000000,0.000000,0.000000,0.000000,0.000000,0.000000,2.354591,0.000000,0.000000,0.000000,1.000000,0.000000,0.023550
9.634889,1,100630.000000,100640.000000,100633.000000,100634.000000,100634.000000,0.000000,0.000000,0.000000,0.000000,0.000000,298.970001,100630.078125,298.878571,0.000000,-45.963219,87.644165,-54.937366,0.007360,-0.006795,-0.042465,0.001249,0.000327,0.000560,,0.000000,0.000000,0.000000,0.000000,0.000000,0.000000,0.000000,0.000000,0.000000,0.000000,0.000000,0.000000,0.000000,0.000000,0.000000,2.355835,0.000000,0.000000,0.000000,1.000000,0.000000,0.023481
9.658328,1,100640.000000,100633.000000,100634.000000,100636.000000,100636.000000,0.000000,0.000000,0.000000,0.000000,0.000000,298.970001,100630.203125,298.880402,0.000000,-45.952076,87.643829,-54.926548,0.002358,-0.001806,-0.033640,0.000216,0.001068,0.000572,,0.000000,0.000000,0.000000,0.000000,0.000000,0.000000,0.000000,0.000000,0.000000,0.000000,0.000000,0.000000,0.000000,0.000000,0.000000,2.356171,0.000000,0.000000,0.000000,1.000000,0.000000,0.023441
9.681806,1,100633.000000,100634.000000,100636.000000,100636.000000,100636.000000,0.000000,0.000000,0.000000,0.000000,0.000000,298.980011,100630.312500,298.882355,0.000000,-45.977940,87.644989,-54.952633,-0.002879,-0.001095,-0.033597,-0.001803,0.003460,0.001249,,0.000000,0.000000,0.000000,0.000000,0.000000,0.000000,0.000000,0.000000,0.000000,0.000000,0.000000,0.000000,0.000000,0.000000,0.000000,2.355011,0.000000,0.000000,0.000000,1.000000,0.000000,0.023456
9.705303,1,100634.000000,100636.000000,100636.000000,100630.000000,100630.000000,0.000000,0.000000,0.000000,0.000000,0.000000,298.980011,100630.304688,298.884216,0.000000,-46.021065,87.647903,-54.992023,0.008723,0.002287,-0.034754,-0.000908,0.002464,0.000778,,0.000000,0.000000,0.000000,0.000000,0.000000,0.000000,0.000000,0.000000,0.000000,0.000000,0.000000,0.000000,0.000000,0.000000,0.000000,2.352097,0.000000,0.000000,0.000000,1.000000,0.000000,0.023534
9.728802,1,100636.000000,100636.000000,100630.000000,100633.000000,100633.000000,0.000000,0.000000,0.000000,0.000000,0.000000,298.980011,100630.359375,298.886047,0.000000,-46.033070,87.647820,-55.004238,0.001486,-0.007643,-0.038252,-0.000375,0.001526,0.000952,,0.000000,0.000000,0.000000,0.000000,0.000000,0.000000,0.000000,0.000000,0.000000,0.000000,0.000000,0.000000,0.000000,0.000000,0.000000,2.352180,0.000000,0.000000,0.000000,1.000000,0.000000,0.023478
9.752264,1,100636.000000,100630.000000,100633.000000,100633.000000,100633.000000,0.000000,0.000000,0.000000,0.000000,0.000000,298.980011,100630.406250,298.887787,0.000000,-46.030952,87.648987,-55.002121,-0.000093,-0.004286,-0.031857,0.000547,0.001028,0.000985,,0.000000,0.000000,0.000000,0.000000,0.000000,0.000000,0.000000,0.000000,0.000000,0.000000,0.000000,0.000000,0.000000,0.000000,0.000000,2.351013,0.000000,0.000000,0.000000,1.000000,0.000000,0.023461
9.782106,1,100630.000000,100633.000000,100633.000000,100631.000000,100631.000000,0.000000,0.000000,0.000000,0.000000,0.000000,298.970001,100630.421875,298.889282,0.000000,-45.986500,87.647232,-54.961323,-0.006747,0.000877,-0.035681,0.001689,0.000439,0.000537,,0.000000,0.000000,0.000000,0.000000,0.000000,0.000000,0.000000,0.000000,0.000000,0.000000,0.000000,0.000000,0.000000,0.000000,0.000000,2.352768,0.000000,0.000000,0.000000,1.000000,0.000000,0.029848
9.805776,1,100633.000000,100633.000000,100631.000000,100632.000000,100632.000000,0.000000,0.000000,0.000000,0.000000,0.000000,298.970001,100630.445312,298.890717,0.000000,-45.995552,87.646492,-54.970772,0.002095,0.004900,-0.040218,0.000004,0.000956,0.000355,,0.000000,0.000000,0.000000,0.000000,0.000000,0.000000,0.000000,0.000000,0.000000,0.000000,0.000000,0.000000,0.000000,0.000000,0.000000,2.353508,0.000000,0.000000,0.000000,1.000000,0.000000,0.023499
9.829436,1,100633.000000,100631.000000,100632.000000,100633.000000,100633.000000,0.000000,0.000000,0.000000,0.000000,0.000000,298.970001,100630.492188,298.892120,0.000000,-45.993210,87.645737,-54.969471,-0.002096,-0.002773,-0.037376,-0.001301,0.002367,0.000484,,0.000000,0.000000,0.000000,0.000000,0.000000,0.000000,0.000000,0.000000,0.000000,0.000000,0.000000,0.000000,0.000000,0.000000,0.000000,2.354263,0.000000,0.000000,0.000000,1.000000,0.000000,0.023833
9.852920,1,100631.000000,100632.000000,100633.000000,100631.000000,100631.000000,0.000000,0.000000,0.000000,0.000000,0.000000,298.970001,100630.500000,298.893463,0.000000,-46.017311,87.648819,-54.990761,-0.003302,-0.008693,-0.024239,-0.001630,0.002563,0.001107,,0.000000,0.000000,0.000000,0.000000,0.000000,0.000000,0.000000,0.000000,0.000000,0.000000,0.000000,0.000000,0.000000,0.000000,0.000000,2.351181,0.000000,0.000000,0.000000,1.000000,0.000000,0.023479
9.876361,1,100632.000000,100633.000000,100631.000000,100638.000000,100638.000000,0.000000,0.000000,0.000000,0.000000,0.000000,298.980011,100630.625000,298.894928,0.000000,-46.013939,87.648987,-54.988731,-0.004001,0.006635,-0.036214,0.000393,0.000909,0.000728,,0.000000,0.000000,0.000000,0.000000,0.000000,0.000000,0.000000,0.000000,0.000000,0.000000,0.000000,0.000000,0.000000,0.000000,0.000000,2.351013,0.000000,0.000000,0.000000,1.000000,0.000000,0.023443
9.899996,1,100633.000000,100631.000000,100638.000000,100627.000000,100627.000000,0.000000,0.000000,0.000000,0.000000,0.000000,298.980011,100630.570312,298.896332,0.000000,-45.996128,87.646492,-54.973354,-0.003023,0.001988,-0.035656,0.000682,0.001054,0.000840,,0.000000,0.000000,0.000000,0.000000,0.000000,0.000000,0.000000,0.000000,0.000000,0.000000,0.000000,0.000000,0.000000,0.000000,0.000000,2.353508,0.000000,0.000000,0.000000,1.000000,0.000000,0.023474
9.923668,1,100631.000000,100638.000000,100627.000000,100634.000000,100634.000000,0.000000,0.000000,0.000000,0.000000,0.000000,298.980011,100630.625000,298.897705,0.000000,-45.975121,87.646317,-54.952831,0.005956,-0.001216,-0.037623,0.000984,0.000728,0.000535,,0.000000,0.000000,0.000000,0.000000,0.000000,0.000000,0.000000,0.000000,0.000000,0.000000,0.000000,0.000000,0.000000,0.000000,0.000000,2.353683,0.000000,0.000000,0.000000,1.000000,0.000000,0.023836
9.947145,1,100638.000000,100627.000000,100634.000000,100632.000000,100632.000000,0.000000,0.000000,0.000000,0.000000,0.000000,298.980011,100630.648438,298.899048,0.000000,-46.005733,87.646576,-54.982281,-0.004629,-0.005009,-0.029043,-0.000023,0.002140,0.000254,,0.000000,0.000000,0.000000,0.000000,0.000000,0.000000,0.000000,0.000000,0.000000,0.000000,0.000000,0.000000,0.000000,0.000000,0.000000,2.353424,0.000000,0.000000,0.000000,1.000000,0.000000,0.023475
9.970581,1,100627.000000,100634.000000,100632.000000,100633.000000,100633.000000,0.000000,0.000000,0.000000,0.000000,0.000000,298.980011,100630.679688,298.900330,0.000000,-46.037720,87.648315,-55.013729,0.003760,-0.000824,-0.038962,0.000153,0.001332,0.000725,,0.000000,0.000000,0.000000,0.000000,0.000000,0.000000,0.000000,0.000000,0.000000,0.000000,0.000000,0.000000,0.000000,0.000000,0.000000,2.351685,0.000000,0.000000,0.000000,1.000000,0.000000,0.023436
9.994237,1,100634.000000,100632.000000,100633.000000,100635.000000,100635.000000,0.000000,0.000000,0.000000,0.000000,0.000000,298.980011,100630.750000,298.901550,0.000000,-46.009640,87.649063,-54.985672,-0.006689,-0.003285,-0.041294,0.000658,0.000918,0.001025,,0.000000,0.000000,0.000000,0.000000,0.000000,0.000000,0.000000,0.000000,0.000000,0.000000,0.000000,0.000000,0.000000,0.000000,0.000000,2.350937,0.000000,0.000000,0.000000,1.000000,0.000000,0.023487
10.017914,1,100632.000000,100633.000000,100635.000000,100630.000000,100630.000000,0.000000,0.000000,0.000000,0.000000,0.000000,298.980011,100630.742188,298.902771,0.000000,-46.007183,87.647903,-54.985188,0.001264,-0.003630,-0.027220,0.000881,0.000499,-0.000077,,0.000000,0.000000,0.000000,0.000000,0.000000,0.000000,0.000000,0.000000,0.000000,0.000000,0.000000,0.000000,0.000000,0.000000,0.000000,2.352097,0.000000,0.000000,0.000000,1.000000,0.000000,0.023844
10.041404,1,100633.000000,100635.000000,100630.000000,100631.000000,100631.000000,0.000000,0.000000,0.000000,0.000000,0.000000,298.989990,100630.742188,298.904083,0.000000,-45.983997,87.646652,-54.962605,0.007090,-0.003594,-0.035835,0.001246,-0.000967,0.000237,,0.000000,0.000000,0.000000,0.000000,0.000000,0.000000,0.000000,0.000000,0.000000,0.000000,0.000000,0.000000,0.000000,0.000000,0.000000,2.353348,0.000000,0.000000,0.000000,1.000000,0.000000,0.023489
10.064876,1,100635.000000,100630.000000,100631.000000,100631.000000,100631.000000,0.000000,0.000000,0.000000,0.000000,0.000000,298.989990,100630.750000,298.905365,0.000000,-45.989944,87.647232,-54.969009,-0.010592,0.003263,-0.025606,-0.000245,0.001823,0.000492,,0.000000,0.000000,0.000000,0.000000,0.000000,0.000000,0.000000,0.000000,0.000000,0.000000,0.000000,0.000000,0.000000,0.000000,0.000000,2.352768,0.000000,0.000000,0.000000,1.000000,0.000000,0.023464
10.088583,1,100630.000000,100631.000000,100631.000000,100637.000000,100637.000000,0.000000,0.000000,0.000000,0.000000,0.000000,298.989990,100630.835938,298.906616,0.000000,-46.007977,87.647652,-54.985802,0.000099,0.002761,-0.045982,-0.000807,0.001767,0.000251,,0.000000,0.000000,0.000000,0.000000,0.000000,0.000000,0.000000,0.000000,0.000000,0.000000,0.000000,0.000000,0.000000,0.000000,0.000000,2.352348,0.000000,0.000000,0.000000,1.000000,0.000000,0.023531
10.112237,1,100631.000000,100631.000000,100637.000000,100633.000000,100633.000000,0.000000,0.000000,0.000000,0.000000,0.000000,298.989990,100630.867188,298.907837,0.000000,-45.993507,87.648483,-54.971478,0.007863,0.005169,-0.030617,0.001127,0.000529,0.000853,,0.000000,0.000000,0.000000,0.000000,0.000000,0.000000,0.000000,0.000000,0.000000,0.000000,0.000000,0.000000,0.000000,0.000000,0.000000,2.351517,0.000000,0.000000,0.000000,1.000000,0.000000,0.023840
10.135755,1,100631.000000,100637.000000,100633.000000,100632.000000,100632.000000,0.000000,0.000000,0.000000,0.000000,0.000000,298.989990,100630.882812,298.908997,0.000000,-45.982010,87.647232,-54.961193,-0.001693,0.001031,-0.035490,-0.000032,0.000749,0.000641,,0.000000,0.000000,0.000000,0.000000,0.000000,0.000000,0.000000,0.000000,0.000000,0.000000,0.000000,0.000000,0.000000,0.000000,0.000000,2.352768,0.000000,0.000000,0.000000,1.000000,0.000000,0.023515
10.159196,1,100637.000000,100633.000000,100632.000000,100632.000000,100632.000000,0.000000,0.000000,0.000000,0.000000,0.000000,298.989990,100630.898438,298.910156,0.000000,-45.965290,87.645576,-54.946472,-0.000559,0.000806,-0.033569,0.000996,-0.000241,0.000258,,0.000000,0.000000,0.000000,0.000000,0.000000,0.000000,0.000000,0.000000,0.000000,0.000000,0.000000,0.000000,0.000000,0.000000,0.000000,2.354424,0.000000,0.000000,0.000000,1.000000,0.000000,0.023444
10.182807,1,100633.000000,100632.000000,100632.000000,100629.000000,100629.000000,0.000000,0.000000,0.000000,0.000000,0.000000,298.989990,100630.875000,298.911255,0.000000,-45.940250,87.645409,-54.922802,-0.008684,-0.000795,-0.033857,0.000174,0.000481,0.000710,,0.000000,0.000000,0.000000,0.000000,0.000000,0.000000,0.000000,0.000000,0.000000,0.000000,0.000000,0.000000,0.000000,0.000000,0.000000,2.354591,0.000000,0.000000,0.000000,1.000000,0.000000,0.023454
10.206455,1,100632.000000,100632.000000,100629.000000,100633.000000,100633.000000,0.000000,0.000000,0.000000,0.000000,0.000000,298.989990,100630.906250,298.912323,0.000000,-45.985096,87.648071,-54.964806,-0.003795,0.002123,-0.022637,-0.001088,0.001941,0.000266,,0.000000,0.000000,0.000000,0.000000,0.000000,0.000000,0.000000,0.000000,0.000000,0.000000,0.000000,0.000000,0.000000,0.000000,0.000000,2.351929,0.000000,0.000000,0.000000,1.000000,0.000000,0.023812
10.230136,1,100632.000000,100629.000000,100633.000000,100632.000000,100632.000000,0.000000,0.000000,0.000000,0.000000,0.000000,298.989990,100630.921875,298.913391,0.000000,-45.991783,87.649323,-54.970467,0.004134,0.000979,-0.035210,-0.001038,0.002390,0.000793,,0.000000,0.000000,0.000000,0.000000,0.000000,0.000000,0.000000,0.000000,0.000000,0.000000,0.000000,0.000000,0.000000,0.000000,0.000000,2.350677,0.000000,0.000000,0.000000,1.000000,0.000000,0.023665
10.253585,1,100629.000000,100633.000000,100632.000000,100635.000000,100635.000000,0.000000,0.000000,0.000000,0.000000,0.000000,298.989990,100630.976562,298.914398,0.000000,-46.009026,87.649643,-54.987843,-0.003148,-0.008213,-0.025852,0.001901,-0.000018,0.000031,,0.000000,0.000000,0.000000,0.000000,0.000000,0.000000,0.000000,0.000000,0.000000,0.000000,0.000000,0.000000,0.000000,0.000000,0.000000,2.350357,0.000000,0.000000,0.000000,1.000000,0.000000,0.023454
10.277284,1,100633.000000,100632.000000,100635.000000,100629.000000,100629.000000,0.000000,0.000000,0.000000,0.000000,0.000000,298.989990,100630.945312,298.915405,0.000000,-45.976025,87.647568,-54.957882,-0.007712,0.002885,-0.040157,0.001521,0.000353,0.000237,,0.000000,0.000000,0.000000,0.000000,0.000000,0.000000,0.000000,0.000000,0.000000,0.000000,0.000000,0.000000,0.000000,0.000000,0.000000,2.352432,0.000000,0.000000,0.000000,1.000000,0.000000,0.023529
10.300946,1,100632.000000,100635.000000,100629.000000,100630.000000,100630.000000,0.000000,0.000000,0.000000,0.000000,0.000000,298.989990,100630.937500,298.916351,0.000000,-45.944798,87.646736,-54.928085,-0.001850,-0.011117,-0.034292,0.000880,0.000505,0.000659,,0.000000,0.000000,0.000000,0.000000,0.000000,0.000000,0.000000,0.000000,0.000000,0.000000,0.000000,0.000000,0.000000,0.000000,0.000000,2.353264,0.000000,0.000000,0.000000,1.000000,0.000000,0.023833
10.324422,1,100635.000000,100629.000000,100630.000000,100635.000000,100635.000000,0.000000,0.000000,0.000000,0.000000,0.000000,298.989990,100630.984375,298.917297,0.000000,-45.927090,87.645576,-54.911503,0.002874,-0.009290,-0.032883,0.001762,-0.000734,0.000271,,0.000000,0.000000,0.000000,0.000000,0.000000,0.000000,0.000000,0.000000,0.000000,0.000000,0.000000,0.000000,0.000000,0.000000,0.000000,2.354424,0.000000,0.000000,0.000000,1.000000,0.000000,0.023478
10.347895,1,100629.000000,100630.000000,100635.000000,100634.000000,100634.000000,0.000000,0.000000,0.000000,0.000000,0.000000,298.989990,100631.023438,298.918213,0.000000,-45.940079,87.646400,-54.924400,0.003598,0.000597,-0.031961,-0.000245,0.002004,0.000567,,0.000000,0.000000,0.000000,0.000000,0.000000,0.000000,0.000000,0.000000,0.000000,0.000000,0.000000,0.000000,0.000000,0.000000,0.000000,2.353600,0.000000,0.000000,0.000000,1.000000,0.000000,0.023473
10.371527,1,100630.000000,100635.000000,100634.000000,100635.000000,100635.000000,0.000000,0.000000,0.000000,0.000000,0.000000,298.989990,100631.078125,298.919128,0.000000,-45.951294,87.648483,-54.935150,0.001423,-0.004233,-0.042004,0.000121,0.001868,0.001408,,0.000000,0.000000,0.000000,0.000000,0.000000,0.000000,0.000000,0.000000,0.000000,0.000000,0.000000,0.000000,0.000000,0.000000,0.000000,2.351517,0.000000,0.000000,0.000000,1.000000,0.000000,0.023480
10.395199,1,100635.000000,100634.000000,100635.000000,100632.000000,100632.000000,0.000000,0.000000,0.000000,0.000000,0.000000,298.989990,100631.085938,298.920013,0.000000,-45.939655,87.647491,-54.925709,-0.001367,-0.008349,-0.028917,0.000517,0.001364,0.000853,,0.000000,0.000000,0.000000,0.000000,0.000000,0.000000,0.000000,0.000000,0.000000,0.000000,0.000000,0.000000,0.000000,0.000000,0.000000,2.352509,0.000000,0.000000,0.000000,1.000000,0.000000,0.023832
10.418655,1,100634.000000,100635.000000,100632.000000,100632.000000,100632.000000,0.000000,0.000000,0.000000,0.000000,0.000000,298.989990,100631.093750,298.920868,0.000000,-45.920788,87.646988,-54.907619,0.011110,-0.006402,-0.033449,0.001268,0.000185,0.000367,,0.000000,0.000000,0.000000,0.000000,0.000000,0.000000,0.000000,0.000000,0.000000,0.000000,0.000000,0.000000,0.000000,0.000000,0.000000,2.353012,0.000000,0.000000,0.000000,1.000000,0.000000,0.023447
10.442123,1,100635.000000,100632.000000,100632.000000,100632.000000,100632.000000,0.000000,0.000000,0.000000,0.000000,0.000000,298.989990,100631.109375,298.921692,0.000000,-45.907242,87.646317,-54.895733,0.003087,-0.006721,-0.038756,0.000344,0.001254,0.000458,,0.000000,0.000000,0.000000,0.000000,0.000000,0.000000,0.000000,0.000000,0.000000,0.000000,0.000000,0.000000,0.000000,0.000000,0.000000,2.353683,0.000000,0.000000,0.000000,1.000000,0.000000,0.023463
10.470540,1,100632.000000,100632.000000,100632.000000,100631.000000,100631.000000,0.000000,0.000000,0.000000,0.000000,0.000000,298.989990,100631.109375,298.922485,0.000000,-45.950783,87.647072,-54.938370,0.001699,0.001586,-0.034285,-0.000464,0.002114,0.000490,,0.000000,0.000000,0.000000,0.000000,0.000000,0.000000,0.000000,0.000000,0.000000,0.000000,0.000000,0.000000,0.000000,0.000000,0.000000,2.352928,0.000000,0.000000,0.000000,1.000000,0.000000,0.028422
10.494018,1,100632.000000,100632.000000,100631.000000,100632.000000,100632.000000,0.000000,0.000000,0.000000,0.000000,0.000000,298.989990,100631.117188,298.923279,0.000000,-45.963676,87.648148,-54.951370,-0.000936,0.001657,-0.033787,-0.000826,0.002492,0.000137,,0.000000,0.000000,0.000000,0.000000,0.000000,0.000000,0.000000,0.000000,0.000000,0.000000,0.000000,0.000000,0.000000,0.000000,0.000000,2.351852,0.000000,0.000000,0.000000,1.000000,0.000000,0.023449
10.517570,1,100632.000000,100631.000000,100632.000000,100637.000000,100637.000000,0.000000,0.000000,0.000000,0.000000,0.000000,298.989990,100631.187500,298.924072,0.000000,-45.961014,87.647652,-54.948074,0.001879,-0.010905,-0.034611,0.001014,0.000784,0.000975,,0.000000,0.000000,0.000000,0.000000,0.000000,0.000000,0.000000,0.000000,0.000000,0.000000,0.000000,0.000000,0.000000,0.000000,0.000000,2.352348,0.000000,0.000000,0.000000,1.000000,0.000000,0.023578
10.541065,1,100631.000000,100632.000000,100637.000000,100632.000000,100632.000000,0.000000,0.000000,0.000000,0.000000,0.000000,298.989990,100631.195312,298.924835,0.000000,-45.942745,87.647316,-54.930565,-0.000616,-0.007106,-0.033794,-0.000926,0.001912,0.001234,,0.000000,0.000000,0.000000,0.000000,0.000000,0.000000,0.000000,0.000000,0.000000,0.000000,0.000000,0.000000,0.000000,0.000000,0.000000,2.352684,0.000000,0.000000,0.000000,1.000000,0.000000,0.023492
10.564533,1,100632.000000,100637.000000,100632.000000,100630.000000,100630.000000,0.000000,0.000000,0.000000,0.000000,0.000000,298.989990,100631.179688,298.925568,0.000000,-45.934669,87.647491,-54.924362,-0.001432,0.001044,-0.030347,0.000983,0.000933,0.001132,,0.000000,0.000000,0.000000,0.000000,0.000000,0.000000,0.000000,0.000000,0.000000,0.000000,0.000000,0.000000,0.000000,0.000000,0.000000,2.352509,0.000000,0.000000,0.000000,1.000000,0.000000,0.023468
10.589011,1,100637.000000,100632.000000,100630.000000,100633.000000,100633.000000,0.000000,0.000000,0.000000,0.000000,0.000000,298.989990,100631.203125,298.926300,0.000000,-45.953609,87.648407,-54.942677,-0.007434,0.001941,-0.032764,-0.000328,0.002451,0.000275,,0.000000,0.000000,0.000000,0.000000,0.000000,0.000000,0.000000,0.000000,0.000000,0.000000,0.000000,0.000000,0.000000,0.000000,0.000000,2.351593,0.000000,0.000000,0.000000,1.000000,0.000000,0.024463
10.612686,1,100632.000000,100630.000000,100633.000000,100632.000000,100632.000000,0.000000,0.000000,0.000000,0.000000,0.000000,299.000000,100631.210938,298.927124,0.000000,-45.955261,87.649483,-54.943367,-0.001899,-0.000395,-0.035307,-0.000894,0.001866,0.000882,,0.000000,0.000000,0.000000,0.000000,0.000000,0.000000,0.000000,0.000000,0.000000,0.000000,0.000000,0.000000,0.000000,0.000000,0.000000,2.350517,0.000000,0.000000,0.000000,1.000000,0.000000,0.023611
10.637614,1,100630.000000,100633.000000,100632.000000,100634.000000,100634.000000,0.000000,0.000000,0.000000,0.000000,0.000000,298.989990,100631.242188,298.927795,0.000000,-45.931164,87.648148,-54.921158,0.002883,0.001813,-0.042143,0.000615,0.001377,0.000581,,0.000000,0.000000,0.000000,0.000000,0.000000,0.000000,0.000000,0.000000,0.000000,0.000000,0.000000,0.000000,0.000000,0.000000,0.000000,2.351852,0.000000,0.000000,0.000000,1.000000,0.000000,0.025013
10.661088,1,100633.000000,100632.000000,100634.000000,100630.000000,100630.000000,0.000000,0.000000,0.000000,0.000000,0.000000,299.000000,100631.226562,298.928589,0.000000,-45.928711,87.648651,-54.920586,0.006265,-0.003640,-0.039787,0.002095,0.001188,0.000441,,0.000000,0.000000,0.000000,0.000000,0.000000,0.000000,0.000000,0.000000,0.000000,0.000000,0.000000,0.000000,0.000000,0.000000,0.000000,2.351349,0.000000,0.000000,0.000000,1.000000,0.000000,0.023464
10.684745,1,100632.000000,100634.000000,100630.000000,100635.000000,100635.000000,0.000000,0.000000,0.000000,0.000000,0.000000,299.000000,100631.265625,298.929352,0.000000,-45.934826,87.646492,-54.928497,-0.012531,-0.003303,-0.051032,0.000731,0.000574,0.000071,,0.000000,0.000000,0.000000,0.000000,0.000000,0.000000,0.000000,0.000000,0.000000,0.000000,0.000000,0.000000,0.000000,0.000000,0.000000,2.353508,0.000000,0.000000,0.000000,1.000000,0.000000,0.023501
10.708397,1,100634.000000,100630.000000,100635.000000,100630.000000,100630.000000,0.000000,0.000000,0.000000,0.000000,0.000000,299.000000,100631.257812,298.930115,0.000000,-45.924118,87.647232,-54.917149,-0.003256,0.000760,-0.031865,-0.000054,0.001494,0.001002,,0.000000,0.000000,0.000000,0.000000,0.000000,0.000000,0.000000,0.000000,0.000000,0.000000,0.000000,0.000000,0.000000,0.000000,0.000000,2.352768,0.000000,0.000000,0.000000,1.000000,0.000000,0.023824
10.732991,1,100630.000000,100635.000000,100630.000000,100635.000000,100635.000000,0.000000,0.000000,0.000000,0.000000,0.000000,298.989990,100631.296875,298.930725,0.000000,-45.941883,87.648071,-54.934448,0.004562,-0.012102,-0.031430,-0.000898,0.002469,0.001005,,0.000000,0.000000,0.000000,0.000000,0.000000,0.000000,0.000000,0.000000,0.000000,0.000000,0.000000,0.000000,0.000000,0.000000,0.000000,2.351929,0.000000,0.000000,0.000000,1.000000,0.000000,0.024583
10.756489,1,100635.000000,100630.000000,100635.000000,100630.000000,100630.000000,0.000000,0.000000,0.000000,0.000000,0.000000,299.000000,100631.281250,298.931458,0.000000,-45.971779,87.650063,-54.962231,0.002126,0.009811,-0.029670,-0.000622,0.002428,0.000742,,0.000000,0.000000,0.000000,0.000000,0.000000,0.000000,0.000000,0.000000,0.000000,0.000000,0.000000,0.000000,0.000000,0.000000,0.000000,2.349937,0.000000,0.000000,0.000000,1.000000,0.000000,0.023497
10.779979,1,100630.000000,100635.000000,100630.000000,100634.000000,100634.000000,0.000000,0.000000,0.000000,0.000000,0.000000,299.000000,100631.312500,298.932159,0.000000,-45.944263,87.648567,-54.936321,-0.005035,0.009879,-0.042896,0.001308,0.000753,0.000559,,0.000000,0.000000,0.000000,0.000000,0.000000,0.000000,0.000000,0.000000,0.000000,0.000000,0.000000,0.000000,0.000000,0.000000,0.000000,2.351433,0.000000,0.000000,0.000000,1.000000,0.000000,0.023470
10.803486,1,100635.000000,100630.000000,100634.000000,100632.000000,100632.000000,0.000000,0.000000,0.000000,0.000000,0.000000,299.000000,100631.312500,298.932861,0.000000,-45.923599,87.647316,-54.917561,-0.004719,-0.006609,-0.040101,0.001577,0.000034,0.000110,,0.000000,0.000000,0.000000,0.000000,0.000000,0.000000,0.000000,0.000000,0.000000,0.000000,0.000000,0.000000,0.000000,0.000000,0.000000,2.352684,0.000000,0.000000,0.000000,1.000000,0.000000,0.023544
10.826963,1,100630.000000,100634.000000,100632.000000,100635.000000,100635.000000,0.000000,0.000000,0.000000,0.000000,0.000000,299.000000,100631.351562,298.933533,0.000000,-45.919518,87.647232,-54.915096,0.002155,-0.000413,-0.050617,-0.000180,0.002694,0.001253,,0.000000,0.000000,0.000000,0.000000,0.000000,0.000000,0.000000,0.000000,0.000000,0.000000,0.000000,0.000000,0.000000,0.000000,0.000000,2.352768,0.000000,0.000000,0.000000,1.000000,0.000000,0.023463
10.850426,1,100634.000000,100632.000000,100635.000000,100634.000000,100634.000000,0.000000,0.000000,0.000000,0.000000,0.000000,299.000000,100631.382812,298.934204,0.000000,-45.907902,87.646736,-54.903889,-0.005959,0.000620,-0.029575,0.000282,0.001408,0.000317,,0.000000,0.000000,0.000000,0.000000,0.000000,0.000000,0.000000,0.000000,0.000000,0.000000,0.000000,0.000000,0.000000,0.000000,0.000000,2.353264,0.000000,0.000000,0.000000,1.000000,0.000000,0.023462
10.873997,1,100632.000000,100635.000000,100634.000000,100631.000000,100631.000000,0.000000,0.000000,0.000000,0.000000,0.000000,299.000000,100631.375000,298.934845,0.000000,-45.972454,87.648567,-54.966850,0.002062,-0.000655,-0.038609,-0.000080,0.002409,0.000781,,0.000000,0.000000,0.000000,0.000000,0.000000,0.000000,0.000000,0.000000,0.000000,0.000000,0.000000,0.000000,0.000000,0.000000,0.000000,2.351433,0.000000,0.000000,0.000000,1.000000,0.000000,0.023531
10.897440,1,100635.000000,100634.000000,100631.000000,100635.000000,100635.000000,0.000000,0.000000,0.000000,0.000000,0.000000,299.000000,100631.414062,298.935486,0.000000,-45.953117,87.648735,-54.947956,0.012079,0.002140,-0.032081,0.000433,0.000969,0.000705,,0.000000,0.000000,0.000000,0.000000,0.000000,0.000000,0.000000,0.000000,0.000000,0.000000,0.000000,0.000000,0.000000,0.000000,0.000000,2.351265,0.000000,0.000000,0.000000,1.000000,0.000000,0.023489
10.921094,1,100634.000000,100631.000000,100635.000000,100632.000000,100632.000000,0.000000,0.000000,0.000000,0.000000,0.000000,299.000000,100631.414062,298.936127,0.000000,-45.942905,87.648148,-54.938267,-0.012743,0.004166,-0.042827,0.000515,0.000534,-0.000089,,0.000000,0.000000,0.000000,0.000000,0.000000,0.000000,0.000000,0.000000,0.000000,0.000000,0.000000,0.000000,0.000000,0.000000,0.000000,2.351852,0.000000,0.000000,0.000000,1.000000,0.000000,0.023645
10.944573,1,100631.000000,100635.000000,100632.000000,100633.000000,100633.000000,0.000000,0.000000,0.000000,0.000000,0.000000,299.000000,100631.429688,298.936737,0.000000,-45.915573,87.645485,-54.913456,-0.011940,-0.004228,-0.032358,0.000348,0.000196,0.000363,,0.000000,0.000000,0.000000,0.000000,0.000000,0.000000,0.000000,0.000000,0.000000,0.000000,0.000000,0.000000,0.000000,0.000000,0.000000,2.354515,0.000000,0.000000,0.000000,1.000000,0.000000,0.023480
10.968058,1,100635.000000,100632.000000,100633.000000,100634.000000,100634.000000,0.000000,0.000000,0.000000,0.000000,0.000000,299.000000,100631.460938,298.937347,0.000000,-45.918285,87.644989,-54.916183,0.001607,-0.001215,-0.029770,0.000071,0.000934,0.000429,,0.000000,0.000000,0.000000,0.000000,0.000000,0.000000,0.000000,0.000000,0.000000,0.000000,0.000000,0.000000,0.000000,0.000000,0.000000,2.355011,0.000000,0.000000,0.000000,1.000000,0.000000,0.023453
10.991718,1,100632.000000,100633.000000,100634.000000,100631.000000,100631.000000,0.000000,0.000000,0.000000,0.000000,0.000000,299.000000,100631.453125,298.937927,0.000000,-45.931126,87.644409,-54.928741,0.013050,0.005746,-0.030009,-0.000547,0.001014,0.000202,,0.000000,0.000000,0.000000,0.000000,0.000000,0.000000,0.000000,0.000000,0.000000,0.000000,0.000000,0.000000,0.000000,0.000000,0.000000,2.355591,0.000000,0.000000,0.000000,1.000000,0.000000,0.023664
11.015368,1,100633.000000,100634.000000,100631.000000,100631.000000,100631.000000,0.000000,0.000000,0.000000,0.000000,0.000000,299.000000,100631.445312,298.938507,0.000000,-45.961273,87.646072,-54.958252,0.016324,-0.001253,-0.025350,0.000049,0.002086,0.000661,,0.000000,0.000000,0.000000,0.000000,0.000000,0.000000,0.000000,0.000000,0.000000,0.000000,0.000000,0.000000,0.000000,0.000000,0.000000,2.353928,0.000000,0.000000,0.000000,1.000000,0.000000,0.023618
11.039091,1,100634.000000,100631.000000,100631.000000,100634.000000,100634.000000,0.000000,0.000000,0.000000,0.000000,0.000000,299.010010,100631.468750,298.939178,0.000000,-45.956108,87.646156,-54.954872,-0.009391,-0.016471,-0.036158,0.001264,0.000693,0.000986,,0.000000,0.000000,0.000000,0.000000,0.000000,0.000000,0.000000,0.000000,0.000000,0.000000,0.000000,0.000000,0.000000,0.000000,0.000000,2.353844,0.000000,0.000000,0.000000,1.000000,0.000000,0.023769
11.062767,1,100631.000000,100631.000000,100634.000000,100632.000000,100632.000000,0.000000,0.000000,0.000000,0.000000,0.000000,299.000000,100631.476562,298.939728,0.000000,-45.942226,87.645081,-54.941978,-0.016318,-0.028201,-0.033476,0.001318,0.000055,0.000670,,0.000000,0.000000,0.000000,0.000000,0.000000,0.000000,0.000000,0.000000,0.000000,0.000000,0.000000,0.000000,0.000000,0.000000,0.000000,2.354919,0.000000,0.000000,0.000000,1.000000,0.000000,0.023662
11.086325,1,100631.000000,100634.000000,100632.000000,100630.000000,100630.000000,0.000000,0.000000,0.000000,0.000000,0.000000,299.000000,100631.460938,298.940277,0.000000,-45.934292,87.645737,-54.936874,0.005422,0.001732,-0.027163,0.000633,0.002434,0.001218,,0.000000,0.000000,0.000000,0.000000,0.000000,0.000000,0.000000,0.000000,0.000000,0.000000,0.000000,0.000000,0.000000,0.000000,0.000000,2.354263,0.000000,0.000000,0.000000,1.000000,0.000000,0.023551
11.109854,1,100634.000000,100632.000000,100630.000000,100640.000000,100640.000000,0.000000,0.000000,0.000000,0.000000,0.000000,299.000000,100631.539062,298.940796,0.000000,-45.958923,87.649734,-54.960312,0.017386,0.018606,-0.041893,-0.001395,0.003771,0.001612,,0.000000,0.000000,0.000000,0.000000,0.000000,0.000000,0.000000,0.000000,0.000000,0.000000,0.000000,0.000000,0.000000,0.000000,0.000000,2.350266,0.000000,0.000000,0.000000,1.000000,0.000000,0.023557
11.133403,1,100632.000000,100630.000000,100640.000000,100632.000000,100632.000000,0.000000,0.000000,0.000000,0.000000,0.000000,299.010010,100631.546875,298.941437,0.000000,-45.934010,87.649323,-54.935944,-0.008508,0.044484,-0.037361,0.001108,-0.000068,0.000403,,0.000000,0.000000,0.000000,0.000000,0.000000,0.000000,0.000000,0.000000,0.000000,0.000000,0.000000,0.000000,0.000000,0.000000,0.000000,2.350677,0.000000,0.000000,0.000000,1.000000,0.000000,0.023518
11.160748,1,100630.000000,100640.000000,100632.000000,100628.000000,100628.000000,0.000000,0.000000,0.000000,0.000000,0.000000,299.000000,100631.515625,298.941956,0.000000,-45.930756,87.648651,-54.933517,-0.004159,-0.007501,-0.039654,0.000626,0.000370,0.000114,,0.000000,0.000000,0.000000,0.000000,0.000000,0.000000,0.000000,0.000000,0.000000,0.000000,0.000000,0.000000,0.000000,0.000000,0.000000,2.351349,0.000000,0.000000,0.000000,1.000000,0.000000,0.027375
11.184409,1,100640.000000,100632.000000,100628.000000,100632.000000,100632.000000,0.000000,0.000000,0.000000,0.000000,0.000000,299.000000,100631.515625,298.942444,0.000000,-45.917435,87.645660,-54.921379,-0.017570,-0.045014,-0.033024,0.001512,0.000121,-0.000066,,0.000000,0.000000,0.000000,0.000000,0.000000,0.000000,0.000000,0.000000,0.000000,0.000000,0.000000,0.000000,0.000000,0.000000,0.000000,2.354340,0.000000,0.000000,0.000000,1.000000,0.000000,0.023491
11.208126,1,100632.000000,100628.000000,100632.000000,100632.000000,100632.000000,0.000000,0.000000,0.000000,0.000000,0.000000,299.000000,100631.523438,298.942963,0.000000,-45.925312,87.645988,-54.930378,-0.020527,-0.004622,-0.037504,0.000139,0.001036,0.000435,,0.000000,0.000000,0.000000,0.000000,0.000000,0.000000,0.000000,0.000000,0.000000,0.000000,0.000000,0.000000,0.000000,0.000000,0.000000,2.354012,0.000000,0.000000,0.000000,1.000000,0.000000,0.023895
11.231613,1,100628.000000,100632.000000,100632.000000,100636.000000,100636.000000,0.000000,0.000000,0.000000,0.000000,0.000000,299.000000,100631.562500,298.943451,0.000000,-45.916187,87.645325,-54.922276,0.000003,0.026308,-0.033838,-0.000202,0.001181,0.000552,,0.000000,0.000000,0.000000,0.000000,0.000000,0.000000,0.000000,0.000000,0.000000,0.000000,0.000000,0.000000,0.000000,0.000000,0.000000,2.354675,0.000000,0.000000,0.000000,1.000000,0.000000,0.023490
11.255065,1,100632.000000,100632.000000,100636.000000,100634.000000,100634.000000,0.000000,0.000000,0.000000,0.000000,0.000000,299.000000,100631.578125,298.943939,0.000000,-45.948837,87.646492,-54.952141,0.015693,0.019301,-0.033842,-0.001178,0.002149,0.000462,,0.000000,0.000000,0.000000,0.000000,0.000000,0.000000,0.000000,0.000000,0.000000,0.000000,0.000000,0.000000,0.000000,0.000000,0.000000,2.353508,0.000000,0.000000,0.000000,1.000000,0.000000,0.023446
11.278698,1,100632.000000,100636.000000,100634.000000,100631.000000,100631.000000,0.000000,0.000000,0.000000,0.000000,0.000000,299.000000,100631.578125,298.944397,0.000000,-45.969025,87.647736,-54.972202,0.021563,-0.021407,-0.029914,0.000783,0.000873,0.000980,,0.000000,0.000000,0.000000,0.000000,0.000000,0.000000,0.000000,0.000000,0.000000,0.000000,0.000000,0.000000,0.000000,0.000000,0.000000,2.352264,0.000000,0.000000,0.000000,1.000000,0.000000,0.023480
11.302378,1,100636.000000,100634.000000,100631.000000,100632.000000,100632.000000,0.000000,0.000000,0.000000,0.000000,0.000000,299.010010,100631.578125,298.944946,0.000000,-45.960533,87.646736,-54.966408,-0.013134,-0.019337,-0.039508,0.001514,0.001073,0.000224,,0.000000,0.000000,0.000000,0.000000,0.000000,0.000000,0.000000,0.000000,0.000000,0.000000,0.000000,0.000000,0.000000,0.000000,0.000000,2.353264,0.000000,0.000000,0.000000,1.000000,0.000000,0.023833
11.325863,1,100634.000000,100631.000000,100632.000000,100632.000000,100632.000000,0.000000,0.000000,0.000000,0.000000,0.000000,299.000000,100631.585938,298.945404,0.000000,-45.941101,87.645081,-54.949581,-0.031334,0.002266,-0.047041,0.001037,0.000122,-0.000055,,0.000000,0.000000,0.000000,0.000000,0.000000,0.000000,0.000000,0.000000,0.000000,0.000000,0.000000,0.000000,0.000000,0.000000,0.000000,2.354919,0.000000,0.000000,0.000000,1.000000,0.000000,0.023487
11.349318,1,100631.000000,100632.000000,100632.000000,100632.000000,100632.000000,0.000000,0.000000,0.000000,0.000000,0.000000,299.010010,100631.585938,298.945953,0.000000,-45.932789,87.645241,-54.939827,0.012404,0.005396,-0.044315,-0.000350,0.001334,0.000880,,0.000000,0.000000,0.000000,0.000000,0.000000,0.000000,0.000000,0.000000,0.000000,0.000000,0.000000,0.000000,0.000000,0.000000,0.000000,2.354759,0.000000,0.000000,0.000000,1.000000,0.000000,0.023459
11.373024,1,100632.000000,100632.000000,100632.000000,100636.000000,100636.000000,0.000000,0.000000,0.000000,0.000000,0.000000,299.010010,100631.625000,298.946472,0.000000,-45.961803,87.646820,-54.968872,0.034207,0.001423,-0.028860,-0.000554,0.002333,0.000884,,0.000000,0.000000,0.000000,0.000000,0.000000,0.000000,0.000000,0.000000,0.000000,0.000000,0.000000,0.000000,0.000000,0.000000,0.000000,2.353180,0.000000,0.000000,0.000000,1.000000,0.000000,0.023513
11.396698,1,100632.000000,100632.000000,100636.000000,100637.000000,100637.000000,0.000000,0.000000,0.000000,0.000000,0.000000,299.010010,100631.664062,298.946991,0.000000,-45.995205,87.647820,-55.001194,-0.005767,0.013635,-0.041780,-0.000660,0.002155,0.000565,,0.000000,0.000000,0.000000,0.000000,0.000000,0.000000,0.000000,0.000000,0.000000,0.000000,0.000000,0.000000,0.000000,0.000000,0.000000,2.352180,0.000000,0.000000,0.000000,1.000000,0.000000,0.023869
11.420295,1,100632.000000,100636.000000,100637.000000,100631.000000,100631.000000,0.000000,0.000000,0.000000,0.000000,0.000000,299.010010,100631.664062,298.947510,0.000000,-45.975182,87.646240,-54.981499,-0.030386,-0.001380,-0.042377,0.000470,-0.000042,-0.000184,,0.000000,0.000000,0.000000,0.000000,0.000000,0.000000,0.000000,0.000000,0.000000,0.000000,0.000000,0.000000,0.000000,0.000000,0.000000,2.353760,0.000000,0.000000,0.000000,1.000000,0.000000,0.023521
11.443863,1,100636.000000,100637.000000,100631.000000,100633.000000,100633.000000,0.000000,0.000000,0.000000,0.000000,0.000000,299.010010,100631.671875,298.947998,0.000000,-45.921902,87.641914,-54.931030,-0.013756,-0.029367,-0.016764,0.001016,-0.000513,-0.000594,,0.000000,0.000000,0.000000,0.000000,0.000000,0.000000,0.000000,0.000000,0.000000,0.000000,0.000000,0.000000,0.000000,0.000000,0.000000,2.358086,0.000000,0.000000,0.000000,1.000000,0.000000,0.023640
11.467508,1,100637.000000,100631.000000,100633.000000,100636.000000,100636.000000,0.000000,0.000000,0.000000,0.000000,0.000000,299.010010,100631.703125,298.948486,0.000000,-45.929039,87.641670,-54.938095,0.009004,-0.034091,-0.023083,0.000197,0.000664,0.001002,,0.000000,0.000000,0.000000,0.000000,0.000000,0.000000,0.000000,0.000000,0.000000,0.000000,0.000000,0.000000,0.000000,0.000000,0.000000,2.358330,0.000000,0.000000,0.000000,1.000000,0.000000,0.023481
11.491051,1,100631.000000,100633.000000,100636.000000,100628.000000,100628.000000,0.000000,0.000000,0.000000,0.000000,0.000000,299.010010,100631.679688,298.948975,0.000000,-45.926472,87.643082,-54.937809,0.034498,0.007269,-0.040009,0.000661,0.003744,0.001681,,0.000000,0.000000,0.000000,0.000000,0.000000,0.000000,0.000000,0.000000,0.000000,0.000000,0.000000,0.000000,0.000000,0.000000,0.000000,2.356918,0.000000,0.000000,0.000000,1.000000,0.000000,0.023706
11.514559,1,100633.000000,100636.000000,100628.000000,100634.000000,100634.000000,0.000000,0.000000,0.000000,0.000000,0.000000,299.010010,100631.695312,298.949463,0.000000,-46.005318,87.647987,-55.014133,-0.025892,0.034167,-0.059443,-0.001310,0.002364,0.001405,,0.000000,0.000000,0.000000,0.000000,0.000000,0.000000,0.000000,0.000000,0.000000,0.000000,0.000000,0.000000,0.000000,0.000000,0.000000,2.352013,0.000000,0.000000,0.000000,1.000000,0.000000,0.023506
11.538074,1,100636.000000,100628.000000,100634.000000,100632.000000,100632.000000,0.000000,0.000000,0.000000,0.000000,0.000000,299.010010,100631.695312,298.949921,0.000000,-45.977673,87.645325,-54.985535,-0.024967,0.008968,-0.033593,-0.000565,0.000042,0.000546,,0.000000,0.000000,0.000000,0.000000,0.000000,0.000000,0.000000,0.000000,0.000000,0.000000,0.000000,0.000000,0.000000,0.000000,0.000000,2.354675,0.000000,0.000000,0.000000,1.000000,0.000000,0.023515
11.561621,1,100628.000000,100634.000000,100632.000000,100637.000000,100637.000000,0.000000,0.000000,0.000000,0.000000,0.000000,299.010010,100631.742188,298.950378,0.000000,-45.962517,87.644905,-54.970932,0.005214,-0.039883,-0.031910,-0.001254,0.001751,0.000648,,0.000000,0.000000,0.000000,0.000000,0.000000,0.000000,0.000000,0.000000,0.000000,0.000000,0.000000,0.000000,0.000000,0.000000,0.000000,2.355095,0.000000,0.000000,0.000000,1.000000,0.000000,0.023519
11.585143,1,100634.000000,100632.000000,100637.000000,100630.000000,100630.000000,0.000000,0.000000,0.000000,0.000000,0.000000,299.010010,100631.726562,298.950836,0.000000,-45.960419,87.644081,-54.971378,0.006095,-0.005257,-0.025955,0.000457,0.001479,0.000660,,0.000000,0.000000,0.000000,0.000000,0.000000,0.000000,0.000000,0.000000,0.000000,0.000000,0.000000,0.000000,0.000000,0.000000,0.000000,2.355919,0.000000,0.000000,0.000000,1.000000,0.000000,0.023568
11.608666,1,100632.000000,100637.000000,100630.000000,100636.000000,100636.000000,0.000000,0.000000,0.000000,0.000000,0.000000,299.010010,100631.757812,298.951294,0.000000,-45.954784,87.645157,-54.965626,0.013205,0.035048,-0.039062,0.000176,0.001480,0.001303,,0.000000,0.000000,0.000000,0.000000,0.000000,0.000000,0.000000,0.000000,0.000000,0.000000,0.000000,0.000000,0.000000,0.000000,0.000000,2.354843,0.000000,0.000000,0.000000,1.000000,0.000000,0.023502
11.632227,1,100637.000000,100630.000000,100636.000000,100634.000000,100634.000000,0.000000,0.000000,0.000000,0.000000,0.000000,299.010010,100631.773438,298.951721,0.000000,-45.976368,87.645737,-54.985279,0.011772,0.033839,-0.046742,-0.000907,0.001525,-0.000021,,0.000000,0.000000,0.000000,0.000000,0.000000,0.000000,0.000000,0.000000,0.000000,0.000000,0.000000,0.000000,0.000000,0.000000,0.000000,2.354263,0.000000,0.000000,0.000000,1.000000,0.000000,0.023492
11.655924,1,100630.000000,100636.000000,100634.000000,100636.000000,100636.000000,0.000000,0.000000,0.000000,0.000000,0.000000,299.010010,100631.804688,298.952179,0.000000,-45.978054,87.645576,-54.985836,0.006763,-0.018959,-0.036549,-0.000627,0.001666,0.000340,,0.000000,0.000000,0.000000,0.000000,0.000000,0.000000,0.000000,0.000000,0.000000,0.000000,0.000000,0.000000,0.000000,0.000000,0.000000,2.354424,0.000000,0.000000,0.000000,1.000000,0.000000,0.023743
11.679407,1,100636.000000,100634.000000,100636.000000,100633.000000,100633.000000,0.000000,0.000000,0.000000,0.000000,0.000000,299.010010,100631.812500,298.952606,0.000000,-45.975365,87.644821,-54.985287,0.005288,-0.033242,-0.022853,0.000573,0.001328,0.000657,,0.000000,0.000000,0.000000,0.000000,0.000000,0.000000,0.000000,0.000000,0.000000,0.000000,0.000000,0.000000,0.000000,0.000000,0.000000,2.355179,0.000000,0.000000,0.000000,1.000000,0.000000,0.023487
11.703292,1,100634.000000,100636.000000,100633.000000,100633.000000,100633.000000,0.000000,0.000000,0.000000,0.000000,0.000000,299.010010,100631.820312,298.953003,0.000000,-45.965775,87.644577,-54.977760,-0.015074,0.001170,-0.035879,0.001508,0.001053,0.000317,,0.000000,0.000000,0.000000,0.000000,0.000000,0.000000,0.000000,0.000000,0.000000,0.000000,0.000000,0.000000,0.000000,0.000000,0.000000,2.355423,0.000000,0.000000,0.000000,1.000000,0.000000,0.023834
11.726965,1,100636.000000,100633.000000,100633.000000,100628.000000,100628.000000,0.000000,0.000000,0.000000,0.000000,0.000000,299.010010,100631.796875,298.953430,0.000000,-45.970810,87.643745,-54.984749,-0.011496,0.023106,-0.048460,0.000309,0.000915,0.000754,,0.000000,0.000000,0.000000,0.000000,0.000000,0.000000,0.000000,0.000000,0.000000,0.000000,0.000000,0.000000,0.000000,0.000000,0.000000,2.356255,0.000000,0.000000,0.000000,1.000000,0.000000,0.023669
11.754253,1,100633.000000,100633.000000,100628.000000,100636.000000,100636.000000,0.000000,0.000000,0.000000,0.000000,0.000000,299.010010,100631.828125,298.953827,0.000000,-45.972958,87.643990,-54.984818,0.003266,0.016747,-0.039577,-0.000653,0.001368,0.000150,,0.000000,0.000000,0.000000,0.000000,0.000000,0.000000,0.000000,0.000000,0.000000,0.000000,0.000000,0.000000,0.000000,0.000000,0.000000,2.356010,0.000000,0.000000,0.000000,1.000000,0.000000,0.027292
11.778978,1,100633.000000,100628.000000,100636.000000,100629.000000,100629.000000,0.000000,0.000000,0.000000,0.000000,0.000000,299.010010,100631.804688,298.954254,0.000000,-45.982571,87.643326,-54.993294,0.016126,-0.028970,-0.019778,-0.000313,0.001282,0.000115,,0.000000,0.000000,0.000000,0.000000,0.000000,0.000000,0.000000,0.000000,0.000000,0.000000,0.000000,0.000000,0.000000,0.000000,0.000000,2.356674,0.000000,0.000000,0.000000,1.000000,0.000000,0.024722
11.805216,1,100628.000000,100636.000000,100629.000000,100632.000000,100632.000000,0.000000,0.000000,0.000000,0.000000,0.000000,299.000000,100631.804688,298.954559,0.000000,-46.009930,87.644493,-55.020229,-0.008097,-0.018433,-0.043941,-0.000586,0.001785,0.000235,,0.000000,0.000000,0.000000,0.000000,0.000000,0.000000,0.000000,0.000000,0.000000,0.000000,0.000000,0.000000,0.000000,0.000000,0.000000,2.355507,0.000000,0.000000,0.000000,1.000000,0.000000,0.026214
11.828834,1,100636.000000,100629.000000,100632.000000,100634.000000,100634.000000,0.000000,0.000000,0.000000,0.000000,0.000000,299.010010,100631.820312,298.954956,0.000000,-45.981327,87.643082,-54.994255,-0.025210,0.012661,-0.043695,0.000987,0.000288,0.000333,,0.000000,0.000000,0.000000,0.000000,0.000000,0.000000,0.000000,0.000000,0.000000,0.000000,0.000000,0.000000,0.000000,0.000000,0.000000,2.356918,0.000000,0.000000,0.000000,1.000000,0.000000,0.023644
11.855359,1,100629.000000,100632.000000,100634.000000,100629.000000,100629.000000,0.000000,0.000000,0.000000,0.000000,0.000000,299.000000,100631.804688,298.955292,0.000000,-45.985664,87.642082,-54.997715,0.002903,0.008244,-0.033242,-0.002285,0.002009,0.000590,,0.000000,0.000000,0.000000,0.000000,0.000000,0.000000,0.000000,0.000000,0.000000,0.000000,0.000000,0.000000,0.000000,0.000000,0.000000,2.357918,0.000000,0.000000,0.000000,1.000000,0.000000,0.026528
11.882197,1,100632.000000,100634.000000,100629.000000,100629.000000,100629.000000,0.000000,0.000000,0.000000,0.000000,0.000000,299.000000,100631.781250,298.955597,0.000000,-46.024231,87.643494,-55.034718,0.020151,-0.011656,-0.039751,-0.000615,0.002140,0.000375,,0.000000,0.000000,0.000000,0.000000,0.000000,0.000000,0.000000,0.000000,0.000000,0.000000,0.000000,0.000000,0.000000,0.000000,0.000000,2.356506,0.000000,0.000000,0.000000,1.000000,0.000000,0.026833
11.905856,1,100634.000000,100629.000000,100629.000000,100636.000000,100636.000000,0.000000,0.000000,0.000000,0.000000,0.000000,299.000000,100631.812500,298.955902,0.000000,-46.052845,87.646820,-55.062904,-0.005896,-0.009077,-0.027836,-0.000599,0.003651,0.001311,,0.000000,0.000000,0.000000,0.000000,0.000000,0.000000,0.000000,0.000000,0.000000,0.000000,0.000000,0.000000,0.000000,0.000000,0.000000,2.353180,0.000000,0.000000,0.000000,1.000000,0.000000,0.023659
11.938319,1,100629.000000,100629.000000,100636.000000,100632.000000,100632.000000,0.000000,0.000000,0.000000,0.000000,0.000000,298.989990,100631.812500,298.956146,0.000000,-46.057613,87.646736,-55.068184,-0.040927,0.006725,-0.051789,0.001832,0.000036,0.000172,,0.000000,0.000000,0.000000,0.000000,0.000000,0.000000,0.000000,0.000000,0.000000,0.000000,0.000000,0.000000,0.000000,0.000000,0.000000,2.353264,0.000000,0.000000,0.000000,1.000000,0.000000,0.032459
11.970247,1,100629.000000,100636.000000,100632.000000,100630.000000,100630.000000,0.000000,0.000000,0.000000,0.000000,0.000000,298.980011,100631.804688,298.956299,0.000000,-45.994724,87.642410,-55.007698,0.003900,-0.004138,-0.023929,0.001564,-0.001026,-0.000400,,0.000000,0.000000,0.000000,0.000000,0.000000,0.000000,0.000000,0.000000,0.000000,0.000000,0.000000,0.000000,0.000000,0.000000,0.000000,2.357590,0.000000,0.000000,0.000000,1.000000,0.000000,0.031934
11.993928,1,100636.000000,100632.000000,100630.000000,100629.000000,100629.000000,0.000000,0.000000,0.000000,0.000000,0.000000,298.989990,100631.781250,298.956543,0.000000,-45.985962,87.641426,-55.001099,0.027248,-0.013640,-0.022348,0.000264,0.001506,0.000940,,0.000000,0.000000,0.000000,0.000000,0.000000,0.000000,0.000000,0.000000,0.000000,0.000000,0.000000,0.000000,0.000000,0.000000,0.000000,2.358574,0.000000,0.000000,0.000000,1.000000,0.000000,0.023652
12.017678,1,100632.000000,100630.000000,100629.000000,100631.000000,100631.000000,0.000000,0.000000,0.000000,0.000000,0.000000,298.989990,100631.773438,298.956757,0.000000,-46.052910,87.645988,-55.065186,-0.025275,0.019043,-0.042878,-0.000710,0.002679,0.000983,,0.000000,0.000000,0.000000,0.000000,0.000000,0.000000,0.000000,0.000000,0.000000,0.000000,0.000000,0.000000,0.000000,0.000000,0.000000,2.354012,0.000000,0.000000,0.000000,1.000000,0.000000,0.023725
12.041603,1,100630.000000,100629.000000,100631.000000,100634.000000,100634.000000,0.000000,0.000000,0.000000,0.000000,0.000000,298.989990,100631.789062,298.956970,0.000000,-46.056183,87.646820,-55.067650,-0.027479,0.004335,-0.046120,-0.000489,0.001851,0.000980,,0.000000,0.000000,0.000000,0.000000,0.000000,0.000000,0.000000,0.000000,0.000000,0.000000,0.000000,0.000000,0.000000,0.000000,0.000000,2.353180,0.000000,0.000000,0.000000,1.000000,0.000000,0.023979
12.066322,1,100629.000000,100631.000000,100634.000000,100634.000000,100634.000000,0.000000,0.000000,0.000000,0.000000,0.000000,298.989990,100631.804688,298.957214,0.000000,-46.022953,87.644661,-55.034992,0.023398,-0.032899,-0.034961,-0.001306,0.001866,0.000419,,0.000000,0.000000,0.000000,0.000000,0.000000,0.000000,0.000000,0.000000,0.000000,0.000000,0.000000,0.000000,0.000000,0.000000,0.000000,2.355339,0.000000,0.000000,0.000000,1.000000,0.000000,0.024600
12.090417,1,100631.000000,100634.000000,100634.000000,100632.000000,100632.000000,0.000000,0.000000,0.000000,0.000000,0.000000,298.989990,100631.804688,298.957428,0.000000,-46.041740,87.646156,-55.054100,0.019977,-0.002566,-0.025314,0.000778,0.001314,0.000869,,0.000000,0.000000,0.000000,0.000000,0.000000,0.000000,0.000000,0.000000,0.000000,0.000000,0.000000,0.000000,0.000000,0.000000,0.000000,2.353844,0.000000,0.000000,0.000000,1.000000,0.000000,0.023837
12.114075,1,100634.000000,100634.000000,100632.000000,100632.000000,100632.000000,0.000000,0.000000,0.000000,0.000000,0.000000,298.989990,100631.812500,298.957642,0.000000,-46.042728,87.646576,-55.056282,0.006037,0.035783,-0.044184,0.000314,0.002013,0.000902,,0.000000,0.000000,0.000000,0.000000,0.000000,0.000000,0.000000,0.000000,0.000000,0.000000,0.000000,0.000000,0.000000,0.000000,0.000000,2.353424,0.000000,0.000000,0.000000,1.000000,0.000000,0.024010
12.139684,1,100634.000000,100632.000000,100632.000000,100635.000000,100635.000000,0.000000,0.000000,0.000000,0.000000,0.000000,298.989990,100631.828125,298.957855,0.000000,-46.058083,87.646400,-55.069515,-0.009827,0.015604,-0.031771,-0.001644,0.002210,0.000831,,0.000000,0.000000,0.000000,0.000000,0.000000,0.000000,0.000000,0.000000,0.000000,0.000000,0.000000,0.000000,0.000000,0.000000,0.000000,2.353600,0.000000,0.000000,0.000000,1.000000,0.000000,0.025619
12.163342,1,100632.000000,100632.000000,100635.000000,100631.000000,100631.000000,0.000000,0.000000,0.000000,0.000000,0.000000,299.000000,100631.828125,298.958130,0.000000,-46.070816,87.646240,-55.081188,0.000757,-0.026198,-0.037416,-0.000791,0.001057,0.000166,,0.000000,0.000000,0.000000,0.000000,0.000000,0.000000,0.000000,0.000000,0.000000,0.000000,0.000000,0.000000,0.000000,0.000000,0.000000,2.353760,0.000000,0.000000,0.000000,1.000000,0.000000,0.023671
12.188859,1,100632.000000,100635.000000,100631.000000,100628.000000,100628.000000,0.000000,0.000000,0.000000,0.000000,0.000000,298.989990,100631.796875,298.958313,0.000000,-46.080669,87.645988,-55.091034,-0.004525,-0.027999,-0.025594,-0.000137,0.000919,0.000442,,0.000000,0.000000,0.000000,0.000000,0.000000,0.000000,0.000000,0.000000,0.000000,0.000000,0.000000,0.000000,0.000000,0.000000,0.000000,2.354012,0.000000,0.000000,0.000000,1.000000,0.000000,0.025523
12.214178,1,100635.000000,100631.000000,100628.000000,100637.000000,100637.000000,0.000000,0.000000,0.000000,0.000000,0.000000,299.000000,100631.835938,298.958588,0.000000,-46.056591,87.646736,-55.068851,-0.017402,-0.002541,-0.028838,0.000948,0.001152,0.000625,,0.000000,0.000000,0.000000,0.000000,0.000000,0.000000,0.000000,0.000000,0.000000,0.000000,0.000000,0.000000,0.000000,0.000000,0.000000,2.353264,0.000000,0.000000,0.000000,1.000000,0.000000,0.025312
12.239031,1,100631.000000,100628.000000,100637.000000,100628.000000,100628.000000,0.000000,0.000000,0.000000,0.000000,0.000000,299.000000,100631.812500,298.958862,0.000000,-46.041512,87.645157,-55.054745,0.003850,0.034849,-0.040609,0.000292,0.000404,0.000112,,0.000000,0.000000,0.000000,0.000000,0.000000,0.000000,0.000000,0.000000,0.000000,0.000000,0.000000,0.000000,0.000000,0.000000,0.000000,2.354843,0.000000,0.000000,0.000000,1.000000,0.000000,0.024820
12.262608,1,100628.000000,100637.000000,100628.000000,100633.000000,100633.000000,0.000000,0.000000,0.000000,0.000000,0.000000,299.000000,100631.820312,298.959106,0.000000,-46.038589,87.643661,-55.050983,0.022097,-0.004370,-0.018353,-0.000533,0.000820,0.000263,,0.000000,0.000000,0.000000,0.000000,0.000000,0.000000,0.000000,0.000000,0.000000,0.000000,0.000000,0.000000,0.000000,0.000000,0.000000,2.356339,0.000000,0.000000,0.000000,1.000000,0.000000,0.023617
12.286194,1,100637.000000,100628.000000,100633.000000,100632.000000,100632.000000,0.000000,0.000000,0.000000,0.000000,0.000000,299.000000,100631.820312,298.959381,0.000000,-46.056541,87.645821,-55.069687,0.027018,-0.035013,-0.035555,-0.000041,0.002830,0.001056,,0.000000,0.000000,0.000000,0.000000,0.000000,0.000000,0.000000,0.000000,0.000000,0.000000,0.000000,0.000000,0.000000,0.000000,0.000000,2.354179,0.000000,0.000000,0.000000,1.000000,0.000000,0.023588
12.310378,1,100628.000000,100633.000000,100632.000000,100635.000000,100635.000000,0.000000,0.000000,0.000000,0.000000,0.000000,299.000000,100631.835938,298.959625,0.000000,-46.078526,87.648903,-55.091591,-0.026252,0.006904,-0.032610,0.001143,0.002427,0.001263,,0.000000,0.000000,0.000000,0.000000,0.000000,0.000000,0.000000,0.000000,0.000000,0.000000,0.000000,0.000000,0.000000,0.000000,0.000000,2.351097,0.000000,0.000000,0.000000,1.000000,0.000000,0.024172
12.334063,1,100633.000000,100632.000000,100635.000000,100634.000000,100634.000000,0.000000,0.000000,0.000000,0.000000,0.000000,299.000000,100631.851562,298.959869,0.000000,-46.066853,87.647903,-55.082039,-0.043675,0.035276,-0.053564,0.000979,0.000912,0.000991,,0.000000,0.000000,0.000000,0.000000,0.000000,0.000000,0.000000,0.000000,0.000000,0.000000,0.000000,0.000000,0.000000,0.000000,0.000000,2.352097,0.000000,0.000000,0.000000,1.000000,0.000000,0.023552
12.357974,1,100632.000000,100635.000000,100634.000000,100634.000000,100634.000000,0.000000,0.000000,0.000000,0.000000,0.000000,299.000000,100631.867188,298.960114,0.000000,-46.020981,87.644165,-55.036190,0.028905,-0.012860,-0.012585,-0.001200,0.000640,0.000346,,0.000000,0.000000,0.000000,0.000000,0.000000,0.000000,0.000000,0.000000,0.000000,0.000000,0.000000,0.000000,0.000000,0.000000,0.000000,2.355835,0.000000,0.000000,0.000000,1.000000,0.000000,0.024049
12.385548,1,100635.000000,100634.000000,100634.000000,100635.000000,100635.000000,0.000000,0.000000,0.000000,0.000000,0.000000,299.000000,100631.882812,298.960358,0.000000,-46.062073,87.646988,-55.075172,0.038920,-0.031521,-0.031375,-0.000576,0.001720,0.000439,,0.000000,0.000000,0.000000,0.000000,0.000000,0.000000,0.000000,0.000000,0.000000,0.000000,0.000000,0.000000,0.000000,0.000000,0.000000,2.353012,0.000000,0.000000,0.000000,1.000000,0.000000,0.027553
12.410852,1,100634.000000,100634.000000,100635.000000,100633.000000,100633.000000,0.000000,0.000000,0.000000,0.000000,0.000000,299.000000,100631.890625,298.960602,0.000000,-46.107037,87.650063,-55.120861,-0.028519,0.026882,-0.032322,-0.000340,0.002476,0.000779,,0.000000,0.000000,0.000000,0.000000,0.000000,0.000000,0.000000,0.000000,0.000000,0.000000,0.000000,0.000000,0.000000,0.000000,0.000000,2.349937,0.000000,0.000000,0.000000,1.000000,0.000000,0.025319
12.435124,1,100634.000000,100635.000000,100633.000000,100637.000000,100637.000000,0.000000,0.000000,0.000000,0.000000,0.000000,299.000000,100631.921875,298.960846,0.000000,-46.099449,87.649643,-55.111721,-0.038095,0.015278,-0.054516,-0.000937,0.000592,-0.000276,,0.000000,0.000000,0.000000,0.000000,0.000000,0.000000,0.000000,0.000000,0.000000,0.000000,0.000000,0.000000,0.000000,0.000000,0.000000,2.350357,0.000000,0.000000,0.000000,1.000000,0.000000,0.024218
12.458829,1,100635.000000,100633.000000,100637.000000,100633.000000,100633.000000,0.000000,0.000000,0.000000,0.000000,0.000000,299.000000,100631.929688,298.961090,0.000000,-46.066689,87.644905,-55.079739,0.014158,-0.028711,-0.021664,0.000081,-0.000214,-0.000120,,0.000000,0.000000,0.000000,0.000000,0.000000,0.000000,0.000000,0.000000,0.000000,0.000000,0.000000,0.000000,0.000000,0.000000,0.000000,2.355095,0.000000,0.000000,0.000000,1.000000,0.000000,0.023694
12.482457,1,100633.000000,100637.000000,100633.000000,100637.000000,100637.000000,0.000000,0.000000,0.000000,0.000000,0.000000,299.010010,100631.960938,298.961365,0.000000,-46.049576,87.644745,-55.063110,0.051747,-0.023329,-0.024575,0.001062,0.001197,0.000608,,0.000000,0.000000,0.000000,0.000000,0.000000,0.000000,0.000000,0.000000,0.000000,0.000000,0.000000,0.000000,0.000000,0.000000,0.000000,2.355255,0.000000,0.000000,0.000000,1.000000,0.000000,0.023693
12.506003,1,100637.000000,100633.000000,100637.000000,100636.000000,100636.000000,0.000000,0.000000,0.000000,0.000000,0.000000,299.010010,100631.984375,298.961670,0.000000,-46.084133,87.648407,-55.100449,-0.024271,0.032273,-0.048026,-0.001251,0.003766,0.001789,,0.000000,0.000000,0.000000,0.000000,0.000000,0.000000,0.000000,0.000000,0.000000,0.000000,0.000000,0.000000,0.000000,0.000000,0.000000,2.351593,0.000000,0.000000,0.000000,1.000000,0.000000,0.023554
12.531096,1,100633.000000,100637.000000,100636.000000,100633.000000,100633.000000,0.000000,0.000000,0.000000,0.000000,0.000000,299.010010,100631.984375,298.961945,0.000000,-46.116871,87.649734,-55.130085,-0.038023,0.026668,-0.049202,-0.002085,0.002112,0.000606,,0.000000,0.000000,0.000000,0.000000,0.000000,0.000000,0.000000,0.000000,0.000000,0.000000,0.000000,0.000000,0.000000,0.000000,0.000000,2.350266,0.000000,0.000000,0.000000,1.000000,0.000000,0.025083
12.555933,1,100637.000000,100636.000000,100633.000000,100633.000000,100633.000000,0.000000,0.000000,0.000000,0.000000,0.000000,299.000000,100631.992188,298.962189,0.000000,-46.111092,87.649323,-55.122986,0.002451,-0.009692,-0.025609,-0.001332,0.000982,0.000336,,0.000000,0.000000,0.000000,0.000000,0.000000,0.000000,0.000000,0.000000,0.000000,0.000000,0.000000,0.000000,0.000000,0.000000,0.000000,2.350677,0.000000,0.000000,0.000000,1.000000,0.000000,0.024803
12.579606,1,100636.000000,100633.000000,100633.000000,100639.000000,100639.000000,0.000000,0.000000,0.000000,0.000000,0.000000,299.010010,100632.031250,298.962463,0.000000,-46.079811,87.647820,-55.094852,0.025705,-0.029932,-0.014083,0.001027,0.000934,0.000929,,0.000000,0.000000,0.000000,0.000000,0.000000,0.000000,0.000000,0.000000,0.000000,0.000000,0.000000,0.000000,0.000000,0.000000,0.000000,2.352180,0.000000,0.000000,0.000000,1.000000,0.000000,0.023737
12.605175,1,100633.000000,100633.000000,100639.000000,100633.000000,100633.000000,0.000000,0.000000,0.000000,0.000000,0.000000,299.010010,100632.039062,298.962738,0.000000,-46.050869,87.647072,-55.069862,-0.014258,0.032216,-0.052229,0.001842,-0.000043,0.000546,,0.000000,0.000000,0.000000,0.000000,0.000000,0.000000,0.000000,0.000000,0.000000,0.000000,0.000000,0.000000,0.000000,0.000000,0.000000,2.352928,0.000000,0.000000,0.000000,1.000000,0.000000,0.025557
12.636916,1,100633.000000,100639.000000,100633.000000,100632.000000,100632.000000,0.000000,0.000000,0.000000,0.000000,0.000000,299.000000,100632.039062,298.962952,0.000000,-46.053581,87.646576,-55.072224,-0.026775,0.021045,-0.031443,-0.000436,0.001278,0.000368,,0.000000,0.000000,0.000000,0.000000,0.000000,0.000000,0.000000,0.000000,0.000000,0.000000,0.000000,0.000000,0.000000,0.000000,0.000000,2.353424,0.000000,0.000000,0.000000,1.000000,0.000000,0.031702
12.662340,1,100639.000000,100633.000000,100632.000000,100633.000000,100633.000000,0.000000,0.000000,0.000000,0.000000,0.000000,299.000000,100632.046875,298.963165,0.000000,-46.027374,87.645821,-55.044884,0.007077,-0.024480,-0.040387,-0.001103,0.001006,0.000716,,0.000000,0.000000,0.000000,0.000000,0.000000,0.000000,0.000000,0.000000,0.000000,0.000000,0.000000,0.000000,0.000000,0.000000,0.000000,2.354179,0.000000,0.000000,0.000000,1.000000,0.000000,0.025449
12.689188,1,100633.000000,100632.000000,100633.000000,100632.000000,100632.000000,0.000000,0.000000,0.000000,0.000000,0.000000,299.000000,100632.046875,298.963379,0.000000,-46.068829,87.647568,-55.085346,0.010609,-0.015393,-0.029932,0.000788,0.002061,0.001098,,0.000000,0.000000,0.000000,0.000000,0.000000,0.000000,0.000000,0.000000,0.000000,0.000000,0.000000,0.000000,0.000000,0.000000,0.000000,2.352432,0.000000,0.000000,0.000000,1.000000,0.000000,0.026857
12.718391,1,100632.000000,100633.000000,100632.000000,100641.000000,100641.000000,0.000000,0.000000,0.000000,0.000000,0.000000,298.989990,100632.093750,298.963531,0.000000,-46.054375,87.647316,-55.073517,-0.023163,0.026460,-0.041464,0.002118,0.001407,0.000325,,0.000000,0.000000,0.000000,0.000000,0.000000,0.000000,0.000000,0.000000,0.000000,0.000000,0.000000,0.000000,0.000000,0.000000,0.000000,2.352684,0.000000,0.000000,0.000000,1.000000,0.000000,0.029094
12.742265,1,100633.000000,100632.000000,100641.000000,100633.000000,100633.000000,0.000000,0.000000,0.000000,0.000000,0.000000,299.000000,100632.101562,298.963715,0.000000,-46.012875,87.644493,-55.033249,0.008102,0.014635,-0.051991,0.000577,-0.001078,-0.000351,,0.000000,0.000000,0.000000,0.000000,0.000000,0.000000,0.000000,0.000000,0.000000,0.000000,0.000000,0.000000,0.000000,0.000000,0.000000,2.355507,0.000000,0.000000,0.000000,1.000000,0.000000,0.023860
12.765971,1,100632.000000,100641.000000,100633.000000,100637.000000,100637.000000,0.000000,0.000000,0.000000,0.000000,0.000000,299.000000,100632.132812,298.963928,0.000000,-46.012936,87.643829,-55.033813,0.018395,-0.037980,-0.011989,0.000342,0.002333,0.000996,,0.000000,0.000000,0.000000,0.000000,0.000000,0.000000,0.000000,0.000000,0.000000,0.000000,0.000000,0.000000,0.000000,0.000000,0.000000,2.356171,0.000000,0.000000,0.000000,1.000000,0.000000,0.023795
12.790167,1,100641.000000,100633.000000,100637.000000,100636.000000,100636.000000,0.000000,0.000000,0.000000,0.000000,0.000000,299.000000,100632.148438,298.964142,0.000000,-46.043594,87.645988,-55.065594,-0.008377,-0.011179,-0.043427,0.001776,0.001452,0.000889,,0.000000,0.000000,0.000000,0.000000,0.000000,0.000000,0.000000,0.000000,0.000000,0.000000,0.000000,0.000000,0.000000,0.000000,0.000000,2.354012,0.000000,0.000000,0.000000,1.000000,0.000000,0.024218
12.814186,1,100633.000000,100637.000000,100636.000000,100636.000000,100636.000000,0.000000,0.000000,0.000000,0.000000,0.000000,299.000000,100632.171875,298.964325,0.000000,-46.058941,87.646576,-55.080582,-0.037874,0.027165,-0.035340,-0.000480,0.002277,0.000595,,0.000000,0.000000,0.000000,0.000000,0.000000,0.000000,0.000000,0.000000,0.000000,0.000000,0.000000,0.000000,0.000000,0.000000,0.000000,2.353424,0.000000,0.000000,0.000000,1.000000,0.000000,0.024031
12.837856,1,100637.000000,100636.000000,100636.000000,100632.000000,100632.000000,0.000000,0.000000,0.000000,0.000000,0.000000,299.000000,100632.171875,298.964539,0.000000,-46.039059,87.643166,-55.061310,-0.000233,0.006233,-0.040513,0.000159,-0.000691,-0.000069,,0.000000,0.000000,0.000000,0.000000,0.000000,0.000000,0.000000,0.000000,0.000000,0.000000,0.000000,0.000000,0.000000,0.000000,0.000000,2.356834,0.000000,0.000000,0.000000,1.000000,0.000000,0.023628
12.861599,1,100636.000000,100636.000000,100632.000000,100637.000000,100637.000000,0.000000,0.000000,0.000000,0.000000,0.000000,299.000000,100632.195312,298.964722,0.000000,-46.033581,87.643410,-55.054356,0.036550,-0.016429,-0.014793,-0.000083,0.001000,0.000549,,0.000000,0.000000,0.000000,0.000000,0.000000,0.000000,0.000000,0.000000,0.000000,0.000000,0.000000,0.000000,0.000000,0.000000,0.000000,2.356590,0.000000,0.000000,0.000000,1.000000,0.000000,0.023782
12.887179,1,100636.000000,100632.000000,100637.000000,100634.000000,100634.000000,0.000000,0.000000,0.000000,0.000000,0.000000,299.000000,100632.210938,298.964905,0.000000,-46.053181,87.645660,-55.075340,-0.003839,-0.013052,-0.045906,0.001469,0.003058,0.001136,,0.000000,0.000000,0.000000,0.000000,0.000000,0.000000,0.000000,0.000000,0.000000,0.000000,0.000000,0.000000,0.000000,0.000000,0.000000,2.354340,0.000000,0.000000,0.000000,1.000000,0.000000,0.025569
12.918749,1,100632.000000,100637.000000,100634.000000,100632.000000,100632.000000,0.000000,0.000000,0.000000,0.000000,0.000000,299.000000,100632.203125,298.965118,0.000000,-46.090931,87.648407,-55.113396,-0.040326,0.018212,-0.036368,-0.000519,0.002834,0.000692,,0.000000,0.000000,0.000000,0.000000,0.000000,0.000000,0.000000,0.000000,0.000000,0.000000,0.000000,0.000000,0.000000,0.000000,0.000000,2.351593,0.000000,0.000000,0.000000,1.000000,0.000000,0.031576
12.950323,1,100637.000000,100634.000000,100632.000000,100632.000000,100632.000000,0.000000,0.000000,0.000000,0.000000,0.000000,298.989990,100632.203125,298.965240,0.000000,-46.079792,87.646736,-55.100719,-0.000083,-0.002434,-0.032348,-0.000022,-0.000034,-0.000019,,0.000000,0.000000,0.000000,0.000000,0.000000,0.000000,0.000000,0.000000,0.000000,0.000000,0.000000,0.000000,0.000000,0.000000,0.000000,2.353264,0.000000,0.000000,0.000000,1.000000,0.000000,0.031579
12.974192,1,100634.000000,100632.000000,100632.000000,100632.000000,100632.000000,0.000000,0.000000,0.000000,0.000000,0.000000,298.989990,100632.203125,298.965363,0.000000,-46.060715,87.645157,-55.083317,0.035372,-0.019516,-0.034083,0.000625,0.000874,0.000218,,0.000000,0.000000,0.000000,0.000000,0.000000,0.000000,0.000000,0.000000,0.000000,0.000000,0.000000,0.000000,0.000000,0.000000,0.000000,2.354843,0.000000,0.000000,0.000000,1.000000,0.000000,0.023875
12.998237,1,100632.000000,100632.000000,100632.000000,100634.000000,100634.000000,0.000000,0.000000,0.000000,0.000000,0.000000,298.989990,100632.210938,298.965515,0.000000,-46.070045,87.646820,-55.095009,-0.013626,0.012237,-0.033978,0.000499,0.001624,0.000464,,0.000000,0.000000,0.000000,0.000000,0.000000,0.000000,0.000000,0.000000,0.000000,0.000000,0.000000,0.000000,0.000000,0.000000,0.000000,2.353180,0.000000,0.000000,0.000000,1.000000,0.000000,0.023990
13.022269,1,100632.000000,100632.000000,100634.000000,100629.000000,100629.000000,0.000000,0.000000,0.000000,0.000000,0.000000,298.989990,100632.195312,298.965637,0.000000,-46.048740,87.644409,-55.074612,-0.023496,0.014425,-0.055122,0.000457,0.001149,-0.000206,,0.000000,0.000000,0.000000,0.000000,0.000000,0.000000,0.000000,0.000000,0.000000,0.000000,0.000000,0.000000,0.000000,0.000000,0.000000,2.355591,0.000000,0.000000,0.000000,1.000000,0.000000,0.024048
13.045899,1,100632.000000,100634.000000,100629.000000,100630.000000,100630.000000,0.000000,0.000000,0.000000,0.000000,0.000000,299.000000,100632.187500,298.965820,0.000000,-46.062859,87.644905,-55.085991,0.015094,-0.014520,-0.027994,-0.001487,0.001673,0.000461,,0.000000,0.000000,0.000000,0.000000,0.000000,0.000000,0.000000,0.000000,0.000000,0.000000,0.000000,0.000000,0.000000,0.000000,0.000000,2.355095,0.000000,0.000000,0.000000,1.000000,0.000000,0.023666
13.070301,1,100634.000000,100629.000000,100630.000000,100638.000000,100638.000000,0.000000,0.000000,0.000000,0.000000,0.000000,299.000000,100632.218750,298.966003,0.000000,-46.069347,87.645988,-55.093075,0.027117,-0.025415,-0.030552,-0.000245,0.001843,0.000393,,0.000000,0.000000,0.000000,0.000000,0.000000,0.000000,0.000000,0.000000,0.000000,0.000000,0.000000,0.000000,0.000000,0.000000,0.000000,2.354012,0.000000,0.000000,0.000000,1.000000,0.000000,0.024402
13.095787,1,100629.000000,100630.000000,100638.000000,100631.000000,100631.000000,0.000000,0.000000,0.000000,0.000000,0.000000,299.000000,100632.210938,298.966187,0.000000,-46.058296,87.644905,-55.085197,0.005695,0.009385,-0.027537,0.001339,0.000779,0.001186,,0.000000,0.000000,0.000000,0.000000,0.000000,0.000000,0.000000,0.000000,0.000000,0.000000,0.000000,0.000000,0.000000,0.000000,0.000000,2.355095,0.000000,0.000000,0.000000,1.000000,0.000000,0.025482
13.122676,1,100630.000000,100638.000000,100631.000000,100632.000000,100632.000000,0.000000,0.000000,0.000000,0.000000,0.000000,299.000000,100632.210938,298.966370,0.000000,-46.056999,87.643745,-55.086365,-0.014765,0.015334,-0.048274,0.001643,0.000391,-0.000284,,0.000000,0.000000,0.000000,0.000000,0.000000,0.000000,0.000000,0.000000,0.000000,0.000000,0.000000,0.000000,0.000000,0.000000,0.000000,2.356255,0.000000,0.000000,0.000000,1.000000,0.000000,0.026529
13.146357,1,100638.000000,100631.000000,100632.000000,100628.000000,100628.000000,0.000000,0.000000,0.000000,0.000000,0.000000,299.000000,100632.187500,298.966522,0.000000,-46.052010,87.642334,-55.081810,0.001884,-0.000791,-0.031685,-0.000358,0.000831,0.000792,,0.000000,0.000000,0.000000,0.000000,0.000000,0.000000,0.000000,0.000000,0.000000,0.000000,0.000000,0.000000,0.000000,0.000000,0.000000,2.357666,0.000000,0.000000,0.000000,1.000000,0.000000,0.024008
13.169972,1,100631.000000,100632.000000,100628.000000,100632.000000,100632.000000,0.000000,0.000000,0.000000,0.000000,0.000000,299.000000,100632.187500,298.966705,0.000000,-46.073643,87.645409,-55.100403,0.006845,-0.021557,-0.026309,-0.001163,0.003079,0.001111,,0.000000,0.000000,0.000000,0.000000,0.000000,0.000000,0.000000,0.000000,0.000000,0.000000,0.000000,0.000000,0.000000,0.000000,0.000000,2.354591,0.000000,0.000000,0.000000,1.000000,0.000000,0.023640
13.194628,1,100632.000000,100628.000000,100632.000000,100630.000000,100630.000000,0.000000,0.000000,0.000000,0.000000,0.000000,299.000000,100632.171875,298.966858,0.000000,-46.101826,87.648232,-55.129498,-0.006013,0.004950,-0.039135,-0.000420,0.003262,0.001416,,0.000000,0.000000,0.000000,0.000000,0.000000,0.000000,0.000000,0.000000,0.000000,0.000000,0.000000,0.000000,0.000000,0.000000,0.000000,2.351768,0.000000,0.000000,0.000000,1.000000,0.000000,0.023986
13.223077,1,100628.000000,100632.000000,100630.000000,100632.000000,100632.000000,0.000000,0.000000,0.000000,0.000000,0.000000,299.000000,100632.171875,298.967041,0.000000,-46.094181,87.646988,-55.124367,0.008839,0.020837,-0.038876,-0.000385,0.000912,0.000547,,0.000000,0.000000,0.000000,0.000000,0.000000,0.000000,0.000000,0.000000,0.000000,0.000000,0.000000,0.000000,0.000000,0.000000,0.000000,2.353012,0.000000,0.000000,0.000000,1.000000,0.000000,0.029127
13.254199,1,100632.000000,100630.000000,100632.000000,100628.000000,100628.000000,0.000000,0.000000,0.000000,0.000000,0.000000,298.989990,100632.148438,298.967163,0.000000,-46.056084,87.643990,-55.087841,0.011901,-0.013091,-0.035088,0.000974,-0.000663,0.000199,,0.000000,0.000000,0.000000,0.000000,0.000000,0.000000,0.000000,0.000000,0.000000,0.000000,0.000000,0.000000,0.000000,0.000000,0.000000,2.356010,0.000000,0.000000,0.000000,1.000000,0.000000,0.031125
13.282185,1,100630.000000,100632.000000,100628.000000,100632.000000,100632.000000,0.000000,0.000000,0.000000,0.000000,0.000000,298.989990,100632.148438,298.967285,0.000000,-46.047035,87.643494,-55.080311,0.015787,-0.028352,-0.022829,0.001062,0.001591,0.000799,,0.000000,0.000000,0.000000,0.000000,0.000000,0.000000,0.000000,0.000000,0.000000,0.000000,0.000000,0.000000,0.000000,0.000000,0.000000,2.356506,0.000000,0.000000,0.000000,1.000000,0.000000,0.027990
13.306719,1,100632.000000,100628.000000,100632.000000,100634.000000,100634.000000,0.000000,0.000000,0.000000,0.000000,0.000000,298.989990,100632.164062,298.967377,0.000000,-46.061489,87.645988,-55.095863,-0.019164,0.012177,-0.046831,0.001793,0.000850,0.000525,,0.000000,0.000000,0.000000,0.000000,0.000000,0.000000,0.000000,0.000000,0.000000,0.000000,0.000000,0.000000,0.000000,0.000000,0.000000,2.354012,0.000000,0.000000,0.000000,1.000000,0.000000,0.024309
13.330452,1,100628.000000,100632.000000,100634.000000,100630.000000,100630.000000,0.000000,0.000000,0.000000,0.000000,0.000000,298.989990,100632.148438,298.967499,0.000000,-46.078022,87.644409,-55.112774,-0.001365,0.017497,-0.037788,-0.000381,0.000566,-0.000097,,0.000000,0.000000,0.000000,0.000000,0.000000,0.000000,0.000000,0.000000,0.000000,0.000000,0.000000,0.000000,0.000000,0.000000,0.000000,2.355591,0.000000,0.000000,0.000000,1.000000,0.000000,0.023960
13.354984,1,100632.000000,100634.000000,100630.000000,100633.000000,100633.000000,0.000000,0.000000,0.000000,0.000000,0.000000,298.989990,100632.156250,298.967621,0.000000,-46.033264,87.643661,-55.069698,0.018603,-0.012554,-0.021041,-0.000622,0.002160,0.000920,,0.000000,0.000000,0.000000,0.000000,0.000000,0.000000,0.000000,0.000000,0.000000,0.000000,0.000000,0.000000,0.000000,0.000000,0.000000,2.356339,0.000000,0.000000,0.000000,1.000000,0.000000,0.024526
13.379250,1,100634.000000,100630.000000,100633.000000,100633.000000,100633.000000,0.000000,0.000000,0.000000,0.000000,0.000000,299.000000,100632.156250,298.967773,0.000000,-46.066128,87.645241,-55.102211,0.004305,-0.006372,-0.033606,0.000915,0.000850,0.000582,,0.000000,0.000000,0.000000,0.000000,0.000000,0.000000,0.000000,0.000000,0.000000,0.000000,0.000000,0.000000,0.000000,0.000000,0.000000,2.354759,0.000000,0.000000,0.000000,1.000000,0.000000,0.024265
13.406750,1,100630.000000,100633.000000,100633.000000,100628.000000,100628.000000,0.000000,0.000000,0.000000,0.000000,0.000000,298.989990,100632.140625,298.967896,0.000000,-46.061234,87.645157,-55.098999,-0.021814,0.003239,-0.044190,0.000088,0.001916,0.000992,,0.000000,0.000000,0.000000,0.000000,0.000000,0.000000,0.000000,0.000000,0.000000,0.000000,0.000000,0.000000,0.000000,0.000000,0.000000,2.354843,0.000000,0.000000,0.000000,1.000000,0.000000,0.027492
13.434301,1,100633.000000,100633.000000,100628.000000,100630.000000,100630.000000,0.000000,0.000000,0.000000,0.000000,0.000000,298.989990,100632.125000,298.967987,0.000000,-46.064899,87.645737,-55.100342,-0.018028,0.007498,-0.044676,-0.002190,0.001877,0.000791,,0.000000,0.000000,0.000000,0.000000,0.000000,0.000000,0.000000,0.000000,0.000000,0.000000,0.000000,0.000000,0.000000,0.000000,0.000000,2.354263,0.000000,0.000000,0.000000,1.000000,0.000000,0.027452
13.458258,1,100633.000000,100628.000000,100630.000000,100634.000000,100634.000000,0.000000,0.000000,0.000000,0.000000,0.000000,298.989990,100632.132812,298.968109,0.000000,-46.082203,87.644905,-55.117847,0.019891,-0.005909,-0.026491,-0.000278,0.001365,0.000446,,0.000000,0.000000,0.000000,0.000000,0.000000,0.000000,0.000000,0.000000,0.000000,0.000000,0.000000,0.000000,0.000000,0.000000,0.000000,2.355095,0.000000,0.000000,0.000000,1.000000,0.000000,0.024043
13.481849,1,100628.000000,100630.000000,100634.000000,100632.000000,100632.000000,0.000000,0.000000,0.000000,0.000000,0.000000,299.000000,100632.132812,298.968262,0.000000,-46.065784,87.644241,-55.104046,0.005040,-0.009071,-0.033484,0.001696,0.000552,-0.000076,,0.000000,0.000000,0.000000,0.000000,0.000000,0.000000,0.000000,0.000000,0.000000,0.000000,0.000000,0.000000,0.000000,0.000000,0.000000,2.355759,0.000000,0.000000,0.000000,1.000000,0.000000,0.023598
13.506181,1,100630.000000,100634.000000,100632.000000,100638.000000,100638.000000,0.000000,0.000000,0.000000,0.000000,0.000000,299.000000,100632.164062,298.968414,0.000000,-46.042770,87.642166,-55.084751,-0.018219,0.013845,-0.041141,0.001459,0.000061,0.000790,,0.000000,0.000000,0.000000,0.000000,0.000000,0.000000,0.000000,0.000000,0.000000,0.000000,0.000000,0.000000,0.000000,0.000000,0.000000,2.357834,0.000000,0.000000,0.000000,1.000000,0.000000,0.024348
13.534212,1,100634.000000,100632.000000,100638.000000,100629.000000,100629.000000,0.000000,0.000000,0.000000,0.000000,0.000000,298.989990,100632.148438,298.968506,0.000000,-46.022030,87.641426,-55.064930,-0.015755,0.001516,-0.029510,0.000163,0.000921,0.000548,,0.000000,0.000000,0.000000,0.000000,0.000000,0.000000,0.000000,0.000000,0.000000,0.000000,0.000000,0.000000,0.000000,0.000000,0.000000,2.358574,0.000000,0.000000,0.000000,1.000000,0.000000,0.028029
13.558312,1,100632.000000,100638.000000,100629.000000,100637.000000,100637.000000,0.000000,0.000000,0.000000,0.000000,0.000000,299.000000,100632.171875,298.968658,0.000000,-46.032543,87.642166,-55.073112,0.006588,-0.006990,-0.033652,-0.001409,0.001295,0.000804,,0.000000,0.000000,0.000000,0.000000,0.000000,0.000000,0.000000,0.000000,0.000000,0.000000,0.000000,0.000000,0.000000,0.000000,0.000000,2.357834,0.000000,0.000000,0.000000,1.000000,0.000000,0.024088
13.582211,1,100638.000000,100629.000000,100637.000000,100630.000000,100630.000000,0.000000,0.000000,0.000000,0.000000,0.000000,299.000000,100632.164062,298.968811,0.000000,-46.080475,87.643990,-55.119545,0.010387,0.004728,-0.023098,-0.000900,0.002350,0.001013,,0.000000,0.000000,0.000000,0.000000,0.000000,0.000000,0.000000,0.000000,0.000000,0.000000,0.000000,0.000000,0.000000,0.000000,0.000000,2.356010,0.000000,0.000000,0.000000,1.000000,0.000000,0.023887
13.605781,1,100629.000000,100637.000000,100630.000000,100634.000000,100634.000000,0.000000,0.000000,0.000000,0.000000,0.000000,299.000000,100632.171875,298.968964,0.000000,-46.035896,87.641670,-55.079762,-0.014432,0.019201,-0.041763,0.001018,0.000474,-0.000410,,0.000000,0.000000,0.000000,0.000000,0.000000,0.000000,0.000000,0.000000,0.000000,0.000000,0.000000,0.000000,0.000000,0.000000,0.000000,2.358330,0.000000,0.000000,0.000000,1.000000,0.000000,0.023610
13.630177,1,100637.000000,100630.000000,100634.000000,100636.000000,100636.000000,0.000000,0.000000,0.000000,0.000000,0.000000,299.000000,100632.187500,298.969116,0.000000,-46.030903,87.639511,-55.075783,-0.011031,-0.006667,-0.033110,0.000994,0.000270,-0.000087,,0.000000,0.000000,0.000000,0.000000,0.000000,0.000000,0.000000,0.000000,0.000000,0.000000,0.000000,0.000000,0.000000,0.000000,0.000000,2.360489,0.000000,0.000000,0.000000,1.000000,0.000000,0.024460
13.653686,1,100630.000000,100634.000000,100636.000000,100633.000000,100633.000000,0.000000,0.000000,0.000000,0.000000,0.000000,299.000000,100632.195312,298.969238,0.000000,-46.013084,87.638268,-55.059216,0.002516,-0.013070,-0.034960,0.001635,-0.000826,0.000117,,0.000000,0.000000,0.000000,0.000000,0.000000,0.000000,0.000000,0.000000,0.000000,0.000000,0.000000,0.000000,0.000000,0.000000,0.000000,2.361732,0.000000,0.000000,0.000000,1.000000,0.000000,0.023455
13.677268,1,100634.000000,100636.000000,100633.000000,100629.000000,100629.000000,0.000000,0.000000,0.000000,0.000000,0.000000,299.010010,100632.179688,298.969452,0.000000,-46.068027,87.641167,-55.113819,-0.000939,-0.005937,-0.026203,-0.000944,0.002699,0.000860,,0.000000,0.000000,0.000000,0.000000,0.000000,0.000000,0.000000,0.000000,0.000000,0.000000,0.000000,0.000000,0.000000,0.000000,0.000000,2.358833,0.000000,0.000000,0.000000,1.000000,0.000000,0.023605
13.700772,1,100636.000000,100633.000000,100629.000000,100634.000000,100634.000000,0.000000,0.000000,0.000000,0.000000,0.000000,299.010010,100632.187500,298.969635,0.000000,-46.066525,87.643745,-55.110653,0.005043,0.009190,-0.039822,-0.000627,0.002635,0.001212,,0.000000,0.000000,0.000000,0.000000,0.000000,0.000000,0.000000,0.000000,0.000000,0.000000,0.000000,0.000000,0.000000,0.000000,0.000000,2.356255,0.000000,0.000000,0.000000,1.000000,0.000000,0.023536
13.724258,1,100633.000000,100629.000000,100634.000000,100637.000000,100637.000000,0.000000,0.000000,0.000000,0.000000,0.000000,299.010010,100632.210938,298.969818,0.000000,-46.058926,87.643585,-55.103786,-0.006797,0.015475,-0.034477,-0.000751,0.001540,0.000715,,0.000000,0.000000,0.000000,0.000000,0.000000,0.000000,0.000000,0.000000,0.000000,0.000000,0.000000,0.000000,0.000000,0.000000,0.000000,2.356415,0.000000,0.000000,0.000000,1.000000,0.000000,0.023487
13.747777,1,100629.000000,100634.000000,100637.000000,100631.000000,100631.000000,0.000000,0.000000,0.000000,0.000000,0.000000,299.010010,100632.203125,298.970001,0.000000,-46.050209,87.641251,-55.097298,0.002503,-0.006718,-0.029885,-0.000747,0.001906,0.000388,,0.000000,0.000000,0.000000,0.000000,0.000000,0.000000,0.000000,0.000000,0.000000,0.000000,0.000000,0.000000,0.000000,0.000000,0.000000,2.358749,0.000000,0.000000,0.000000,1.000000,0.000000,0.023475
13.771323,1,100634.000000,100637.000000,100631.000000,100637.000000,100637.000000,0.000000,0.000000,0.000000,0.000000,0.000000,299.010010,100632.226562,298.970184,0.000000,-46.036396,87.641090,-55.085358,0.004589,-0.023060,-0.030326,0.000891,0.000819,0.000345,,0.000000,0.000000,0.000000,0.000000,0.000000,0.000000,0.000000,0.000000,0.000000,0.000000,0.000000,0.000000,0.000000,0.000000,0.000000,2.358910,0.000000,0.000000,0.000000,1.000000,0.000000,0.023578
13.795230,1,100637.000000,100631.000000,100637.000000,100637.000000,100637.000000,0.000000,0.000000,0.000000,0.000000,0.000000,299.010010,100632.250000,298.970367,0.000000,-46.080914,87.643082,-55.128159,-0.006358,0.001996,-0.022160,-0.001254,0.003515,0.000810,,0.000000,0.000000,0.000000,0.000000,0.000000,0.000000,0.000000,0.000000,0.000000,0.000000,0.000000,0.000000,0.000000,0.000000,0.000000,2.356918,0.000000,0.000000,0.000000,1.000000,0.000000,0.023907
13.818749,1,100631.000000,100637.000000,100637.000000,100631.000000,100631.000000,0.000000,0.000000,0.000000,0.000000,0.000000,299.010010,100632.242188,298.970551,0.000000,-46.100914,87.644661,-55.148338,-0.005478,0.012388,-0.041904,-0.000908,0.002663,0.000612,,0.000000,0.000000,0.000000,0.000000,0.000000,0.000000,0.000000,0.000000,0.000000,0.000000,0.000000,0.000000,0.000000,0.000000,0.000000,2.355339,0.000000,0.000000,0.000000,1.000000,0.000000,0.023520
13.842277,1,100637.000000,100637.000000,100631.000000,100629.000000,100629.000000,0.000000,0.000000,0.000000,0.000000,0.000000,299.010010,100632.226562,298.970734,0.000000,-46.100349,87.644577,-55.146637,0.002802,0.005577,-0.039403,-0.000105,0.001545,0.000673,,0.000000,0.000000,0.000000,0.000000,0.000000,0.000000,0.000000,0.000000,0.000000,0.000000,0.000000,0.000000,0.000000,0.000000,0.000000,2.355423,0.000000,0.000000,0.000000,1.000000,0.000000,0.023484
13.865789,1,100637.000000,100631.000000,100629.000000,100632.000000,100632.000000,0.000000,0.000000,0.000000,0.000000,0.000000,299.010010,100632.226562,298.970886,0.000000,-46.055744,87.643829,-55.105377,0.005011,-0.008412,-0.032364,-0.000143,0.001946,0.000854,,0.000000,0.000000,0.000000,0.000000,0.000000,0.000000,0.000000,0.000000,0.000000,0.000000,0.000000,0.000000,0.000000,0.000000,0.000000,2.356171,0.000000,0.000000,0.000000,1.000000,0.000000,0.023576
13.889255,1,100631.000000,100629.000000,100632.000000,100634.000000,100634.000000,0.000000,0.000000,0.000000,0.000000,0.000000,299.019989,100632.234375,298.971130,0.000000,-46.057480,87.642250,-55.109520,-0.007573,-0.003198,-0.034297,0.000936,0.000301,0.000457,,0.000000,0.000000,0.000000,0.000000,0.000000,0.000000,0.000000,0.000000,0.000000,0.000000,0.000000,0.000000,0.000000,0.000000,0.000000,2.357750,0.000000,0.000000,0.000000,1.000000,0.000000,0.023474
13.918190,1,100629.000000,100632.000000,100634.000000,100632.000000,100632.000000,0.000000,0.000000,0.000000,0.000000,0.000000,299.010010,100632.234375,298.971283,0.000000,-46.049713,87.642410,-55.102615,-0.019861,0.000918,-0.030990,0.000865,0.000841,0.000790,,0.000000,0.000000,0.000000,0.000000,0.000000,0.000000,0.000000,0.000000,0.000000,0.000000,0.000000,0.000000,0.000000,0.000000,0.000000,2.357590,0.000000,0.000000,0.000000,1.000000,0.000000,0.028885
13.941754,1,100632.000000,100634.000000,100632.000000,100632.000000,100632.000000,0.000000,0.000000,0.000000,0.000000,0.000000,299.010010,100632.234375,298.971466,0.000000,-46.072289,87.643745,-55.122761,-0.004699,0.003605,-0.036877,-0.001541,0.002617,0.000251,,0.000000,0.000000,0.000000,0.000000,0.000000,0.000000,0.000000,0.000000,0.000000,0.000000,0.000000,0.000000,0.000000,0.000000,0.000000,2.356255,0.000000,0.000000,0.000000,1.000000,0.000000,0.023589
13.965219,1,100634.000000,100632.000000,100632.000000,100632.000000,100632.000000,0.000000,0.000000,0.000000,0.000000,0.000000,299.010010,100632.226562,298.971649,0.000000,-46.077732,87.643661,-55.129379,0.018391,0.006363,-0.027058,-0.000466,0.001675,0.001032,,0.000000,0.000000,0.000000,0.000000,0.000000,0.000000,0.000000,0.000000,0.000000,0.000000,0.000000,0.000000,0.000000,0.000000,0.000000,2.356339,0.000000,0.000000,0.000000,1.000000,0.000000,0.023462
13.988713,1,100632.000000,100632.000000,100632.000000,100627.000000,100627.000000,0.000000,0.000000,0.000000,0.000000,0.000000,299.019989,100632.210938,298.971863,0.000000,-46.090412,87.643829,-55.143200,0.000093,-0.008685,-0.032887,0.000831,0.001208,0.000334,,0.000000,0.000000,0.000000,0.000000,0.000000,0.000000,0.000000,0.000000,0.000000,0.000000,0.000000,0.000000,0.000000,0.000000,0.000000,2.356171,0.000000,0.000000,0.000000,1.000000,0.000000,0.023503
14.012230,1,100632.000000,100632.000000,100627.000000,100632.000000,100632.000000,0.000000,0.000000,0.000000,0.000000,0.000000,299.019989,100632.203125,298.972076,0.000000,-46.065716,87.642746,-55.120937,-0.000969,-0.003442,-0.035599,0.001143,0.001113,0.000413,,0.000000,0.000000,0.000000,0.000000,0.000000,0.000000,0.000000,0.000000,0.000000,0.000000,0.000000,0.000000,0.000000,0.000000,0.000000,2.357254,0.000000,0.000000,0.000000,1.000000,0.000000,0.023514
14.035760,1,100632.000000,100627.000000,100632.000000,100632.000000,100632.000000,0.000000,0.000000,0.000000,0.000000,0.000000,299.019989,100632.203125,298.972260,0.000000,-46.067402,87.643326,-55.123402,-0.014942,-0.009872,-0.037058,0.000751,0.000962,-0.000090,,0.000000,0.000000,0.000000,0.000000,0.000000,0.000000,0.000000,0.000000,0.000000,0.000000,0.000000,0.000000,0.000000,0.000000,0.000000,2.356674,0.000000,0.000000,0.000000,1.000000,0.000000,0.023502
14.059474,1,100627.000000,100632.000000,100632.000000,100630.000000,100630.000000,0.000000,0.000000,0.000000,0.000000,0.000000,299.019989,100632.195312,298.972473,0.000000,-46.099800,87.643250,-55.155224,0.008899,-0.000707,-0.026293,-0.000674,0.002133,0.000162,,0.000000,0.000000,0.000000,0.000000,0.000000,0.000000,0.000000,0.000000,0.000000,0.000000,0.000000,0.000000,0.000000,0.000000,0.000000,2.356750,0.000000,0.000000,0.000000,1.000000,0.000000,0.023640
14.082918,1,100632.000000,100632.000000,100630.000000,100631.000000,100631.000000,0.000000,0.000000,0.000000,0.000000,0.000000,299.019989,100632.187500,298.972687,0.000000,-46.089306,87.644241,-55.144245,0.016232,-0.005630,-0.025772,0.000761,0.000971,0.000866,,0.000000,0.000000,0.000000,0.000000,0.000000,0.000000,0.000000,0.000000,0.000000,0.000000,0.000000,0.000000,0.000000,0.000000,0.000000,2.355759,0.000000,0.000000,0.000000,1.000000,0.000000,0.023544
14.106551,1,100632.000000,100630.000000,100631.000000,100631.000000,100631.000000,0.000000,0.000000,0.000000,0.000000,0.000000,299.019989,100632.187500,298.972900,0.000000,-46.092167,87.643829,-55.150341,-0.003543,0.005152,-0.036257,0.000474,0.001547,0.000477,,0.000000,0.000000,0.000000,0.000000,0.000000,0.000000,0.000000,0.000000,0.000000,0.000000,0.000000,0.000000,0.000000,0.000000,0.000000,2.356171,0.000000,0.000000,0.000000,1.000000,0.000000,0.023636
14.130032,1,100630.000000,100631.000000,100631.000000,100631.000000,100631.000000,0.000000,0.000000,0.000000,0.000000,0.000000,299.019989,100632.179688,298.973083,0.000000,-46.082741,87.643494,-55.141277,-0.008936,0.002505,-0.036608,0.000427,0.000661,0.000548,,0.000000,0.000000,0.000000,0.000000,0.000000,0.000000,0.000000,0.000000,0.000000,0.000000,0.000000,0.000000,0.000000,0.000000,0.000000,2.356506,0.000000,0.000000,0.000000,1.000000,0.000000,0.023484
14.153513,1,100631.000000,100631.000000,100631.000000,100631.000000,100631.000000,0.000000,0.000000,0.000000,0.000000,0.000000,299.019989,100632.171875,298.973297,0.000000,-46.059052,87.640846,-55.119663,-0.000199,-0.012472,-0.032558,0.000116,0.000733,0.000562,,0.000000,0.000000,0.000000,0.000000,0.000000,0.000000,0.000000,0.000000,0.000000,0.000000,0.000000,0.000000,0.000000,0.000000,0.000000,2.359154,0.000000,0.000000,0.000000,1.000000,0.000000,0.023443
14.177051,1,100631.000000,100631.000000,100631.000000,100632.000000,100632.000000,0.000000,0.000000,0.000000,0.000000,0.000000,299.019989,100632.171875,298.973480,0.000000,-46.060326,87.641830,-55.120289,0.006570,-0.021846,-0.028728,-0.000245,0.001847,0.000864,,0.000000,0.000000,0.000000,0.000000,0.000000,0.000000,0.000000,0.000000,0.000000,0.000000,0.000000,0.000000,0.000000,0.000000,0.000000,2.358170,0.000000,0.000000,0.000000,1.000000,0.000000,0.023559
14.200575,1,100631.000000,100631.000000,100632.000000,100635.000000,100635.000000,0.000000,0.000000,0.000000,0.000000,0.000000,299.019989,100632.187500,298.973694,0.000000,-46.109425,87.643494,-55.169750,0.006943,-0.005533,-0.043505,-0.000245,0.002304,0.000811,,0.000000,0.000000,0.000000,0.000000,0.000000,0.000000,0.000000,0.000000,0.000000,0.000000,0.000000,0.000000,0.000000,0.000000,0.000000,2.356506,0.000000,0.000000,0.000000,1.000000,0.000000,0.023534
14.224103,1,100631.000000,100632.000000,100635.000000,100632.000000,100632.000000,0.000000,0.000000,0.000000,0.000000,0.000000,299.019989,100632.187500,298.973877,0.000000,-46.102753,87.644577,-55.162281,0.006431,0.012319,-0.044125,-0.000330,0.001319,0.000550,,0.000000,0.000000,0.000000,0.000000,0.000000,0.000000,0.000000,0.000000,0.000000,0.000000,0.000000,0.000000,0.000000,0.000000,0.000000,2.355423,0.000000,0.000000,0.000000,1.000000,0.000000,0.023532
14.247576,1,100632.000000,100635.000000,100632.000000,100633.000000,100633.000000,0.000000,0.000000,0.000000,0.000000,0.000000,299.019989,100632.187500,298.974060,0.000000,-46.098267,87.644081,-55.157475,0.007569,-0.010040,-0.027340,0.000251,0.000116,0.000003,,0.000000,0.000000,0.000000,0.000000,0.000000,0.000000,0.000000,0.000000,0.000000,0.000000,0.000000,0.000000,0.000000,0.000000,0.000000,2.355919,0.000000,0.000000,0.000000,1.000000,0.000000,0.023462
14.271047,1,100635.000000,100632.000000,100633.000000,100632.000000,100632.000000,0.000000,0.000000,0.000000,0.000000,0.000000,299.019989,100632.187500,298.974274,0.000000,-46.076813,87.641914,-55.138226,0.011998,-0.016570,-0.031637,0.000728,0.000448,-0.000104,,0.000000,0.000000,0.000000,0.000000,0.000000,0.000000,0.000000,0.000000,0.000000,0.000000,0.000000,0.000000,0.000000,0.000000,0.000000,2.358086,0.000000,0.000000,0.000000,1.000000,0.000000,0.023460
14.294524,1,100632.000000,100633.000000,100632.000000,100633.000000,100633.000000,0.000000,0.000000,0.000000,0.000000,0.000000,299.019989,100632.195312,298.974457,0.000000,-46.067684,87.641830,-55.130997,0.008289,0.003914,-0.037050,0.001274,0.000984,0.000569,,0.000000,0.000000,0.000000,0.000000,0.000000,0.000000,0.000000,0.000000,0.000000,0.000000,0.000000,0.000000,0.000000,0.000000,0.000000,2.358170,0.000000,0.000000,0.000000,1.000000,0.000000,0.023499
14.318083,1,100633.000000,100632.000000,100633.000000,100632.000000,100632.000000,0.000000,0.000000,0.000000,0.000000,0.000000,299.019989,100632.187500,298.974640,0.000000,-46.104801,87.644905,-55.164772,-0.008333,0.009289,-0.027370,-0.000934,0.002014,0.000845,,0.000000,0.000000,0.000000,0.000000,0.000000,0.000000,0.000000,0.000000,0.000000,0.000000,0.000000,0.000000,0.000000,0.000000,0.000000,2.355095,0.000000,0.000000,0.000000,1.000000,0.000000,0.023509
14.341654,1,100632.000000,100633.000000,100632.000000,100632.000000,100632.000000,0.000000,0.000000,0.000000,0.000000,0.000000,299.019989,100632.187500,298.974823,0.000000,-46.106163,87.644165,-55.166256,0.012706,-0.003727,-0.030829,-0.000857,0.002000,0.000474,,0.000000,0.000000,0.000000,0.000000,0.000000,0.000000,0.000000,0.000000,0.000000,0.000000,0.000000,0.000000,0.000000,0.000000,0.000000,2.355835,0.000000,0.000000,0.000000,1.000000,0.000000,0.023612
14.365144,1,100633.000000,100632.000000,100632.000000,100637.000000,100637.000000,0.000000,0.000000,0.000000,0.000000,0.000000,299.019989,100632.210938,298.975006,0.000000,-46.107269,87.645081,-55.168419,0.003520,0.002466,-0.033139,0.000057,0.001184,0.000150,,0.000000,0.000000,0.000000,0.000000,0.000000,0.000000,0.000000,0.000000,0.000000,0.000000,0.000000,0.000000,0.000000,0.000000,0.000000,2.354919,0.000000,0.000000,0.000000,1.000000,0.000000,0.023481
14.388720,1,100632.000000,100632.000000,100637.000000,100633.000000,100633.000000,0.000000,0.000000,0.000000,0.000000,0.000000,299.019989,100632.210938,298.975189,0.000000,-46.119537,87.645821,-55.180454,-0.002623,-0.007218,-0.030505,0.001726,0.000533,0.000299,,0.000000,0.000000,0.000000,0.000000,0.000000,0.000000,0.000000,0.000000,0.000000,0.000000,0.000000,0.000000,0.000000,0.000000,0.000000,2.354179,0.000000,0.000000,0.000000,1.000000,0.000000,0.023593
14.412188,1,100632.000000,100637.000000,100633.000000,100631.000000,100631.000000,0.000000,0.000000,0.000000,0.000000,0.000000,299.019989,100632.210938,298.975372,0.000000,-46.101166,87.643250,-55.164967,-0.012217,0.000320,-0.032835,0.000505,0.000346,0.000247,,0.000000,0.000000,0.000000,0.000000,0.000000,0.000000,0.000000,0.000000,0.000000,0.000000,0.000000,0.000000,0.000000,0.000000,0.000000,2.356750,0.000000,0.000000,0.000000,1.000000,0.000000,0.023469
14.435689,1,100637.000000,100633.000000,100631.000000,100634.000000,100634.000000,0.000000,0.000000,0.000000,0.000000,0.000000,299.029999,100632.218750,298.975616,0.000000,-46.120441,87.643829,-55.183506,0.008601,-0.005980,-0.037493,-0.000522,0.001899,0.000989,,0.000000,0.000000,0.000000,0.000000,0.000000,0.000000,0.000000,0.000000,0.000000,0.000000,0.000000,0.000000,0.000000,0.000000,0.000000,2.356171,0.000000,0.000000,0.000000,1.000000,0.000000,0.023474
14.459234,1,100633.000000,100631.000000,100634.000000,100637.000000,100637.000000,0.000000,0.000000,0.000000,0.000000,0.000000,299.029999,100632.234375,298.975830,0.000000,-46.102737,87.644165,-55.166142,0.014928,0.005284,-0.032956,-0.001464,0.002194,0.001469,,0.000000,0.000000,0.000000,0.000000,0.000000,0.000000,0.000000,0.000000,0.000000,0.000000,0.000000,0.000000,0.000000,0.000000,0.000000,2.355835,0.000000,0.000000,0.000000,1.000000,0.000000,0.023549
14.482852,1,100631.000000,100634.000000,100637.000000,100631.000000,100631.000000,0.000000,0.000000,0.000000,0.000000,0.000000,299.029999,100632.226562,298.976044,0.000000,-46.133137,87.646240,-55.195686,0.007409,0.002689,-0.032825,-0.000390,0.002060,0.000956,,0.000000,0.000000,0.000000,0.000000,0.000000,0.000000,0.000000,0.000000,0.000000,0.000000,0.000000,0.000000,0.000000,0.000000,0.000000,2.353760,0.000000,0.000000,0.000000,1.000000,0.000000,0.023630
14.506341,1,100634.000000,100637.000000,100631.000000,100637.000000,100637.000000,0.000000,0.000000,0.000000,0.000000,0.000000,299.029999,100632.250000,298.976257,0.000000,-46.121651,87.645157,-55.186005,-0.005190,-0.015777,-0.037344,0.001136,0.000169,0.000231,,0.000000,0.000000,0.000000,0.000000,0.000000,0.000000,0.000000,0.000000,0.000000,0.000000,0.000000,0.000000,0.000000,0.000000,0.000000,2.354843,0.000000,0.000000,0.000000,1.000000,0.000000,0.023499
14.529803,1,100637.000000,100631.000000,100637.000000,100630.000000,100630.000000,0.000000,0.000000,0.000000,0.000000,0.000000,299.019989,100632.242188,298.976440,0.000000,-46.125214,87.644325,-55.190746,-0.006123,-0.010374,-0.036346,-0.000620,0.002150,0.000500,,0.000000,0.000000,0.000000,0.000000,0.000000,0.000000,0.000000,0.000000,0.000000,0.000000,0.000000,0.000000,0.000000,0.000000,0.000000,2.355675,0.000000,0.000000,0.000000,1.000000,0.000000,0.023459
14.553332,1,100631.000000,100637.000000,100630.000000,100632.000000,100632.000000,0.000000,0.000000,0.000000,0.000000,0.000000,299.029999,100632.242188,298.976654,0.000000,-46.126801,87.643661,-55.193192,0.015742,-0.007299,-0.028452,-0.000320,0.001587,0.000243,,0.000000,0.000000,0.000000,0.000000,0.000000,0.000000,0.000000,0.000000,0.000000,0.000000,0.000000,0.000000,0.000000,0.000000,0.000000,2.356339,0.000000,0.000000,0.000000,1.000000,0.000000,0.023505
14.577024,1,100637.000000,100630.000000,100632.000000,100630.000000,100630.000000,0.000000,0.000000,0.000000,0.000000,0.000000,299.029999,100632.226562,298.976868,0.000000,-46.151569,87.645081,-55.217113,0.012791,0.003641,-0.027361,-0.000931,0.002190,0.000777,,0.000000,0.000000,0.000000,0.000000,0.000000,0.000000,0.000000,0.000000,0.000000,0.000000,0.000000,0.000000,0.000000,0.000000,0.000000,2.354919,0.000000,0.000000,0.000000,1.000000,0.000000,0.023721
14.600473,1,100630.000000,100632.000000,100630.000000,100634.000000,100634.000000,0.000000,0.000000,0.000000,0.000000,0.000000,299.029999,100632.234375,298.977081,0.000000,-46.168919,87.646904,-55.233833,0.005010,0.009098,-0.035094,-0.001211,0.002335,0.001161,,0.000000,0.000000,0.000000,0.000000,0.000000,0.000000,0.000000,0.000000,0.000000,0.000000,0.000000,0.000000,0.000000,0.000000,0.000000,2.353096,0.000000,0.000000,0.000000,1.000000,0.000000,0.023449
14.624054,1,100632.000000,100630.000000,100634.000000,100633.000000,100633.000000,0.000000,0.000000,0.000000,0.000000,0.000000,299.029999,100632.242188,298.977295,0.000000,-46.153908,87.646904,-55.218830,-0.002522,-0.002691,-0.032392,0.000405,0.000844,0.000270,,0.000000,0.000000,0.000000,0.000000,0.000000,0.000000,0.000000,0.000000,0.000000,0.000000,0.000000,0.000000,0.000000,0.000000,0.000000,2.353096,0.000000,0.000000,0.000000,1.000000,0.000000,0.023566
14.647811,1,100630.000000,100634.000000,100633.000000,100633.000000,100633.000000,0.000000,0.000000,0.000000,0.000000,0.000000,299.029999,100632.242188,298.977478,0.000000,-46.122643,87.645737,-55.189720,0.006387,-0.012285,-0.036201,0.000859,0.000307,0.000752,,0.000000,0.000000,0.000000,0.000000,0.000000,0.000000,0.000000,0.000000,0.000000,0.000000,0.000000,0.000000,0.000000,0.000000,0.000000,2.354263,0.000000,0.000000,0.000000,1.000000,0.000000,0.023742
14.671285,1,100634.000000,100633.000000,100633.000000,100627.000000,100627.000000,0.000000,0.000000,0.000000,0.000000,0.000000,299.029999,100632.218750,298.977692,0.000000,-46.125004,87.645157,-55.193100,0.010962,-0.007816,-0.027943,-0.000490,0.002184,0.000674,,0.000000,0.000000,0.000000,0.000000,0.000000,0.000000,0.000000,0.000000,0.000000,0.000000,0.000000,0.000000,0.000000,0.000000,0.000000,2.354843,0.000000,0.000000,0.000000,1.000000,0.000000,0.023501
14.694781,1,100633.000000,100633.000000,100627.000000,100634.000000,100634.000000,0.000000,0.000000,0.000000,0.000000,0.000000,299.029999,100632.226562,298.977905,0.000000,-46.174824,87.647568,-55.240875,0.007508,0.003971,-0.026808,-0.000635,0.002779,0.000930,,0.000000,0.000000,0.000000,0.000000,0.000000,0.000000,0.000000,0.000000,0.000000,0.000000,0.000000,0.000000,0.000000,0.000000,0.000000,2.352432,0.000000,0.000000,0.000000,1.000000,0.000000,0.023490
14.718363,1,100633.000000,100627.000000,100634.000000,100633.000000,100633.000000,0.000000,0.000000,0.000000,0.000000,0.000000,299.029999,100632.234375,298.978088,0.000000,-46.205894,87.648903,-55.271225,0.005052,0.007028,-0.034542,-0.001239,0.002285,0.000449,,0.000000,0.000000,0.000000,0.000000,0.000000,0.000000,0.000000,0.000000,0.000000,0.000000,0.000000,0.000000,0.000000,0.000000,0.000000,2.351097,0.000000,0.000000,0.000000,1.000000,0.000000,0.023507
14.741943,1,100627.000000,100634.000000,100633.000000,100635.000000,100635.000000,0.000000,0.000000,0.000000,0.000000,0.000000,299.029999,100632.242188,298.978302,0.000000,-46.205353,87.648407,-55.269321,-0.000754,-0.007493,-0.038797,-0.000260,0.001450,0.000236,,0.000000,0.000000,0.000000,0.000000,0.000000,0.000000,0.000000,0.000000,0.000000,0.000000,0.000000,0.000000,0.000000,0.000000,0.000000,2.351593,0.000000,0.000000,0.000000,1.000000,0.000000,0.023653
14.765415,1,100634.000000,100633.000000,100635.000000,100630.000000,100630.000000,0.000000,0.000000,0.000000,0.000000,0.000000,299.029999,100632.234375,298.978485,0.000000,-46.176445,87.646400,-55.242886,0.001736,-0.018566,-0.030552,0.001128,0.000106,0.000778,,0.000000,0.000000,0.000000,0.000000,0.000000,0.000000,0.000000,0.000000,0.000000,0.000000,0.000000,0.000000,0.000000,0.000000,0.000000,2.353600,0.000000,0.000000,0.000000,1.000000,0.000000,0.023463
14.788904,1,100633.000000,100635.000000,100630.000000,100632.000000,100632.000000,0.000000,0.000000,0.000000,0.000000,0.000000,299.029999,100632.234375,298.978699,0.000000,-46.166134,87.645821,-55.234810,0.005342,-0.006730,-0.036931,0.001162,-0.000007,0.000679,,0.000000,0.000000,0.000000,0.000000,0.000000,0.000000,0.000000,0.000000,0.000000,0.000000,0.000000,0.000000,0.000000,0.000000,0.000000,2.354179,0.000000,0.000000,0.000000,1.000000,0.000000,0.023512
14.812361,1,100635.000000,100630.000000,100632.000000,100629.000000,100629.000000,0.000000,0.000000,0.000000,0.000000,0.000000,299.029999,100632.218750,298.978882,0.000000,-46.134968,87.645409,-55.205078,0.007651,0.010824,-0.027782,0.001820,-0.000094,0.000357,,0.000000,0.000000,0.000000,0.000000,0.000000,0.000000,0.000000,0.000000,0.000000,0.000000,0.000000,0.000000,0.000000,0.000000,0.000000,2.354591,0.000000,0.000000,0.000000,1.000000,0.000000,0.023453
14.835848,1,100630.000000,100632.000000,100629.000000,100638.000000,100638.000000,0.000000,0.000000,0.000000,0.000000,0.000000,299.029999,100632.242188,298.979095,0.000000,-46.183819,87.647652,-55.251122,0.004122,0.003907,-0.043613,-0.000881,0.002400,0.000934,,0.000000,0.000000,0.000000,0.000000,0.000000,0.000000,0.000000,0.000000,0.000000,0.000000,0.000000,0.000000,0.000000,0.000000,0.000000,2.352348,0.000000,0.000000,0.000000,1.000000,0.000000,0.023461
14.859403,1,100632.000000,100629.000000,100638.000000,100634.000000,100634.000000,0.000000,0.000000,0.000000,0.000000,0.000000,299.029999,100632.250000,298.979279,0.000000,-46.207153,87.649063,-55.274128,0.004318,-0.010000,-0.035488,-0.000607,0.002185,0.000990,,0.000000,0.000000,0.000000,0.000000,0.000000,0.000000,0.000000,0.000000,0.000000,0.000000,0.000000,0.000000,0.000000,0.000000,0.000000,2.350937,0.000000,0.000000,0.000000,1.000000,0.000000,0.023566
14.883006,1,100629.000000,100638.000000,100634.000000,100630.000000,100630.000000,0.000000,0.000000,0.000000,0.000000,0.000000,299.029999,100632.242188,298.979462,0.000000,-46.184570,87.648315,-55.253555,-0.005714,-0.010410,-0.041451,0.002569,-0.000284,0.000214,,0.000000,0.000000,0.000000,0.000000,0.000000,0.000000,0.000000,0.000000,0.000000,0.000000,0.000000,0.000000,0.000000,0.000000,0.000000,2.351685,0.000000,0.000000,0.000000,1.000000,0.000000,0.023616
14.906451,1,100638.000000,100634.000000,100630.000000,100631.000000,100631.000000,0.000000,0.000000,0.000000,0.000000,0.000000,299.029999,100632.234375,298.979675,0.000000,-46.156513,87.646156,-55.228226,-0.003701,-0.000151,-0.035084,0.000482,-0.000017,0.000429,,0.000000,0.000000,0.000000,0.000000,0.000000,0.000000,0.000000,0.000000,0.000000,0.000000,0.000000,0.000000,0.000000,0.000000,0.000000,2.353844,0.000000,0.000000,0.000000,1.000000,0.000000,0.023453
14.929891,1,100634.000000,100630.000000,100631.000000,100634.000000,100634.000000,0.000000,0.000000,0.000000,0.000000,0.000000,299.029999,100632.242188,298.979858,0.000000,-46.133514,87.645081,-55.207073,-0.001134,0.004377,-0.039124,0.000966,0.000215,0.000255,,0.000000,0.000000,0.000000,0.000000,0.000000,0.000000,0.000000,0.000000,0.000000,0.000000,0.000000,0.000000,0.000000,0.000000,0.000000,2.354919,0.000000,0.000000,0.000000,1.000000,0.000000,0.023435
14.953408,1,100630.000000,100631.000000,100634.000000,100636.000000,100636.000000,0.000000,0.000000,0.000000,0.000000,0.000000,299.029999,100632.257812,298.980042,0.000000,-46.153030,87.645325,-55.226433,0.011889,0.003369,-0.030279,-0.000785,0.001926,0.000519,,0.000000,0.000000,0.000000,0.000000,0.000000,0.000000,0.000000,0.000000,0.000000,0.000000,0.000000,0.000000,0.000000,0.000000,0.000000,2.354675,0.000000,0.000000,0.000000,1.000000,0.000000,0.023486
14.977106,1,100631.000000,100634.000000,100636.000000,100633.000000,100633.000000,0.000000,0.000000,0.000000,0.000000,0.000000,299.029999,100632.257812,298.980225,0.000000,-46.169823,87.648148,-55.241779,0.002836,-0.002129,-0.032065,-0.000417,0.002475,0.001139,,0.000000,0.000000,0.000000,0.000000,0.000000,0.000000,0.000000,0.000000,0.000000,0.000000,0.000000,0.000000,0.000000,0.000000,0.000000,2.351852,0.000000,0.000000,0.000000,1.000000,0.000000,0.023727
15.004416,1,100634.000000,100636.000000,100633.000000,100637.000000,100637.000000,0.000000,0.000000,0.000000,0.000000,0.000000,299.019989,100632.281250,298.980377,0.000000,-46.187222,87.648483,-55.260014,0.006776,0.000523,-0.039004,-0.000590,0.002180,0.000359,,0.000000,0.000000,0.000000,0.000000,0.000000,0.000000,0.000000,0.000000,0.000000,0.000000,0.000000,0.000000,0.000000,0.000000,0.000000,2.351517,0.000000,0.000000,0.000000,1.000000,0.000000,0.027293
15.027947,1,100636.000000,100633.000000,100637.000000,100631.000000,100631.000000,0.000000,0.000000,0.000000,0.000000,0.000000,299.019989,100632.273438,298.980530,0.000000,-46.201790,87.648232,-55.275002,-0.001771,-0.003983,-0.036072,0.000808,-0.000275,0.000276,,0.000000,0.000000,0.000000,0.000000,0.000000,0.000000,0.000000,0.000000,0.000000,0.000000,0.000000,0.000000,0.000000,0.000000,0.000000,2.351768,0.000000,0.000000,0.000000,1.000000,0.000000,0.023551
15.051484,1,100633.000000,100637.000000,100631.000000,100635.000000,100635.000000,0.000000,0.000000,0.000000,0.000000,0.000000,299.029999,100632.281250,298.980713,0.000000,-46.184898,87.647568,-55.259445,0.007542,-0.012016,-0.035665,0.001171,0.000318,0.000041,,0.000000,0.000000,0.000000,0.000000,0.000000,0.000000,0.000000,0.000000,0.000000,0.000000,0.000000,0.000000,0.000000,0.000000,0.000000,2.352432,0.000000,0.000000,0.000000,1.000000,0.000000,0.023534
15.074932,1,100637.000000,100631.000000,100635.000000,100629.000000,100629.000000,0.000000,0.000000,0.000000,0.000000,0.000000,299.019989,100632.273438,298.980835,0.000000,-46.200417,87.647568,-55.276375,0.009883,0.003874,-0.030079,-0.000001,0.001901,0.000899,,0.000000,0.000000,0.000000,0.000000,0.000000,0.000000,0.000000,0.000000,0.000000,0.000000,0.000000,0.000000,0.000000,0.000000,0.000000,2.352432,0.000000,0.000000,0.000000,1.000000,0.000000,0.023437
15.098466,1,100631.000000,100635.000000,100629.000000,100631.000000,100631.000000,0.000000,0.000000,0.000000,0.000000,0.000000,299.029999,100632.265625,298.981018,0.000000,-46.197056,87.649323,-55.273338,0.006235,0.000802,-0.043673,0.000936,0.000643,0.000417,,0.000000,0.000000,0.000000,0.000000,0.000000,0.000000,0.000000,0.000000,0.000000,0.000000,0.000000,0.000000,0.000000,0.000000,0.000000,2.350677,0.000000,0.000000,0.000000,1.000000,0.000000,0.023551
15.121928,1,100635.000000,100629.000000,100631.000000,100627.000000,100627.000000,0.000000,0.000000,0.000000,0.000000,0.000000,299.029999,100632.250000,298.981201,0.000000,-46.206432,87.649567,-55.281830,-0.013835,0.006127,-0.021854,-0.000478,0.001870,0.000918,,0.000000,0.000000,0.000000,0.000000,0.000000,0.000000,0.000000,0.000000,0.000000,0.000000,0.000000,0.000000,0.000000,0.000000,0.000000,2.350433,0.000000,0.000000,0.000000,1.000000,0.000000,0.023461
15.145391,1,100629.000000,100631.000000,100627.000000,100630.000000,100630.000000,0.000000,0.000000,0.000000,0.000000,0.000000,299.029999,100632.242188,298.981384,0.000000,-46.164230,87.647156,-55.241985,0.008387,-0.008103,-0.032072,0.001127,0.000154,0.000026,,0.000000,0.000000,0.000000,0.000000,0.000000,0.000000,0.000000,0.000000,0.000000,0.000000,0.000000,0.000000,0.000000,0.000000,0.000000,2.352844,0.000000,0.000000,0.000000,1.000000,0.000000,0.023453
15.168890,1,100631.000000,100627.000000,100630.000000,100635.000000,100635.000000,0.000000,0.000000,0.000000,0.000000,0.000000,299.029999,100632.250000,298.981537,0.000000,-46.146439,87.646652,-55.226421,0.000415,-0.001692,-0.029247,0.001376,0.000471,0.000229,,0.000000,0.000000,0.000000,0.000000,0.000000,0.000000,0.000000,0.000000,0.000000,0.000000,0.000000,0.000000,0.000000,0.000000,0.000000,2.353348,0.000000,0.000000,0.000000,1.000000,0.000000,0.023468
15.192565,1,100627.000000,100630.000000,100635.000000,100633.000000,100633.000000,0.000000,0.000000,0.000000,0.000000,0.000000,299.029999,100632.250000,298.981720,0.000000,-46.156376,87.647820,-55.236477,0.002046,0.000060,-0.036322,-0.000386,0.002772,0.001301,,0.000000,0.000000,0.000000,0.000000,0.000000,0.000000,0.000000,0.000000,0.000000,0.000000,0.000000,0.000000,0.000000,0.000000,0.000000,2.352180,0.000000,0.000000,0.000000,1.000000,0.000000,0.023712
15.216026,1,100630.000000,100635.000000,100633.000000,100638.000000,100638.000000,0.000000,0.000000,0.000000,0.000000,0.000000,299.029999,100632.273438,298.981903,0.000000,-46.199162,87.648987,-55.278461,0.010227,-0.000411,-0.027851,-0.001069,0.002763,0.000046,,0.000000,0.000000,0.000000,0.000000,0.000000,0.000000,0.000000,0.000000,0.000000,0.000000,0.000000,0.000000,0.000000,0.000000,0.000000,2.351013,0.000000,0.000000,0.000000,1.000000,0.000000,0.023461
15.239506,1,100635.000000,100633.000000,100638.000000,100632.000000,100632.000000,0.000000,0.000000,0.000000,0.000000,0.000000,299.029999,100632.273438,298.982056,0.000000,-46.217953,87.649734,-55.296265,0.009531,-0.004147,-0.036877,-0.001237,0.002267,0.000191,,0.000000,0.000000,0.000000,0.000000,0.000000,0.000000,0.000000,0.000000,0.000000,0.000000,0.000000,0.000000,0.000000,0.000000,0.000000,2.350266,0.000000,0.000000,0.000000,1.000000,0.000000,0.023471
15.262996,1,100633.000000,100638.000000,100632.000000,100638.000000,100638.000000,0.000000,0.000000,0.000000,0.000000,0.000000,299.029999,100632.289062,298.982239,0.000000,-46.212082,87.648567,-55.291683,0.008541,-0.008132,-0.035061,0.000055,0.001355,0.000595,,0.000000,0.000000,0.000000,0.000000,0.000000,0.000000,0.000000,0.000000,0.000000,0.000000,0.000000,0.000000,0.000000,0.000000,0.000000,2.351433,0.000000,0.000000,0.000000,1.000000,0.000000,0.023469
15.286514,1,100638.000000,100632.000000,100638.000000,100632.000000,100632.000000,0.000000,0.000000,0.000000,0.000000,0.000000,299.029999,100632.289062,298.982422,0.000000,-46.201237,87.647400,-55.283298,-0.003602,-0.001436,-0.038797,0.000631,0.000665,-0.000402,,0.000000,0.000000,0.000000,0.000000,0.000000,0.000000,0.000000,0.000000,0.000000,0.000000,0.000000,0.000000,0.000000,0.000000,0.000000,2.352600,0.000000,0.000000,0.000000,1.000000,0.000000,0.023549
15.310118,1,100632.000000,100638.000000,100632.000000,100637.000000,100637.000000,0.000000,0.000000,0.000000,0.000000,0.000000,299.029999,100632.304688,298.982574,0.000000,-46.183723,87.646317,-55.267067,0.000801,-0.003407,-0.032330,-0.000529,0.001197,0.000618,,0.000000,0.000000,0.000000,0.000000,0.000000,0.000000,0.000000,0.000000,0.000000,0.000000,0.000000,0.000000,0.000000,0.000000,0.000000,2.353683,0.000000,0.000000,0.000000,1.000000,0.000000,0.023527
15.333690,1,100638.000000,100632.000000,100637.000000,100633.000000,100633.000000,0.000000,0.000000,0.000000,0.000000,0.000000,299.029999,100632.312500,298.982758,0.000000,-46.213886,87.648071,-55.294205,0.007044,-0.004316,-0.036341,-0.000984,0.001611,0.000522,,0.000000,0.000000,0.000000,0.000000,0.000000,0.000000,0.000000,0.000000,0.000000,0.000000,0.000000,0.000000,0.000000,0.000000,0.000000,2.351929,0.000000,0.000000,0.000000,1.000000,0.000000,0.023641
15.357222,1,100632.000000,100637.000000,100633.000000,100634.000000,100634.000000,0.000000,0.000000,0.000000,0.000000,0.000000,299.029999,100632.312500,298.982910,0.000000,-46.227673,87.647652,-55.307629,0.008972,0.001459,-0.027210,-0.000648,0.002453,0.000271,,0.000000,0.000000,0.000000,0.000000,0.000000,0.000000,0.000000,0.000000,0.000000,0.000000,0.000000,0.000000,0.000000,0.000000,0.000000,2.352348,0.000000,0.000000,0.000000,1.000000,0.000000,0.023514
15.380770,1,100637.000000,100633.000000,100634.000000,100633.000000,100633.000000,0.000000,0.000000,0.000000,0.000000,0.000000,299.029999,100632.320312,298.983063,0.000000,-46.260132,87.648903,-55.339775,0.006412,0.000763,-0.033412,-0.001028,0.002140,0.000449,,0.000000,0.000000,0.000000,0.000000,0.000000,0.000000,0.000000,0.000000,0.000000,0.000000,0.000000,0.000000,0.000000,0.000000,0.000000,2.351097,0.000000,0.000000,0.000000,1.000000,0.000000,0.023566
15.404417,1,100633.000000,100634.000000,100633.000000,100631.000000,100631.000000,0.000000,0.000000,0.000000,0.000000,0.000000,299.029999,100632.312500,298.983246,0.000000,-46.250431,87.647736,-55.332420,-0.003863,-0.007640,-0.031654,0.000550,0.001138,0.000541,,0.000000,0.000000,0.000000,0.000000,0.000000,0.000000,0.000000,0.000000,0.000000,0.000000,0.000000,0.000000,0.000000,0.000000,0.000000,2.352264,0.000000,0.000000,0.000000,1.000000,0.000000,0.023596
15.431774,1,100634.000000,100633.000000,100631.000000,100634.000000,100634.000000,0.000000,0.000000,0.000000,0.000000,0.000000,299.019989,100632.320312,298.983368,0.000000,-46.226883,87.647316,-55.311211,0.007222,0.000611,-0.041348,0.000434,0.000760,0.000441,,0.000000,0.000000,0.000000,0.000000,0.000000,0.000000,0.000000,0.000000,0.000000,0.000000,0.000000,0.000000,0.000000,0.000000,0.000000,2.352684,0.000000,0.000000,0.000000,1.000000,0.000000,0.027412
15.455263,1,100633.000000,100631.000000,100634.000000,100635.000000,100635.000000,0.000000,0.000000,0.000000,0.000000,0.000000,299.029999,100632.328125,298.983521,0.000000,-46.215427,87.646820,-55.300625,0.009798,-0.000494,-0.032080,0.001179,0.001180,0.000585,,0.000000,0.000000,0.000000,0.000000,0.000000,0.000000,0.000000,0.000000,0.000000,0.000000,0.000000,0.000000,0.000000,0.000000,0.000000,2.353180,0.000000,0.000000,0.000000,1.000000,0.000000,0.023462
15.478797,1,100631.000000,100634.000000,100635.000000,100632.000000,100632.000000,0.000000,0.000000,0.000000,0.000000,0.000000,299.019989,100632.328125,298.983643,0.000000,-46.227810,87.647568,-55.313183,0.009048,-0.004336,-0.045023,-0.000896,0.002394,0.000957,,0.000000,0.000000,0.000000,0.000000,0.000000,0.000000,0.000000,0.000000,0.000000,0.000000,0.000000,0.000000,0.000000,0.000000,0.000000,2.352432,0.000000,0.000000,0.000000,1.000000,0.000000,0.023538
15.502367,1,100634.000000,100635.000000,100632.000000,100634.000000,100634.000000,0.000000,0.000000,0.000000,0.000000,0.000000,299.029999,100632.335938,298.983826,0.000000,-46.252644,87.649979,-55.336021,0.000606,0.008390,-0.033907,-0.000661,0.002240,0.000824,,0.000000,0.000000,0.000000,0.000000,0.000000,0.000000,0.000000,0.000000,0.000000,0.000000,0.000000,0.000000,0.000000,0.000000,0.000000,2.350021,0.000000,0.000000,0.000000,1.000000,0.000000,0.023519
15.525958,1,100635.000000,100632.000000,100634.000000,100633.000000,100633.000000,0.000000,0.000000,0.000000,0.000000,0.000000,299.029999,100632.335938,298.983978,0.000000,-46.259224,87.649734,-55.343079,0.001741,-0.002235,-0.034234,-0.001075,0.001686,0.000575,,0.000000,0.000000,0.000000,0.000000,0.000000,0.000000,0.000000,0.000000,0.000000,0.000000,0.000000,0.000000,0.000000,0.000000,0.000000,2.350266,0.000000,0.000000,0.000000,1.000000,0.000000,0.023666
15.549435,1,100632.000000,100634.000000,100633.000000,100632.000000,100632.000000,0.000000,0.000000,0.000000,0.000000,0.000000,299.029999,100632.335938,298.984131,0.000000,-46.237938,87.647903,-55.323132,0.001088,-0.014233,-0.030332,0.000943,-0.000517,0.000445,,0.000000,0.000000,0.000000,0.000000,0.000000,0.000000,0.000000,0.000000,0.000000,0.000000,0.000000,0.000000,0.000000,0.000000,0.000000,2.352097,0.000000,0.000000,0.000000,1.000000,0.000000,0.023468
15.572976,1,100634.000000,100633.000000,100632.000000,100634.000000,100634.000000,0.000000,0.000000,0.000000,0.000000,0.000000,299.029999,100632.343750,298.984283,0.000000,-46.220764,87.646904,-55.307858,0.004061,-0.001640,-0.037402,0.000764,0.000606,0.000016,,0.000000,0.000000,0.000000,0.000000,0.000000,0.000000,0.000000,0.000000,0.000000,0.000000,0.000000,0.000000,0.000000,0.000000,0.000000,2.353096,0.000000,0.000000,0.000000,1.000000,0.000000,0.023531
15.596537,1,100633.000000,100632.000000,100634.000000,100632.000000,100632.000000,0.000000,0.000000,0.000000,0.000000,0.000000,299.029999,100632.335938,298.984436,0.000000,-46.240513,87.648651,-55.327583,0.000888,0.001982,-0.031111,-0.000236,0.002109,0.000763,,0.000000,0.000000,0.000000,0.000000,0.000000,0.000000,0.000000,0.000000,0.000000,0.000000,0.000000,0.000000,0.000000,0.000000,0.000000,2.351349,0.000000,0.000000,0.000000,1.000000,0.000000,0.023578
15.620147,1,100632.000000,100634.000000,100632.000000,100635.000000,100635.000000,0.000000,0.000000,0.000000,0.000000,0.000000,299.029999,100632.351562,298.984589,0.000000,-46.243507,87.648567,-55.331524,-0.004235,0.004209,-0.039171,0.001218,0.001268,0.000835,,0.000000,0.000000,0.000000,0.000000,0.000000,0.000000,0.000000,0.000000,0.000000,0.000000,0.000000,0.000000,0.000000,0.000000,0.000000,2.351433,0.000000,0.000000,0.000000,1.000000,0.000000,0.023575
15.643934,1,100634.000000,100632.000000,100635.000000,100634.000000,100634.000000,0.000000,0.000000,0.000000,0.000000,0.000000,299.029999,100632.351562,298.984741,0.000000,-46.231979,87.649147,-55.318787,-0.001787,-0.008341,-0.036024,-0.000237,0.001291,0.000548,,0.000000,0.000000,0.000000,0.000000,0.000000,0.000000,0.000000,0.000000,0.000000,0.000000,0.000000,0.000000,0.000000,0.000000,0.000000,2.350853,0.000000,0.000000,0.000000,1.000000,0.000000,0.023808
15.667409,1,100632.000000,100635.000000,100634.000000,100629.000000,100629.000000,0.000000,0.000000,0.000000,0.000000,0.000000,299.029999,100632.343750,298.984894,0.000000,-46.235115,87.648232,-55.324722,0.001509,0.003738,-0.031293,0.001756,0.000908,0.000370,,0.000000,0.000000,0.000000,0.000000,0.000000,0.000000,0.000000,0.000000,0.000000,0.000000,0.000000,0.000000,0.000000,0.000000,0.000000,2.351768,0.000000,0.000000,0.000000,1.000000,0.000000,0.023490
15.690922,1,100635.000000,100634.000000,100629.000000,100631.000000,100631.000000,0.000000,0.000000,0.000000,0.000000,0.000000,299.029999,100632.335938,298.985046,0.000000,-46.230179,87.648987,-55.319672,-0.004455,0.006596,-0.042578,0.000676,0.000313,0.000424,,0.000000,0.000000,0.000000,0.000000,0.000000,0.000000,0.000000,0.000000,0.000000,0.000000,0.000000,0.000000,0.000000,0.000000,0.000000,2.351013,0.000000,0.000000,0.000000,1.000000,0.000000,0.023515
15.714389,1,100634.000000,100629.000000,100631.000000,100635.000000,100635.000000,0.000000,0.000000,0.000000,0.000000,0.000000,299.029999,100632.343750,298.985199,0.000000,-46.218502,87.647316,-55.309864,-0.003382,-0.003984,-0.032735,-0.000326,0.001724,0.000060,,0.000000,0.000000,0.000000,0.000000,0.000000,0.000000,0.000000,0.000000,0.000000,0.000000,0.000000,0.000000,0.000000,0.000000,0.000000,2.352684,0.000000,0.000000,0.000000,1.000000,0.000000,0.023465
15.737903,1,100629.000000,100631.000000,100635.000000,100630.000000,100630.000000,0.000000,0.000000,0.000000,0.000000,0.000000,299.029999,100632.335938,298.985352,0.000000,-46.216988,87.648483,-55.307545,0.002959,-0.001921,-0.033243,-0.000839,0.002540,0.001293,,0.000000,0.000000,0.000000,0.000000,0.000000,0.000000,0.000000,0.000000,0.000000,0.000000,0.000000,0.000000,0.000000,0.000000,0.000000,2.351517,0.000000,0.000000,0.000000,1.000000,0.000000,0.023470
15.761558,1,100631.000000,100635.000000,100630.000000,100632.000000,100632.000000,0.000000,0.000000,0.000000,0.000000,0.000000,299.029999,100632.335938,298.985504,0.000000,-46.227894,87.650734,-55.317844,-0.000071,0.005170,-0.023021,0.000271,0.000752,0.001051,,0.000000,0.000000,0.000000,0.000000,0.000000,0.000000,0.000000,0.000000,0.000000,0.000000,0.000000,0.000000,0.000000,0.000000,0.000000,2.349266,0.000000,0.000000,0.000000,1.000000,0.000000,0.023692
15.785029,1,100635.000000,100630.000000,100632.000000,100632.000000,100632.000000,0.000000,0.000000,0.000000,0.000000,0.000000,299.029999,100632.335938,298.985657,0.000000,-46.193336,87.649979,-55.285969,-0.006818,-0.002011,-0.033185,0.000960,0.000965,0.000746,,0.000000,0.000000,0.000000,0.000000,0.000000,0.000000,0.000000,0.000000,0.000000,0.000000,0.000000,0.000000,0.000000,0.000000,0.000000,2.350021,0.000000,0.000000,0.000000,1.000000,0.000000,0.023481
15.808476,1,100630.000000,100632.000000,100632.000000,100631.000000,100631.000000,0.000000,0.000000,0.000000,0.000000,0.000000,299.029999,100632.335938,298.985779,0.000000,-46.181591,87.648735,-55.276123,-0.009443,-0.005203,-0.028443,0.000767,0.000942,0.000145,,0.000000,0.000000,0.000000,0.000000,0.000000,0.000000,0.000000,0.000000,0.000000,0.000000,0.000000,0.000000,0.000000,0.000000,0.000000,2.351265,0.000000,0.000000,0.000000,1.000000,0.000000,0.023443
15.831926,1,100632.000000,100632.000000,100631.000000,100634.000000,100634.000000,0.000000,0.000000,0.000000,0.000000,0.000000,299.029999,100632.335938,298.985931,0.000000,-46.214394,87.649979,-55.308121,-0.003743,0.006355,-0.035267,0.000851,0.000849,0.000127,,0.000000,0.000000,0.000000,0.000000,0.000000,0.000000,0.000000,0.000000,0.000000,0.000000,0.000000,0.000000,0.000000,0.000000,0.000000,2.350021,0.000000,0.000000,0.000000,1.000000,0.000000,0.023452
15.855451,1,100632.000000,100631.000000,100634.000000,100635.000000,100635.000000,0.000000,0.000000,0.000000,0.000000,0.000000,299.029999,100632.343750,298.986084,0.000000,-46.215096,87.650734,-55.310020,0.009239,-0.006715,-0.038614,-0.000589,0.002888,0.001205,,0.000000,0.000000,0.000000,0.000000,0.000000,0.000000,0.000000,0.000000,0.000000,0.000000,0.000000,0.000000,0.000000,0.000000,0.000000,2.349266,0.000000,0.000000,0.000000,1.000000,0.000000,0.023477
15.878923,1,100631.000000,100634.000000,100635.000000,100634.000000,100634.000000,0.000000,0.000000,0.000000,0.000000,0.000000,299.029999,100632.351562,298.986206,0.000000,-46.257366,87.652733,-55.351685,0.002054,0.007132,-0.034121,-0.000485,0.002687,0.000884,,0.000000,0.000000,0.000000,0.000000,0.000000,0.000000,0.000000,0.000000,0.000000,0.000000,0.000000,0.000000,0.000000,0.000000,0.000000,2.347267,0.000000,0.000000,0.000000,1.000000,0.000000,0.023515
15.902361,1,100634.000000,100635.000000,100634.000000,100629.000000,100629.000000,0.000000,0.000000,0.000000,0.000000,0.000000,299.029999,100632.343750,298.986359,0.000000,-46.221485,87.651901,-55.317379,0.001559,0.003673,-0.036700,0.001979,-0.000425,0.000806,,0.000000,0.000000,0.000000,0.000000,0.000000,0.000000,0.000000,0.000000,0.000000,0.000000,0.000000,0.000000,0.000000,0.000000,0.000000,2.348099,0.000000,0.000000,0.000000,1.000000,0.000000,0.023444
15.926032,1,100635.000000,100634.000000,100629.000000,100635.000000,100635.000000,0.000000,0.000000,0.000000,0.000000,0.000000,299.029999,100632.351562,298.986511,0.000000,-46.190544,87.649239,-55.289959,0.005267,-0.002929,-0.031187,0.000877,0.000113,0.000178,,0.000000,0.000000,0.000000,0.000000,0.000000,0.000000,0.000000,0.000000,0.000000,0.000000,0.000000,0.000000,0.000000,0.000000,0.000000,2.350761,0.000000,0.000000,0.000000,1.000000,0.000000,0.023591
15.949696,1,100634.000000,100629.000000,100635.000000,100633.000000,100633.000000,0.000000,0.000000,0.000000,0.000000,0.000000,299.029999,100632.351562,298.986633,0.000000,-46.152348,87.647903,-55.252842,0.011332,-0.004787,-0.037330,0.000429,-0.000015,0.000137,,0.000000,0.000000,0.000000,0.000000,0.000000,0.000000,0.000000,0.000000,0.000000,0.000000,0.000000,0.000000,0.000000,0.000000,0.000000,2.352097,0.000000,0.000000,0.000000,1.000000,0.000000,0.023736
15.973236,1,100629.000000,100635.000000,100633.000000,100635.000000,100635.000000,0.000000,0.000000,0.000000,0.000000,0.000000,299.029999,100632.359375,298.986786,0.000000,-46.149181,87.646652,-55.251446,0.006252,-0.003253,-0.027704,-0.000175,0.001051,0.000278,,0.000000,0.000000,0.000000,0.000000,0.000000,0.000000,0.000000,0.000000,0.000000,0.000000,0.000000,0.000000,0.000000,0.000000,0.000000,2.353348,0.000000,0.000000,0.000000,1.000000,0.000000,0.023544
15.996688,1,100635.000000,100633.000000,100635.000000,100636.000000,100636.000000,0.000000,0.000000,0.000000,0.000000,0.000000,299.029999,100632.375000,298.986908,0.000000,-46.179821,87.649979,-55.280560,0.008846,0.002197,-0.037424,-0.000822,0.002711,0.000871,,0.000000,0.000000,0.000000,0.000000,0.000000,0.000000,0.000000,0.000000,0.000000,0.000000,0.000000,0.000000,0.000000,0.000000,0.000000,2.350021,0.000000,0.000000,0.000000,1.000000,0.000000,0.023457
16.020244,1,100633.000000,100635.000000,100636.000000,100635.000000,100635.000000,0.000000,0.000000,0.000000,0.000000,0.000000,299.029999,100632.382812,298.987061,0.000000,-46.205708,87.650566,-55.306885,0.006341,-0.010302,-0.030510,-0.000692,0.002489,0.001091,,0.000000,0.000000,0.000000,0.000000,0.000000,0.000000,0.000000,0.000000,0.000000,0.000000,0.000000,0.000000,0.000000,0.000000,0.000000,2.349434,0.000000,0.000000,0.000000,1.000000,0.000000,0.023505
16.044084,1,100635.000000,100636.000000,100635.000000,100633.000000,100633.000000,0.000000,0.000000,0.000000,0.000000,0.000000,299.029999,100632.382812,298.987183,0.000000,-46.214691,87.652565,-55.315586,-0.003506,-0.007964,-0.034820,0.001490,0.000902,0.000154,,0.000000,0.000000,0.000000,0.000000,0.000000,0.000000,0.000000,0.000000,0.000000,0.000000,0.000000,0.000000,0.000000,0.000000,0.000000,2.347435,0.000000,0.000000,0.000000,1.000000,0.000000,0.023708
16.067681,1,100636.000000,100635.000000,100633.000000,100629.000000,100629.000000,0.000000,0.000000,0.000000,0.000000,0.000000,299.029999,100632.375000,298.987335,0.000000,-46.170837,87.649643,-55.274788,-0.008767,-0.002111,-0.034395,0.001184,0.000370,-0.000379,,0.000000,0.000000,0.000000,0.000000,0.000000,0.000000,0.000000,0.000000,0.000000,0.000000,0.000000,0.000000,0.000000,0.000000,0.000000,2.350357,0.000000,0.000000,0.000000,1.000000,0.000000,0.023774
16.091233,1,100635.000000,100633.000000,100629.000000,100629.000000,100629.000000,0.000000,0.000000,0.000000,0.000000,0.000000,299.029999,100632.359375,298.987457,0.000000,-46.161419,87.647987,-55.267132,0.003033,0.007023,-0.031404,0.000946,0.000730,-0.000286,,0.000000,0.000000,0.000000,0.000000,0.000000,0.000000,0.000000,0.000000,0.000000,0.000000,0.000000,0.000000,0.000000,0.000000,0.000000,2.352013,0.000000,0.000000,0.000000,1.000000,0.000000,0.023552
16.114707,1,100633.000000,100629.000000,100629.000000,100633.000000,100633.000000,0.000000,0.000000,0.000000,0.000000,0.000000,299.029999,100632.359375,298.987610,0.000000,-46.210323,87.650230,-55.313141,0.009121,-0.005001,-0.032866,-0.000743,0.001833,0.000617,,0.000000,0.000000,0.000000,0.000000,0.000000,0.000000,0.000000,0.000000,0.000000,0.000000,0.000000,0.000000,0.000000,0.000000,0.000000,2.349770,0.000000,0.000000,0.000000,1.000000,0.000000,0.023477
16.138237,1,100629.000000,100629.000000,100633.000000,100631.000000,100631.000000,0.000000,0.000000,0.000000,0.000000,0.000000,299.029999,100632.359375,298.987732,0.000000,-46.217014,87.649902,-55.320698,0.005277,-0.010115,-0.032041,-0.000937,0.002198,0.001032,,0.000000,0.000000,0.000000,0.000000,0.000000,0.000000,0.000000,0.000000,0.000000,0.000000,0.000000,0.000000,0.000000,0.000000,0.000000,2.350098,0.000000,0.000000,0.000000,1.000000,0.000000,0.023465
16.162077,1,100629.000000,100633.000000,100631.000000,100631.000000,100631.000000,0.000000,0.000000,0.000000,0.000000,0.000000,299.029999,100632.351562,298.987854,0.000000,-46.230175,87.650566,-55.333553,-0.002360,-0.001352,-0.035158,0.000054,0.001217,0.000231,,0.000000,0.000000,0.000000,0.000000,0.000000,0.000000,0.000000,0.000000,0.000000,0.000000,0.000000,0.000000,0.000000,0.000000,0.000000,2.349434,0.000000,0.000000,0.000000,1.000000,0.000000,0.023797
16.186230,1,100633.000000,100631.000000,100631.000000,100634.000000,100634.000000,0.000000,0.000000,0.000000,0.000000,0.000000,299.029999,100632.359375,298.988007,0.000000,-46.196289,87.648903,-55.302685,-0.000336,-0.007483,-0.035995,0.000495,0.000323,0.000302,,0.000000,0.000000,0.000000,0.000000,0.000000,0.000000,0.000000,0.000000,0.000000,0.000000,0.000000,0.000000,0.000000,0.000000,0.000000,2.351097,0.000000,0.000000,0.000000,1.000000,0.000000,0.024166
16.210119,1,100631.000000,100631.000000,100634.000000,100633.000000,100633.000000,0.000000,0.000000,0.000000,0.000000,0.000000,299.029999,100632.359375,298.988129,0.000000,-46.184208,87.647400,-55.292011,0.010335,-0.006029,-0.035824,0.000451,0.001116,0.000228,,0.000000,0.000000,0.000000,0.000000,0.000000,0.000000,0.000000,0.000000,0.000000,0.000000,0.000000,0.000000,0.000000,0.000000,0.000000,2.352600,0.000000,0.000000,0.000000,1.000000,0.000000,0.023794
16.233703,1,100631.000000,100634.000000,100633.000000,100630.000000,100630.000000,0.000000,0.000000,0.000000,0.000000,0.000000,299.029999,100632.351562,298.988251,0.000000,-46.186340,87.647316,-55.294525,0.004356,-0.004664,-0.031298,-0.000033,0.001387,0.001196,,0.000000,0.000000,0.000000,0.000000,0.000000,0.000000,0.000000,0.000000,0.000000,0.000000,0.000000,0.000000,0.000000,0.000000,0.000000,2.352684,0.000000,0.000000,0.000000,1.000000,0.000000,0.023781
16.257142,1,100634.000000,100633.000000,100630.000000,100630.000000,100630.000000,0.000000,0.000000,0.000000,0.000000,0.000000,299.029999,100632.343750,298.988403,0.000000,-46.201248,87.647820,-55.308983,0.004070,0.003295,-0.040688,-0.001579,0.002250,0.000433,,0.000000,0.000000,0.000000,0.000000,0.000000,0.000000,0.000000,0.000000,0.000000,0.000000,0.000000,0.000000,0.000000,0.000000,0.000000,2.352180,0.000000,0.000000,0.000000,1.000000,0.000000,0.023434
16.280619,1,100633.000000,100630.000000,100630.000000,100632.000000,100632.000000,0.000000,0.000000,0.000000,0.000000,0.000000,299.029999,100632.343750,298.988525,0.000000,-46.196201,87.647903,-55.305229,-0.021870,0.000549,-0.038601,-0.000395,0.002099,0.000446,,0.000000,0.000000,0.000000,0.000000,0.000000,0.000000,0.000000,0.000000,0.000000,0.000000,0.000000,0.000000,0.000000,0.000000,0.000000,2.352097,0.000000,0.000000,0.000000,1.000000,0.000000,0.023461
16.304100,1,100630.000000,100630.000000,100632.000000,100631.000000,100631.000000,0.000000,0.000000,0.000000,0.000000,0.000000,299.029999,100632.343750,298.988647,0.000000,-46.170609,87.647652,-55.281017,-0.001329,-0.000767,-0.037207,0.001724,0.000273,0.000760,,0.000000,0.000000,0.000000,0.000000,0.000000,0.000000,0.000000,0.000000,0.000000,0.000000,0.000000,0.000000,0.000000,0.000000,0.000000,2.352348,0.000000,0.000000,0.000000,1.000000,0.000000,0.023486
16.327557,1,100630.000000,100632.000000,100631.000000,100635.000000,100635.000000,0.000000,0.000000,0.000000,0.000000,0.000000,299.029999,100632.351562,298.988770,0.000000,-46.160053,87.646156,-55.272041,0.009858,0.001707,-0.029268,0.000380,0.000571,0.000519,,0.000000,0.000000,0.000000,0.000000,0.000000,0.000000,0.000000,0.000000,0.000000,0.000000,0.000000,0.000000,0.000000,0.000000,0.000000,2.353844,0.000000,0.000000,0.000000,1.000000,0.000000,0.023478
16.350958,1,100632.000000,100631.000000,100635.000000,100631.000000,100631.000000,0.000000,0.000000,0.000000,0.000000,0.000000,299.029999,100632.343750,298.988892,0.000000,-46.147785,87.645821,-55.260998,0.009830,-0.002730,-0.042309,0.000524,0.000949,0.000950,,0.000000,0.000000,0.000000,0.000000,0.000000,0.000000,0.000000,0.000000,0.000000,0.000000,0.000000,0.000000,0.000000,0.000000,0.000000,2.354179,0.000000,0.000000,0.000000,1.000000,0.000000,0.023411
16.378929,1,100631.000000,100635.000000,100631.000000,100637.000000,100637.000000,0.000000,0.000000,0.000000,0.000000,0.000000,299.029999,100632.359375,298.989014,0.000000,-46.165939,87.647316,-55.278648,-0.012607,0.000326,-0.035519,-0.001154,0.002527,0.000675,,0.000000,0.000000,0.000000,0.000000,0.000000,0.000000,0.000000,0.000000,0.000000,0.000000,0.000000,0.000000,0.000000,0.000000,0.000000,2.352684,0.000000,0.000000,0.000000,1.000000,0.000000,0.027976
16.402306,1,100635.000000,100631.000000,100637.000000,100634.000000,100634.000000,0.000000,0.000000,0.000000,0.000000,0.000000,299.029999,100632.367188,298.989136,0.000000,-46.177528,87.648483,-55.289703,0.004868,-0.006767,-0.027596,-0.000015,0.001777,0.000946,,0.000000,0.000000,0.000000,0.000000,0.000000,0.000000,0.000000,0.000000,0.000000,0.000000,0.000000,0.000000,0.000000,0.000000,0.000000,2.351517,0.000000,0.000000,0.000000,1.000000,0.000000,0.023381
16.425669,1,100631.000000,100637.000000,100634.000000,100636.000000,100636.000000,0.000000,0.000000,0.000000,0.000000,0.000000,299.029999,100632.375000,298.989258,0.000000,-46.141888,87.646820,-55.255741,-0.000806,-0.006705,-0.034422,0.000826,0.000354,0.001134,,0.000000,0.000000,0.000000,0.000000,0.000000,0.000000,0.000000,0.000000,0.000000,0.000000,0.000000,0.000000,0.000000,0.000000,0.000000,2.353180,0.000000,0.000000,0.000000,1.000000,0.000000,0.023368
16.449063,1,100637.000000,100634.000000,100636.000000,100637.000000,100637.000000,0.000000,0.000000,0.000000,0.000000,0.000000,299.029999,100632.390625,298.989380,0.000000,-46.121727,87.646156,-55.235741,-0.002685,0.006304,-0.038874,0.000797,0.000460,0.000555,,0.000000,0.000000,0.000000,0.000000,0.000000,0.000000,0.000000,0.000000,0.000000,0.000000,0.000000,0.000000,0.000000,0.000000,0.000000,2.353844,0.000000,0.000000,0.000000,1.000000,0.000000,0.023385
16.472469,1,100634.000000,100636.000000,100637.000000,100631.000000,100631.000000,0.000000,0.000000,0.000000,0.000000,0.000000,299.029999,100632.382812,298.989502,0.000000,-46.095226,87.645660,-55.211205,0.003986,0.003891,-0.028431,0.002220,0.000040,0.000944,,0.000000,0.000000,0.000000,0.000000,0.000000,0.000000,0.000000,0.000000,0.000000,0.000000,0.000000,0.000000,0.000000,0.000000,0.000000,2.354340,0.000000,0.000000,0.000000,1.000000,0.000000,0.023412
16.495873,1,100636.000000,100637.000000,100631.000000,100632.000000,100632.000000,0.000000,0.000000,0.000000,0.000000,0.000000,299.029999,100632.382812,298.989624,0.000000,-46.124332,87.645660,-55.239098,-0.017305,0.000597,-0.044075,-0.001272,0.001637,0.000286,,0.000000,0.000000,0.000000,0.000000,0.000000,0.000000,0.000000,0.000000,0.000000,0.000000,0.000000,0.000000,0.000000,0.000000,0.000000,2.354340,0.000000,0.000000,0.000000,1.000000,0.000000,0.023386
16.519255,1,100637.000000,100631.000000,100632.000000,100633.000000,100633.000000,0.000000,0.000000,0.000000,0.000000,0.000000,299.029999,100632.382812,298.989746,0.000000,-46.149559,87.646988,-55.263420,0.004590,-0.015400,-0.024857,-0.000740,0.002527,0.001511,,0.000000,0.000000,0.000000,0.000000,0.000000,0.000000,0.000000,0.000000,0.000000,0.000000,0.000000,0.000000,0.000000,0.000000,0.000000,2.353012,0.000000,0.000000,0.000000,1.000000,0.000000,0.023400
16.550063,1,100631.000000,100632.000000,100633.000000,100633.000000,100633.000000,0.000000,0.000000,0.000000,0.000000,0.000000,299.019989,100632.390625,298.989838,0.000000,-46.150585,87.648148,-55.263657,0.012568,-0.012157,-0.045870,-0.000510,0.001916,0.000411,,0.000000,0.000000,0.000000,0.000000,0.000000,0.000000,0.000000,0.000000,0.000000,0.000000,0.000000,0.000000,0.000000,0.000000,0.000000,2.351852,0.000000,0.000000,0.000000,1.000000,0.000000,0.030798
16.573457,1,100632.000000,100633.000000,100633.000000,100629.000000,100629.000000,0.000000,0.000000,0.000000,0.000000,0.000000,299.019989,100632.375000,298.989929,0.000000,-46.122982,87.646492,-55.238922,0.011272,0.013681,-0.034585,0.000819,0.000531,0.000306,,0.000000,0.000000,0.000000,0.000000,0.000000,0.000000,0.000000,0.000000,0.000000,0.000000,0.000000,0.000000,0.000000,0.000000,0.000000,2.353508,0.000000,0.000000,0.000000,1.000000,0.000000,0.023406
16.596837,1,100633.000000,100633.000000,100629.000000,100630.000000,100630.000000,0.000000,0.000000,0.000000,0.000000,0.000000,299.019989,100632.367188,298.990021,0.000000,-46.106770,87.645485,-55.224644,0.009789,-0.002040,-0.030777,0.000729,0.000542,0.000683,,0.000000,0.000000,0.000000,0.000000,0.000000,0.000000,0.000000,0.000000,0.000000,0.000000,0.000000,0.000000,0.000000,0.000000,0.000000,2.354515,0.000000,0.000000,0.000000,1.000000,0.000000,0.023379
16.620261,1,100633.000000,100629.000000,100630.000000,100632.000000,100632.000000,0.000000,0.000000,0.000000,0.000000,0.000000,299.029999,100632.367188,298.990143,0.000000,-46.111343,87.645576,-55.229462,0.009151,-0.004891,-0.038453,0.000317,0.001263,0.000660,,0.000000,0.000000,0.000000,0.000000,0.000000,0.000000,0.000000,0.000000,0.000000,0.000000,0.000000,0.000000,0.000000,0.000000,0.000000,2.354424,0.000000,0.000000,0.000000,1.000000,0.000000,0.023402
16.643735,1,100629.000000,100630.000000,100632.000000,100633.000000,100633.000000,0.000000,0.000000,0.000000,0.000000,0.000000,299.029999,100632.375000,298.990265,0.000000,-46.160240,87.648819,-55.277069,0.002331,-0.005370,-0.029053,-0.000779,0.002740,0.000949,,0.000000,0.000000,0.000000,0.000000,0.000000,0.000000,0.000000,0.000000,0.000000,0.000000,0.000000,0.000000,0.000000,0.000000,0.000000,2.351181,0.000000,0.000000,0.000000,1.000000,0.000000,0.023453
16.667430,1,100630.000000,100632.000000,100633.000000,100634.000000,100634.000000,0.000000,0.000000,0.000000,0.000000,0.000000,299.019989,100632.375000,298.990356,0.000000,-46.171238,87.649323,-55.286800,-0.006937,0.004765,-0.034500,-0.000794,0.001430,0.000759,,0.000000,0.000000,0.000000,0.000000,0.000000,0.000000,0.000000,0.000000,0.000000,0.000000,0.000000,0.000000,0.000000,0.000000,0.000000,2.350677,0.000000,0.000000,0.000000,1.000000,0.000000,0.023694
16.690942,1,100632.000000,100633.000000,100634.000000,100634.000000,100634.000000,0.000000,0.000000,0.000000,0.000000,0.000000,299.029999,100632.382812,298.990479,0.000000,-46.150620,87.648315,-55.267303,0.004680,0.006469,-0.038589,-0.000103,0.000293,0.000336,,0.000000,0.000000,0.000000,0.000000,0.000000,0.000000,0.000000,0.000000,0.000000,0.000000,0.000000,0.000000,0.000000,0.000000,0.000000,2.351685,0.000000,0.000000,0.000000,1.000000,0.000000,0.023510
16.714521,1,100633.000000,100634.000000,100634.000000,100628.000000,100628.000000,0.000000,0.000000,0.000000,0.000000,0.000000,299.029999,100632.367188,298.990570,0.000000,-46.110279,87.646988,-55.229313,0.016438,0.010279,-0.023583,0.000791,-0.000016,0.000738,,0.000000,0.000000,0.000000,0.000000,0.000000,0.000000,0.000000,0.000000,0.000000,0.000000,0.000000,0.000000,0.000000,0.000000,0.000000,2.353012,0.000000,0.000000,0.000000,1.000000,0.000000,0.023593
16.738152,1,100634.000000,100634.000000,100628.000000,100633.000000,100633.000000,0.000000,0.000000,0.000000,0.000000,0.000000,299.029999,100632.367188,298.990692,0.000000,-46.101482,87.646492,-55.219330,0.008681,-0.000898,-0.036704,-0.000118,0.001057,0.000255,,0.000000,0.000000,0.000000,0.000000,0.000000,0.000000,0.000000,0.000000,0.000000,0.000000,0.000000,0.000000,0.000000,0.000000,0.000000,2.353508,0.000000,0.000000,0.000000,1.000000,0.000000,0.023577
16.761976,1,100634.000000,100628.000000,100633.000000,100630.000000,100630.000000,0.000000,0.000000,0.000000,0.000000,0.000000,299.029999,100632.367188,298.990814,0.000000,-46.110401,87.647316,-55.228981,-0.009129,-0.011410,-0.036045,0.001219,0.001167,0.000790,,0.000000,0.000000,0.000000,0.000000,0.000000,0.000000,0.000000,0.000000,0.000000,0.000000,0.000000,0.000000,0.000000,0.000000,0.000000,2.352684,0.000000,0.000000,0.000000,1.000000,0.000000,0.023740
16.785455,1,100628.000000,100633.000000,100630.000000,100634.000000,100634.000000,0.000000,0.000000,0.000000,0.000000,0.000000,299.029999,100632.367188,298.990936,0.000000,-46.138046,87.649323,-55.254349,0.004180,-0.007003,-0.041925,-0.001079,0.002865,0.000697,,0.000000,0.000000,0.000000,0.000000,0.000000,0.000000,0.000000,0.000000,0.000000,0.000000,0.000000,0.000000,0.000000,0.000000,0.000000,2.350677,0.000000,0.000000,0.000000,1.000000,0.000000,0.023606
16.809035,1,100633.000000,100630.000000,100634.000000,100632.000000,100632.000000,0.000000,0.000000,0.000000,0.000000,0.000000,299.029999,100632.367188,298.991028,0.000000,-46.123909,87.647903,-55.240459,0.006599,0.003360,-0.027514,-0.000143,0.000240,0.000135,,0.000000,0.000000,0.000000,0.000000,0.000000,0.000000,0.000000,0.000000,0.000000,0.000000,0.000000,0.000000,0.000000,0.000000,0.000000,2.352097,0.000000,0.000000,0.000000,1.000000,0.000000,0.023589
16.832539,1,100630.000000,100634.000000,100632.000000,100633.000000,100633.000000,0.000000,0.000000,0.000000,0.000000,0.000000,299.029999,100632.367188,298.991150,0.000000,-46.106102,87.647232,-55.224251,0.008530,0.005510,-0.036531,0.000439,0.000390,0.000371,,0.000000,0.000000,0.000000,0.000000,0.000000,0.000000,0.000000,0.000000,0.000000,0.000000,0.000000,0.000000,0.000000,0.000000,0.000000,2.352768,0.000000,0.000000,0.000000,1.000000,0.000000,0.023504
16.856127,1,100634.000000,100632.000000,100633.000000,100632.000000,100632.000000,0.000000,0.000000,0.000000,0.000000,0.000000,299.029999,100632.367188,298.991272,0.000000,-46.144009,87.648232,-55.260056,0.008585,0.007642,-0.032605,0.000608,0.001207,0.000250,,0.000000,0.000000,0.000000,0.000000,0.000000,0.000000,0.000000,0.000000,0.000000,0.000000,0.000000,0.000000,0.000000,0.000000,0.000000,2.351768,0.000000,0.000000,0.000000,1.000000,0.000000,0.023498
16.879670,1,100632.000000,100633.000000,100632.000000,100637.000000,100637.000000,0.000000,0.000000,0.000000,0.000000,0.000000,299.029999,100632.382812,298.991364,0.000000,-46.133453,87.647987,-55.252293,-0.005807,-0.007015,-0.041210,-0.000466,0.001715,0.000669,,0.000000,0.000000,0.000000,0.000000,0.000000,0.000000,0.000000,0.000000,0.000000,0.000000,0.000000,0.000000,0.000000,0.000000,0.000000,2.352013,0.000000,0.000000,0.000000,1.000000,0.000000,0.023619
16.903120,1,100633.000000,100632.000000,100637.000000,100631.000000,100631.000000,0.000000,0.000000,0.000000,0.000000,0.000000,299.029999,100632.375000,298.991486,0.000000,-46.171074,87.649643,-55.288929,-0.010573,-0.003914,-0.037807,-0.001029,0.002065,0.000521,,0.000000,0.000000,0.000000,0.000000,0.000000,0.000000,0.000000,0.000000,0.000000,0.000000,0.000000,0.000000,0.000000,0.000000,0.000000,2.350357,0.000000,0.000000,0.000000,1.000000,0.000000,0.023460
16.926785,1,100632.000000,100637.000000,100631.000000,100634.000000,100634.000000,0.000000,0.000000,0.000000,0.000000,0.000000,299.029999,100632.382812,298.991608,0.000000,-46.171062,87.649147,-55.287945,0.009899,-0.005097,-0.029906,-0.000020,0.001338,0.000160,,0.000000,0.000000,0.000000,0.000000,0.000000,0.000000,0.000000,0.000000,0.000000,0.000000,0.000000,0.000000,0.000000,0.000000,0.000000,2.350853,0.000000,0.000000,0.000000,1.000000,0.000000,0.023655
16.950244,1,100637.000000,100631.000000,100634.000000,100632.000000,100632.000000,0.000000,0.000000,0.000000,0.000000,0.000000,299.029999,100632.382812,298.991699,0.000000,-46.160988,87.648987,-55.278236,0.005430,0.000374,-0.031478,0.000935,0.000752,0.000864,,0.000000,0.000000,0.000000,0.000000,0.000000,0.000000,0.000000,0.000000,0.000000,0.000000,0.000000,0.000000,0.000000,0.000000,0.000000,2.351013,0.000000,0.000000,0.000000,1.000000,0.000000,0.023464
16.973721,1,100631.000000,100634.000000,100632.000000,100632.000000,100632.000000,0.000000,0.000000,0.000000,0.000000,0.000000,299.029999,100632.382812,298.991821,0.000000,-46.116302,87.647232,-55.234322,0.004700,-0.001867,-0.039340,0.001345,-0.000556,0.000454,,0.000000,0.000000,0.000000,0.000000,0.000000,0.000000,0.000000,0.000000,0.000000,0.000000,0.000000,0.000000,0.000000,0.000000,0.000000,2.352768,0.000000,0.000000,0.000000,1.000000,0.000000,0.023465
16.997283,1,100634.000000,100632.000000,100632.000000,100633.000000,100633.000000,0.000000,0.000000,0.000000,0.000000,0.000000,299.029999,100632.382812,298.991913,0.000000,-46.148224,87.648567,-55.262188,0.003942,-0.007166,-0.028497,-0.000460,0.002138,0.001069,,0.000000,0.000000,0.000000,0.000000,0.000000,0.000000,0.000000,0.000000,0.000000,0.000000,0.000000,0.000000,0.000000,0.000000,0.000000,2.351433,0.000000,0.000000,0.000000,1.000000,0.000000,0.023586
17.020821,1,100632.000000,100632.000000,100633.000000,100633.000000,100633.000000,0.000000,0.000000,0.000000,0.000000,0.000000,299.029999,100632.382812,298.992035,0.000000,-46.173485,87.649818,-55.288113,-0.006690,-0.021322,-0.024908,-0.001417,0.002569,0.000685,,0.000000,0.000000,0.000000,0.000000,0.000000,0.000000,0.000000,0.000000,0.000000,0.000000,0.000000,0.000000,0.000000,0.000000,0.000000,2.350182,0.000000,0.000000,0.000000,1.000000,0.000000,0.023470
17.048197,1,100632.000000,100633.000000,100633.000000,100634.000000,100634.000000,0.000000,0.000000,0.000000,0.000000,0.000000,299.029999,100632.390625,298.992126,0.000000,-46.162174,87.650566,-55.279011,0.004679,-0.001791,-0.034033,0.001143,0.000042,0.000382,,0.000000,0.000000,0.000000,0.000000,0.000000,0.000000,0.000000,0.000000,0.000000,0.000000,0.000000,0.000000,0.000000,0.000000,0.000000,2.349434,0.000000,0.000000,0.000000,1.000000,0.000000,0.027440
17.071890,1,100633.000000,100633.000000,100634.000000,100629.000000,100629.000000,0.000000,0.000000,0.000000,0.000000,0.000000,299.029999,100632.375000,298.992249,0.000000,-46.170998,87.650063,-55.280224,0.010633,0.001461,-0.037876,-0.000691,0.001781,0.000525,,0.000000,0.000000,0.000000,0.000000,0.000000,0.000000,0.000000,0.000000,0.000000,0.000000,0.000000,0.000000,0.000000,0.000000,0.000000,2.349937,0.000000,0.000000,0.000000,1.000000,0.000000,0.023619
17.095457,1,100633.000000,100634.000000,100629.000000,100632.000000,100632.000000,0.000000,0.000000,0.000000,0.000000,0.000000,299.029999,100632.375000,298.992340,0.000000,-46.121433,87.648315,-55.235939,0.015435,-0.001437,-0.042240,0.001326,0.000488,0.000549,,0.000000,0.000000,0.000000,0.000000,0.000000,0.000000,0.000000,0.000000,0.000000,0.000000,0.000000,0.000000,0.000000,0.000000,0.000000,2.351685,0.000000,0.000000,0.000000,1.000000,0.000000,0.023633
17.118891,1,100634.000000,100629.000000,100632.000000,100631.000000,100631.000000,0.000000,0.000000,0.000000,0.000000,0.000000,299.029999,100632.375000,298.992462,0.000000,-46.122295,87.647156,-55.236465,0.009155,-0.006255,-0.027414,0.001170,0.000409,0.000163,,0.000000,0.000000,0.000000,0.000000,0.000000,0.000000,0.000000,0.000000,0.000000,0.000000,0.000000,0.000000,0.000000,0.000000,0.000000,2.352844,0.000000,0.000000,0.000000,1.000000,0.000000,0.023445
17.142432,1,100629.000000,100632.000000,100631.000000,100637.000000,100637.000000,0.000000,0.000000,0.000000,0.000000,0.000000,299.029999,100632.382812,298.992554,0.000000,-46.151783,87.648651,-55.265995,-0.005027,-0.005507,-0.041569,-0.000550,0.002920,0.001220,,0.000000,0.000000,0.000000,0.000000,0.000000,0.000000,0.000000,0.000000,0.000000,0.000000,0.000000,0.000000,0.000000,0.000000,0.000000,2.351349,0.000000,0.000000,0.000000,1.000000,0.000000,0.023538
17.165934,1,100632.000000,100631.000000,100637.000000,100634.000000,100634.000000,0.000000,0.000000,0.000000,0.000000,0.000000,299.029999,100632.390625,298.992645,0.000000,-46.174568,87.651070,-55.288181,0.009522,0.005868,-0.029289,-0.000952,0.002622,0.001406,,0.000000,0.000000,0.000000,0.000000,0.000000,0.000000,0.000000,0.000000,0.000000,0.000000,0.000000,0.000000,0.000000,0.000000,0.000000,2.348930,0.000000,0.000000,0.000000,1.000000,0.000000,0.023495
17.189493,1,100631.000000,100637.000000,100634.000000,100631.000000,100631.000000,0.000000,0.000000,0.000000,0.000000,0.000000,299.029999,100632.390625,298.992767,0.000000,-46.186394,87.651146,-55.291260,0.003189,0.009312,-0.031376,-0.000675,0.001545,0.000718,,0.000000,0.000000,0.000000,0.000000,0.000000,0.000000,0.000000,0.000000,0.000000,0.000000,0.000000,0.000000,0.000000,0.000000,0.000000,2.348854,0.000000,0.000000,0.000000,1.000000,0.000000,0.023501
17.218014,1,100637.000000,100634.000000,100631.000000,100632.000000,100632.000000,0.000000,0.000000,0.000000,0.000000,0.000000,299.019989,100632.382812,298.992828,0.000000,-46.175911,87.650398,-55.281319,0.007976,0.001847,-0.031130,0.001189,0.001408,-0.000301,,0.000000,0.000000,0.000000,0.000000,0.000000,0.000000,0.000000,0.000000,0.000000,0.000000,0.000000,0.000000,0.000000,0.000000,0.000000,2.349602,0.000000,0.000000,0.000000,1.000000,0.000000,0.028576
17.241453,1,100634.000000,100631.000000,100632.000000,100631.000000,100631.000000,0.000000,0.000000,0.000000,0.000000,0.000000,299.029999,100632.382812,298.992950,0.000000,-46.162605,87.649063,-55.272175,0.008192,-0.011899,-0.042727,0.000561,0.000403,0.000981,,0.000000,0.000000,0.000000,0.000000,0.000000,0.000000,0.000000,0.000000,0.000000,0.000000,0.000000,0.000000,0.000000,0.000000,0.000000,2.350937,0.000000,0.000000,0.000000,1.000000,0.000000,0.023466
17.264859,1,100631.000000,100632.000000,100631.000000,100633.000000,100633.000000,0.000000,0.000000,0.000000,0.000000,0.000000,299.029999,100632.382812,298.993042,0.000000,-46.154160,87.648987,-55.256107,-0.010106,-0.002800,-0.029646,0.002403,0.000270,0.000138,,0.000000,0.000000,0.000000,0.000000,0.000000,0.000000,0.000000,0.000000,0.000000,0.000000,0.000000,0.000000,0.000000,0.000000,0.000000,2.351013,0.000000,0.000000,0.000000,1.000000,0.000000,0.023418
17.288317,1,100632.000000,100631.000000,100633.000000,100632.000000,100632.000000,0.000000,0.000000,0.000000,0.000000,0.000000,299.029999,100632.382812,298.993134,0.000000,-46.176991,87.650818,-55.275822,-0.006123,0.001148,-0.042835,-0.000698,0.002700,0.001107,,0.000000,0.000000,0.000000,0.000000,0.000000,0.000000,0.000000,0.000000,0.000000,0.000000,0.000000,0.000000,0.000000,0.000000,0.000000,2.349182,0.000000,0.000000,0.000000,1.000000,0.000000,0.023416
17.311786,1,100631.000000,100633.000000,100632.000000,100632.000000,100632.000000,0.000000,0.000000,0.000000,0.000000,0.000000,299.029999,100632.382812,298.993256,0.000000,-46.174561,87.650818,-55.269196,0.005192,-0.004080,-0.037113,-0.000620,0.001762,0.000359,,0.000000,0.000000,0.000000,0.000000,0.000000,0.000000,0.000000,0.000000,0.000000,0.000000,0.000000,0.000000,0.000000,0.000000,0.000000,2.349182,0.000000,0.000000,0.000000,1.000000,0.000000,0.023476
17.335192,1,100633.000000,100632.000000,100632.000000,100632.000000,100632.000000,0.000000,0.000000,0.000000,0.000000,0.000000,299.029999,100632.382812,298.993347,0.000000,-46.137009,87.649239,-55.234650,0.009329,-0.015193,-0.035874,0.001411,0.000209,0.000672,,0.000000,0.000000,0.000000,0.000000,0.000000,0.000000,0.000000,0.000000,0.000000,0.000000,0.000000,0.000000,0.000000,0.000000,0.000000,2.350761,0.000000,0.000000,0.000000,1.000000,0.000000,0.023443
17.358597,1,100632.000000,100632.000000,100632.000000,100635.000000,100635.000000,0.000000,0.000000,0.000000,0.000000,0.000000,299.029999,100632.390625,298.993439,0.000000,-46.174381,87.650566,-55.271553,0.010898,0.001565,-0.035843,-0.000311,0.002559,0.000782,,0.000000,0.000000,0.000000,0.000000,0.000000,0.000000,0.000000,0.000000,0.000000,0.000000,0.000000,0.000000,0.000000,0.000000,0.000000,2.349434,0.000000,0.000000,0.000000,1.000000,0.000000,0.023379
17.382328,1,100632.000000,100632.000000,100635.000000,100631.000000,100631.000000,0.000000,0.000000,0.000000,0.000000,0.000000,299.029999,100632.382812,298.993530,0.000000,-46.164749,87.649063,-55.263634,-0.003652,0.004815,-0.038832,0.000871,0.001059,0.000219,,0.000000,0.000000,0.000000,0.000000,0.000000,0.000000,0.000000,0.000000,0.000000,0.000000,0.000000,0.000000,0.000000,0.000000,0.000000,2.350937,0.000000,0.000000,0.000000,1.000000,0.000000,0.023556
17.406020,1,100632.000000,100635.000000,100631.000000,100630.000000,100630.000000,0.000000,0.000000,0.000000,0.000000,0.000000,299.029999,100632.375000,298.993652,0.000000,-46.165203,87.650482,-55.261280,0.001203,-0.002652,-0.034926,-0.001259,0.002406,0.001021,,0.000000,0.000000,0.000000,0.000000,0.000000,0.000000,0.000000,0.000000,0.000000,0.000000,0.000000,0.000000,0.000000,0.000000,0.000000,2.349518,0.000000,0.000000,0.000000,1.000000,0.000000,0.023822
17.429540,1,100635.000000,100631.000000,100630.000000,100635.000000,100635.000000,0.000000,0.000000,0.000000,0.000000,0.000000,299.029999,100632.382812,298.993744,0.000000,-46.178864,87.649902,-55.275650,0.016837,0.000534,-0.025412,-0.000370,0.001999,0.000666,,0.000000,0.000000,0.000000,0.000000,0.000000,0.000000,0.000000,0.000000,0.000000,0.000000,0.000000,0.000000,0.000000,0.000000,0.000000,2.350098,0.000000,0.000000,0.000000,1.000000,0.000000,0.023560
17.453009,1,100631.000000,100630.000000,100635.000000,100627.000000,100627.000000,0.000000,0.000000,0.000000,0.000000,0.000000,299.029999,100632.367188,298.993835,0.000000,-46.152008,87.650986,-55.249218,-0.001183,0.001565,-0.037611,0.000623,0.000551,0.000866,,0.000000,0.000000,0.000000,0.000000,0.000000,0.000000,0.000000,0.000000,0.000000,0.000000,0.000000,0.000000,0.000000,0.000000,0.000000,2.349014,0.000000,0.000000,0.000000,1.000000,0.000000,0.023461
17.476994,1,100630.000000,100635.000000,100627.000000,100628.000000,100628.000000,0.000000,0.000000,0.000000,0.000000,0.000000,299.029999,100632.359375,298.993927,0.000000,-46.140907,87.650063,-55.239693,-0.007187,0.009091,-0.032701,0.000903,0.000926,0.000614,,0.000000,0.000000,0.000000,0.000000,0.000000,0.000000,0.000000,0.000000,0.000000,0.000000,0.000000,0.000000,0.000000,0.000000,0.000000,2.349937,0.000000,0.000000,0.000000,1.000000,0.000000,0.023637
17.500596,1,100635.000000,100627.000000,100628.000000,100633.000000,100633.000000,0.000000,0.000000,0.000000,0.000000,0.000000,299.029999,100632.359375,298.994019,0.000000,-46.113010,87.649063,-55.213512,-0.000871,-0.000081,-0.035351,-0.000502,0.001443,0.001089,,0.000000,0.000000,0.000000,0.000000,0.000000,0.000000,0.000000,0.000000,0.000000,0.000000,0.000000,0.000000,0.000000,0.000000,0.000000,2.350937,0.000000,0.000000,0.000000,1.000000,0.000000,0.023952
17.524084,1,100627.000000,100628.000000,100633.000000,100632.000000,100632.000000,0.000000,0.000000,0.000000,0.000000,0.000000,299.029999,100632.359375,298.994110,0.000000,-46.148075,87.650398,-55.246151,0.013623,-0.010860,-0.029512,-0.000804,0.001928,0.000790,,0.000000,0.000000,0.000000,0.000000,0.000000,0.000000,0.000000,0.000000,0.000000,0.000000,0.000000,0.000000,0.000000,0.000000,0.000000,2.349602,0.000000,0.000000,0.000000,1.000000,0.000000,0.023497
17.547558,1,100628.000000,100633.000000,100632.000000,100635.000000,100635.000000,0.000000,0.000000,0.000000,0.000000,0.000000,299.029999,100632.367188,298.994202,0.000000,-46.162811,87.651985,-55.259163,0.012126,0.006284,-0.035114,-0.000789,0.002247,0.000670,,0.000000,0.000000,0.000000,0.000000,0.000000,0.000000,0.000000,0.000000,0.000000,0.000000,0.000000,0.000000,0.000000,0.000000,0.000000,2.348015,0.000000,0.000000,0.000000,1.000000,0.000000,0.023471
17.571023,1,100633.000000,100632.000000,100635.000000,100635.000000,100635.000000,0.000000,0.000000,0.000000,0.000000,0.000000,299.040009,100632.375000,298.994324,0.000000,-46.154381,87.651405,-55.250713,0.003579,0.001083,-0.033514,-0.000229,0.001346,0.000284,,0.000000,0.000000,0.000000,0.000000,0.000000,0.000000,0.000000,0.000000,0.000000,0.000000,0.000000,0.000000,0.000000,0.000000,0.000000,2.348595,0.000000,0.000000,0.000000,1.000000,0.000000,0.023464
17.594456,1,100632.000000,100635.000000,100635.000000,100631.000000,100631.000000,0.000000,0.000000,0.000000,0.000000,0.000000,299.040009,100632.367188,298.994446,0.000000,-46.125916,87.649399,-55.225224,-0.002369,-0.000827,-0.031807,0.001465,-0.000317,0.000218,,0.000000,0.000000,0.000000,0.000000,0.000000,0.000000,0.000000,0.000000,0.000000,0.000000,0.000000,0.000000,0.000000,0.000000,0.000000,2.350601,0.000000,0.000000,0.000000,1.000000,0.000000,0.023442
17.617892,1,100635.000000,100635.000000,100631.000000,100635.000000,100635.000000,0.000000,0.000000,0.000000,0.000000,0.000000,299.029999,100632.375000,298.994537,0.000000,-46.108658,87.647987,-55.207230,0.003658,-0.012018,-0.031301,0.001566,0.000562,0.000559,,0.000000,0.000000,0.000000,0.000000,0.000000,0.000000,0.000000,0.000000,0.000000,0.000000,0.000000,0.000000,0.000000,0.000000,0.000000,2.352013,0.000000,0.000000,0.000000,1.000000,0.000000,0.023438
17.641337,1,100635.000000,100631.000000,100635.000000,100632.000000,100632.000000,0.000000,0.000000,0.000000,0.000000,0.000000,299.040009,100632.375000,298.994659,0.000000,-46.115108,87.648483,-55.212036,-0.001355,0.002042,-0.028898,-0.000169,0.002265,0.000888,,0.000000,0.000000,0.000000,0.000000,0.000000,0.000000,0.000000,0.000000,0.000000,0.000000,0.000000,0.000000,0.000000,0.000000,0.000000,2.351517,0.000000,0.000000,0.000000,1.000000,0.000000,0.023446
17.664802,1,100631.000000,100635.000000,100632.000000,100633.000000,100633.000000,0.000000,0.000000,0.000000,0.000000,0.000000,299.040009,100632.375000,298.994781,0.000000,-46.167450,87.651901,-55.260822,0.008129,-0.000457,-0.039368,-0.000780,0.002651,0.000678,,0.000000,0.000000,0.000000,0.000000,0.000000,0.000000,0.000000,0.000000,0.000000,0.000000,0.000000,0.000000,0.000000,0.000000,0.000000,2.348099,0.000000,0.000000,0.000000,1.000000,0.000000,0.023456
17.688256,1,100635.000000,100632.000000,100633.000000,100631.000000,100631.000000,0.000000,0.000000,0.000000,0.000000,0.000000,299.029999,100632.375000,298.994873,0.000000,-46.169415,87.653313,-55.262192,0.002805,0.003483,-0.036987,-0.000451,0.001828,0.001094,,0.000000,0.000000,0.000000,0.000000,0.000000,0.000000,0.000000,0.000000,0.000000,0.000000,0.000000,0.000000,0.000000,0.000000,0.000000,2.346687,0.000000,0.000000,0.000000,1.000000,0.000000,0.023460
17.711698,1,100632.000000,100633.000000,100631.000000,100629.000000,100629.000000,0.000000,0.000000,0.000000,0.000000,0.000000,299.040009,100632.367188,298.994995,0.000000,-46.170555,87.652817,-55.263248,0.009224,-0.002309,-0.023939,0.001635,-0.000710,-0.000097,,0.000000,0.000000,0.000000,0.000000,0.000000,0.000000,0.000000,0.000000,0.000000,0.000000,0.000000,0.000000,0.000000,0.000000,0.000000,2.347183,0.000000,0.000000,0.000000,1.000000,0.000000,0.023444
17.735128,1,100633.000000,100631.000000,100629.000000,100631.000000,100631.000000,0.000000,0.000000,0.000000,0.000000,0.000000,299.040009,100632.359375,298.995117,0.000000,-46.140224,87.649483,-55.236267,-0.004086,-0.009179,-0.034912,0.001764,0.000317,0.000319,,0.000000,0.000000,0.000000,0.000000,0.000000,0.000000,0.000000,0.000000,0.000000,0.000000,0.000000,0.000000,0.000000,0.000000,0.000000,2.350517,0.000000,0.000000,0.000000,1.000000,0.000000,0.023434
17.758572,1,100631.000000,100629.000000,100631.000000,100635.000000,100635.000000,0.000000,0.000000,0.000000,0.000000,0.000000,299.040009,100632.367188,298.995239,0.000000,-46.132179,87.649818,-55.229305,0.007912,0.005118,-0.032866,0.000510,0.000976,0.001006,,0.000000,0.000000,0.000000,0.000000,0.000000,0.000000,0.000000,0.000000,0.000000,0.000000,0.000000,0.000000,0.000000,0.000000,0.000000,2.350182,0.000000,0.000000,0.000000,1.000000,0.000000,0.023430
17.782021,1,100629.000000,100631.000000,100635.000000,100632.000000,100632.000000,0.000000,0.000000,0.000000,0.000000,0.000000,299.040009,100632.367188,298.995361,0.000000,-46.125072,87.648567,-55.222942,-0.001027,0.004582,-0.031218,0.001760,-0.000641,-0.000321,,0.000000,0.000000,0.000000,0.000000,0.000000,0.000000,0.000000,0.000000,0.000000,0.000000,0.000000,0.000000,0.000000,0.000000,0.000000,2.351433,0.000000,0.000000,0.000000,1.000000,0.000000,0.023455
17.805476,1,100631.000000,100635.000000,100632.000000,100627.000000,100627.000000,0.000000,0.000000,0.000000,0.000000,0.000000,299.040009,100632.351562,298.995453,0.000000,-46.138073,87.650986,-55.232838,0.010430,-0.002395,-0.038986,-0.001300,0.002337,0.000703,,0.000000,0.000000,0.000000,0.000000,0.000000,0.000000,0.000000,0.000000,0.000000,0.000000,0.000000,0.000000,0.000000,0.000000,0.000000,2.349014,0.000000,0.000000,0.000000,1.000000,0.000000,0.023442
17.828957,1,100635.000000,100632.000000,100627.000000,100630.000000,100630.000000,0.000000,0.000000,0.000000,0.000000,0.000000,299.040009,100632.343750,298.995575,0.000000,-46.156891,87.651070,-55.252552,0.000128,-0.009373,-0.027678,-0.000262,0.001420,0.000152,,0.000000,0.000000,0.000000,0.000000,0.000000,0.000000,0.000000,0.000000,0.000000,0.000000,0.000000,0.000000,0.000000,0.000000,0.000000,2.348930,0.000000,0.000000,0.000000,1.000000,0.000000,0.023480
17.852383,1,100632.000000,100627.000000,100630.000000,100634.000000,100634.000000,0.000000,0.000000,0.000000,0.000000,0.000000,299.040009,100632.351562,298.995697,0.000000,-46.157551,87.650230,-55.252567,0.002625,-0.001837,-0.037031,-0.001305,0.002175,0.000856,,0.000000,0.000000,0.000000,0.000000,0.000000,0.000000,0.000000,0.000000,0.000000,0.000000,0.000000,0.000000,0.000000,0.000000,0.000000,2.349770,0.000000,0.000000,0.000000,1.000000,0.000000,0.023455
17.875797,1,100627.000000,100630.000000,100634.000000,100630.000000,100630.000000,0.000000,0.000000,0.000000,0.000000,0.000000,299.040009,100632.343750,298.995819,0.000000,-46.133595,87.648232,-55.231373,-0.004981,0.003851,-0.037795,0.001400,0.000342,0.000104,,0.000000,0.000000,0.000000,0.000000,0.000000,0.000000,0.000000,0.000000,0.000000,0.000000,0.000000,0.000000,0.000000,0.000000,0.000000,2.351768,0.000000,0.000000,0.000000,1.000000,0.000000,0.023427
17.899185,1,100630.000000,100634.000000,100630.000000,100632.000000,100632.000000,0.000000,0.000000,0.000000,0.000000,0.000000,299.040009,100632.343750,298.995911,0.000000,-46.127125,87.648071,-55.224934,0.003917,0.000818,-0.031254,-0.000105,0.000838,0.000362,,0.000000,0.000000,0.000000,0.000000,0.000000,0.000000,0.000000,0.000000,0.000000,0.000000,0.000000,0.000000,0.000000,0.000000,0.000000,2.351929,0.000000,0.000000,0.000000,1.000000,0.000000,0.023388
17.922541,1,100634.000000,100630.000000,100632.000000,100630.000000,100630.000000,0.000000,0.000000,0.000000,0.000000,0.000000,299.040009,100632.335938,298.996033,0.000000,-46.129860,87.649063,-55.226204,0.009369,-0.006126,-0.024450,-0.000934,0.002038,0.001070,,0.000000,0.000000,0.000000,0.000000,0.000000,0.000000,0.000000,0.000000,0.000000,0.000000,0.000000,0.000000,0.000000,0.000000,0.000000,2.350937,0.000000,0.000000,0.000000,1.000000,0.000000,0.023358
17.945907,1,100630.000000,100632.000000,100630.000000,100632.000000,100632.000000,0.000000,0.000000,0.000000,0.000000,0.000000,299.040009,100632.335938,298.996155,0.000000,-46.155441,87.651146,-55.250900,0.010513,-0.009442,-0.029682,-0.000512,0.002019,0.000699,,0.000000,0.000000,0.000000,0.000000,0.000000,0.000000,0.000000,0.000000,0.000000,0.000000,0.000000,0.000000,0.000000,0.000000,0.000000,2.348854,0.000000,0.000000,0.000000,1.000000,0.000000,0.023368
17.969365,1,100632.000000,100630.000000,100632.000000,100630.000000,100630.000000,0.000000,0.000000,0.000000,0.000000,0.000000,299.040009,100632.328125,298.996246,0.000000,-46.152798,87.651482,-55.247849,-0.007705,0.001083,-0.031197,0.000169,0.001001,0.000549,,0.000000,0.000000,0.000000,0.000000,0.000000,0.000000,0.000000,0.000000,0.000000,0.000000,0.000000,0.000000,0.000000,0.000000,0.000000,2.348518,0.000000,0.000000,0.000000,1.000000,0.000000,0.023410
17.992927,1,100630.000000,100632.000000,100630.000000,100635.000000,100635.000000,0.000000,0.000000,0.000000,0.000000,0.000000,299.040009,100632.335938,298.996368,0.000000,-46.144695,87.650650,-55.241482,-0.000550,0.000540,-0.034109,-0.000440,0.002056,0.000656,,0.000000,0.000000,0.000000,0.000000,0.000000,0.000000,0.000000,0.000000,0.000000,0.000000,0.000000,0.000000,0.000000,0.000000,0.000000,2.349350,0.000000,0.000000,0.000000,1.000000,0.000000,0.023570
18.016337,1,100632.000000,100630.000000,100635.000000,100633.000000,100633.000000,0.000000,0.000000,0.000000,0.000000,0.000000,299.040009,100632.343750,298.996460,0.000000,-46.132954,87.649483,-55.230125,0.017437,0.001403,-0.029164,0.000778,0.000871,0.000359,,0.000000,0.000000,0.000000,0.000000,0.000000,0.000000,0.000000,0.000000,0.000000,0.000000,0.000000,0.000000,0.000000,0.000000,0.000000,2.350517,0.000000,0.000000,0.000000,1.000000,0.000000,0.023435
18.039771,1,100630.000000,100635.000000,100633.000000,100631.000000,100631.000000,0.000000,0.000000,0.000000,0.000000,0.000000,299.040009,100632.335938,298.996582,0.000000,-46.124401,87.650734,-55.220413,0.007966,-0.006001,-0.040474,-0.000351,0.001807,0.001015,,0.000000,0.000000,0.000000,0.000000,0.000000,0.000000,0.000000,0.000000,0.000000,0.000000,0.000000,0.000000,0.000000,0.000000,0.000000,2.349266,0.000000,0.000000,0.000000,1.000000,0.000000,0.023415
18.063223,1,100635.000000,100633.000000,100631.000000,100629.000000,100629.000000,0.000000,0.000000,0.000000,0.000000,0.000000,299.040009,100632.328125,298.996704,0.000000,-46.140457,87.651230,-55.236668,-0.009953,-0.006789,-0.032629,0.002521,-0.000437,0.000606,,0.000000,0.000000,0.000000,0.000000,0.000000,0.000000,0.000000,0.000000,0.000000,0.000000,0.000000,0.000000,0.000000,0.000000,0.000000,2.348770,0.000000,0.000000,0.000000,1.000000,0.000000,0.023447
18.086657,1,100633.000000,100631.000000,100629.000000,100627.000000,100627.000000,0.000000,0.000000,0.000000,0.000000,0.000000,299.040009,100632.312500,298.996796,0.000000,-46.133003,87.650482,-55.229710,-0.005995,-0.017788,-0.030008,0.000449,0.001041,0.000401,,0.000000,0.000000,0.000000,0.000000,0.000000,0.000000,0.000000,0.000000,0.000000,0.000000,0.000000,0.000000,0.000000,0.000000,0.000000,2.349518,0.000000,0.000000,0.000000,1.000000,0.000000,0.023440
18.110097,1,100631.000000,100629.000000,100627.000000,100636.000000,100636.000000,0.000000,0.000000,0.000000,0.000000,0.000000,299.040009,100632.320312,298.996918,0.000000,-46.114338,87.650154,-55.211903,0.003068,0.000627,-0.037327,0.001048,0.000970,0.000557,,0.000000,0.000000,0.000000,0.000000,0.000000,0.000000,0.000000,0.000000,0.000000,0.000000,0.000000,0.000000,0.000000,0.000000,0.000000,2.349846,0.000000,0.000000,0.000000,1.000000,0.000000,0.023440
18.133519,1,100629.000000,100627.000000,100636.000000,100633.000000,100633.000000,0.000000,0.000000,0.000000,0.000000,0.000000,299.040009,100632.328125,298.997009,0.000000,-46.114834,87.649147,-55.212357,0.014201,0.008785,-0.029398,0.000562,0.000826,0.000122,,0.000000,0.000000,0.000000,0.000000,0.000000,0.000000,0.000000,0.000000,0.000000,0.000000,0.000000,0.000000,0.000000,0.000000,0.000000,2.350853,0.000000,0.000000,0.000000,1.000000,0.000000,0.023429
18.157006,1,100627.000000,100636.000000,100633.000000,100635.000000,100635.000000,0.000000,0.000000,0.000000,0.000000,0.000000,299.040009,100632.335938,298.997131,0.000000,-46.123753,87.649567,-55.221039,0.002971,0.016808,-0.035788,0.000147,0.001479,0.000106,,0.000000,0.000000,0.000000,0.000000,0.000000,0.000000,0.000000,0.000000,0.000000,0.000000,0.000000,0.000000,0.000000,0.000000,0.000000,2.350433,0.000000,0.000000,0.000000,1.000000,0.000000,0.023472
18.180451,1,100636.000000,100633.000000,100635.000000,100629.000000,100629.000000,0.000000,0.000000,0.000000,0.000000,0.000000,299.040009,100632.328125,298.997223,0.000000,-46.148800,87.650482,-55.244762,-0.000794,-0.005312,-0.038363,-0.000999,0.001837,0.000166,,0.000000,0.000000,0.000000,0.000000,0.000000,0.000000,0.000000,0.000000,0.000000,0.000000,0.000000,0.000000,0.000000,0.000000,0.000000,2.349518,0.000000,0.000000,0.000000,1.000000,0.000000,0.023455
18.203875,1,100633.000000,100635.000000,100629.000000,100634.000000,100634.000000,0.000000,0.000000,0.000000,0.000000,0.000000,299.040009,100632.328125,298.997345,0.000000,-46.162373,87.651901,-55.257248,0.003055,-0.019275,-0.035181,-0.000712,0.003173,0.001102,,0.000000,0.000000,0.000000,0.000000,0.000000,0.000000,0.000000,0.000000,0.000000,0.000000,0.000000,0.000000,0.000000,0.000000,0.000000,2.348099,0.000000,0.000000,0.000000,1.000000,0.000000,0.023429
18.227309,1,100635.000000,100629.000000,100634.000000,100633.000000,100633.000000,0.000000,0.000000,0.000000,0.000000,0.000000,299.040009,100632.328125,298.997437,0.000000,-46.152214,87.651901,-55.247955,0.003358,-0.009924,-0.034863,0.000745,0.001043,0.000779,,0.000000,0.000000,0.000000,0.000000,0.000000,0.000000,0.000000,0.000000,0.000000,0.000000,0.000000,0.000000,0.000000,0.000000,0.000000,2.348099,0.000000,0.000000,0.000000,1.000000,0.000000,0.023435
18.250727,1,100629.000000,100634.000000,100633.000000,100634.000000,100634.000000,0.000000,0.000000,0.000000,0.000000,0.000000,299.040009,100632.335938,298.997528,0.000000,-46.142185,87.651230,-55.239674,0.006707,0.012075,-0.041629,0.001338,0.000832,0.000886,,0.000000,0.000000,0.000000,0.000000,0.000000,0.000000,0.000000,0.000000,0.000000,0.000000,0.000000,0.000000,0.000000,0.000000,0.000000,2.348770,0.000000,0.000000,0.000000,1.000000,0.000000,0.023421
18.274185,1,100634.000000,100633.000000,100634.000000,100634.000000,100634.000000,0.000000,0.000000,0.000000,0.000000,0.000000,299.040009,100632.335938,298.997650,0.000000,-46.135334,87.650566,-55.233311,-0.003588,-0.007656,-0.036266,-0.000904,0.002495,0.000784,,0.000000,0.000000,0.000000,0.000000,0.000000,0.000000,0.000000,0.000000,0.000000,0.000000,0.000000,0.000000,0.000000,0.000000,0.000000,2.349434,0.000000,0.000000,0.000000,1.000000,0.000000,0.023443
18.297645,1,100633.000000,100634.000000,100634.000000,100628.000000,100628.000000,0.000000,0.000000,0.000000,0.000000,0.000000,299.040009,100632.328125,298.997742,0.000000,-46.137012,87.650063,-55.234844,0.006485,0.001998,-0.028803,-0.000037,0.001349,0.000547,,0.000000,0.000000,0.000000,0.000000,0.000000,0.000000,0.000000,0.000000,0.000000,0.000000,0.000000,0.000000,0.000000,0.000000,0.000000,2.349937,0.000000,0.000000,0.000000,1.000000,0.000000,0.023464
18.321134,1,100634.000000,100634.000000,100628.000000,100634.000000,100634.000000,0.000000,0.000000,0.000000,0.000000,0.000000,299.040009,100632.328125,298.997864,0.000000,-46.164593,87.652145,-55.260349,0.011747,-0.003363,-0.027023,-0.001328,0.002626,0.000896,,0.000000,0.000000,0.000000,0.000000,0.000000,0.000000,0.000000,0.000000,0.000000,0.000000,0.000000,0.000000,0.000000,0.000000,0.000000,2.347855,0.000000,0.000000,0.000000,1.000000,0.000000,0.023470
18.344611,1,100634.000000,100628.000000,100634.000000,100632.000000,100632.000000,0.000000,0.000000,0.000000,0.000000,0.000000,299.040009,100632.328125,298.997955,0.000000,-46.170422,87.652397,-55.264412,-0.006655,0.006913,-0.035133,-0.000194,0.000843,0.000307,,0.000000,0.000000,0.000000,0.000000,0.000000,0.000000,0.000000,0.000000,0.000000,0.000000,0.000000,0.000000,0.000000,0.000000,0.000000,2.347603,0.000000,0.000000,0.000000,1.000000,0.000000,0.023483
18.368070,1,100628.000000,100634.000000,100632.000000,100630.000000,100630.000000,0.000000,0.000000,0.000000,0.000000,0.000000,299.040009,100632.328125,298.998047,0.000000,-46.146618,87.651482,-55.242416,0.001570,-0.001617,-0.029572,0.002029,-0.000072,0.000256,,0.000000,0.000000,0.000000,0.000000,0.000000,0.000000,0.000000,0.000000,0.000000,0.000000,0.000000,0.000000,0.000000,0.000000,0.000000,2.348518,0.000000,0.000000,0.000000,1.000000,0.000000,0.023463
18.391545,1,100634.000000,100632.000000,100630.000000,100635.000000,100635.000000,0.000000,0.000000,0.000000,0.000000,0.000000,299.040009,100632.328125,298.998169,0.000000,-46.127094,87.649147,-55.224113,0.005424,-0.004895,-0.039680,0.000711,-0.000136,-0.000197,,0.000000,0.000000,0.000000,0.000000,0.000000,0.000000,0.000000,0.000000,0.000000,0.000000,0.000000,0.000000,0.000000,0.000000,0.000000,2.350853,0.000000,0.000000,0.000000,1.000000,0.000000,0.023480
18.415071,1,100632.000000,100630.000000,100635.000000,100631.000000,100631.000000,0.000000,0.000000,0.000000,0.000000,0.000000,299.040009,100632.328125,298.998260,0.000000,-46.138535,87.649734,-55.236374,0.013546,-0.002298,-0.035666,0.001069,0.001387,0.000506,,0.000000,0.000000,0.000000,0.000000,0.000000,0.000000,0.000000,0.000000,0.000000,0.000000,0.000000,0.000000,0.000000,0.000000,0.000000,2.350266,0.000000,0.000000,0.000000,1.000000,0.000000,0.023526
18.438502,1,100630.000000,100635.000000,100631.000000,100634.000000,100634.000000,0.000000,0.000000,0.000000,0.000000,0.000000,299.040009,100632.335938,298.998352,0.000000,-46.145679,87.651070,-55.242107,0.005823,0.001800,-0.027576,-0.000371,0.002101,0.001051,,0.000000,0.000000,0.000000,0.000000,0.000000,0.000000,0.000000,0.000000,0.000000,0.000000,0.000000,0.000000,0.000000,0.000000,0.000000,2.348930,0.000000,0.000000,0.000000,1.000000,0.000000,0.023437
18.461981,1,100635.000000,100631.000000,100634.000000,100633.000000,100633.000000,0.000000,0.000000,0.000000,0.000000,0.000000,299.040009,100632.335938,298.998474,0.000000,-46.171471,87.652565,-55.266487,0.005897,0.001461,-0.031273,-0.000736,0.002404,0.001008,,0.000000,0.000000,0.000000,0.000000,0.000000,0.000000,0.000000,0.000000,0.000000,0.000000,0.000000,0.000000,0.000000,0.000000,0.000000,2.347435,0.000000,0.000000,0.000000,1.000000,0.000000,0.023460
18.485482,1,100631.000000,100634.000000,100633.000000,100634.000000,100634.000000,0.000000,0.000000,0.000000,0.000000,0.000000,299.040009,100632.335938,298.998566,0.000000,-46.132679,87.650986,-55.228836,0.003764,0.003120,-0.047968,0.000816,0.000240,0.000448,,0.000000,0.000000,0.000000,0.000000,0.000000,0.000000,0.000000,0.000000,0.000000,0.000000,0.000000,0.000000,0.000000,0.000000,0.000000,2.349014,0.000000,0.000000,0.000000,1.000000,0.000000,0.023499
18.509008,1,100634.000000,100633.000000,100634.000000,100629.000000,100629.000000,0.000000,0.000000,0.000000,0.000000,0.000000,299.040009,100632.328125,298.998657,0.000000,-46.151062,87.651146,-55.245926,0.001372,0.006962,-0.023579,0.001478,-0.000366,-0.000288,,0.000000,0.000000,0.000000,0.000000,0.000000,0.000000,0.000000,0.000000,0.000000,0.000000,0.000000,0.000000,0.000000,0.000000,0.000000,2.348854,0.000000,0.000000,0.000000,1.000000,0.000000,0.023522
18.532639,1,100633.000000,100634.000000,100629.000000,100633.000000,100633.000000,0.000000,0.000000,0.000000,0.000000,0.000000,299.040009,100632.328125,298.998749,0.000000,-46.120239,87.649483,-55.217197,0.001269,-0.003452,-0.041187,0.000867,0.000588,0.000669,,0.000000,0.000000,0.000000,0.000000,0.000000,0.000000,0.000000,0.000000,0.000000,0.000000,0.000000,0.000000,0.000000,0.000000,0.000000,2.350517,0.000000,0.000000,0.000000,1.000000,0.000000,0.023648
18.556190,1,100634.000000,100629.000000,100633.000000,100632.000000,100632.000000,0.000000,0.000000,0.000000,0.000000,0.000000,299.040009,100632.328125,298.998871,0.000000,-46.142883,87.651146,-55.238819,0.006347,-0.003873,-0.038456,-0.000719,0.002419,0.000572,,0.000000,0.000000,0.000000,0.000000,0.000000,0.000000,0.000000,0.000000,0.000000,0.000000,0.000000,0.000000,0.000000,0.000000,0.000000,2.348854,0.000000,0.000000,0.000000,1.000000,0.000000,0.023499
18.579804,1,100629.000000,100633.000000,100632.000000,100626.000000,100626.000000,0.000000,0.000000,0.000000,0.000000,0.000000,299.040009,100632.312500,298.998962,0.000000,-46.141472,87.650566,-55.236893,-0.002483,0.005865,-0.033636,0.000542,0.000393,0.000620,,0.000000,0.000000,0.000000,0.000000,0.000000,0.000000,0.000000,0.000000,0.000000,0.000000,0.000000,0.000000,0.000000,0.000000,0.000000,2.349434,0.000000,0.000000,0.000000,1.000000,0.000000,0.023658
18.603280,1,100633.000000,100632.000000,100626.000000,100632.000000,100632.000000,0.000000,0.000000,0.000000,0.000000,0.000000,299.040009,100632.312500,298.999054,0.000000,-46.115955,87.649399,-55.211998,0.008740,-0.001607,-0.030960,0.000390,0.000647,0.000167,,0.000000,0.000000,0.000000,0.000000,0.000000,0.000000,0.000000,0.000000,0.000000,0.000000,0.000000,0.000000,0.000000,0.000000,0.000000,2.350601,0.000000,0.000000,0.000000,1.000000,0.000000,0.023487
18.626719,1,100632.000000,100626.000000,100632.000000,100632.000000,100632.000000,0.000000,0.000000,0.000000,0.000000,0.000000,299.040009,100632.312500,298.999146,0.000000,-46.062836,87.647987,-55.160564,0.006642,-0.017807,-0.037342,0.001269,-0.000329,0.000438,,0.000000,0.000000,0.000000,0.000000,0.000000,0.000000,0.000000,0.000000,0.000000,0.000000,0.000000,0.000000,0.000000,0.000000,0.000000,2.352013,0.000000,0.000000,0.000000,1.000000,0.000000,0.023446
18.650147,1,100626.000000,100632.000000,100632.000000,100632.000000,100632.000000,0.000000,0.000000,0.000000,0.000000,0.000000,299.040009,100632.312500,298.999237,0.000000,-46.060764,87.646652,-55.158974,0.004416,-0.012134,-0.036318,0.000321,0.001293,0.000719,,0.000000,0.000000,0.000000,0.000000,0.000000,0.000000,0.000000,0.000000,0.000000,0.000000,0.000000,0.000000,0.000000,0.000000,0.000000,2.353348,0.000000,0.000000,0.000000,1.000000,0.000000,0.023430
18.673616,1,100632.000000,100632.000000,100632.000000,100635.000000,100635.000000,0.000000,0.000000,0.000000,0.000000,0.000000,299.040009,100632.320312,298.999329,0.000000,-46.086304,87.647652,-55.183540,-0.001980,0.007572,-0.040054,-0.000263,0.002571,0.000773,,0.000000,0.000000,0.000000,0.000000,0.000000,0.000000,0.000000,0.000000,0.000000,0.000000,0.000000,0.000000,0.000000,0.000000,0.000000,2.352348,0.000000,0.000000,0.000000,1.000000,0.000000,0.023449
18.697096,1,100632.000000,100632.000000,100635.000000,100633.000000,100633.000000,0.000000,0.000000,0.000000,0.000000,0.000000,299.040009,100632.320312,298.999451,0.000000,-46.099266,87.649239,-55.192860,0.007192,-0.000648,-0.034533,-0.001977,0.001737,0.000898,,0.000000,0.000000,0.000000,0.000000,0.000000,0.000000,0.000000,0.000000,0.000000,0.000000,0.000000,0.000000,0.000000,0.000000,0.000000,2.350761,0.000000,0.000000,0.000000,1.000000,0.000000,0.023486
18.720546,1,100632.000000,100635.000000,100633.000000,100632.000000,100632.000000,0.000000,0.000000,0.000000,0.000000,0.000000,299.040009,100632.320312,298.999542,0.000000,-46.100826,87.649483,-55.193104,0.007617,-0.000389,-0.025696,-0.001364,0.002539,0.000813,,0.000000,0.000000,0.000000,0.000000,0.000000,0.000000,0.000000,0.000000,0.000000,0.000000,0.000000,0.000000,0.000000,0.000000,0.000000,2.350517,0.000000,0.000000,0.000000,1.000000,0.000000,0.023456
18.743983,1,100635.000000,100633.000000,100632.000000,100631.000000,100631.000000,0.000000,0.000000,0.000000,0.000000,0.000000,299.040009,100632.320312,298.999634,0.000000,-46.092926,87.648148,-55.187462,-0.001705,-0.024981,-0.040313,0.000838,0.000783,0.000041,,0.000000,0.000000,0.000000,0.000000,0.000000,0.000000,0.000000,0.000000,0.000000,0.000000,0.000000,0.000000,0.000000,0.000000,0.000000,2.351852,0.000000,0.000000,0.000000,1.000000,0.000000,0.023442
18.767457,1,100633.000000,100632.000000,100631.000000,100630.000000,100630.000000,0.000000,0.000000,0.000000,0.000000,0.000000,299.040009,100632.312500,298.999725,0.000000,-46.072353,87.646492,-55.168476,-0.008296,0.001974,-0.035246,0.001173,-0.000206,-0.000275,,0.000000,0.000000,0.000000,0.000000,0.000000,0.000000,0.000000,0.000000,0.000000,0.000000,0.000000,0.000000,0.000000,0.000000,0.000000,2.353508,0.000000,0.000000,0.000000,1.000000,0.000000,0.023460
18.790967,1,100632.000000,100631.000000,100630.000000,100630.000000,100630.000000,0.000000,0.000000,0.000000,0.000000,0.000000,299.040009,100632.304688,298.999817,0.000000,-46.072762,87.646156,-55.167667,-0.001548,0.002989,-0.034745,-0.000669,0.002449,0.000750,,0.000000,0.000000,0.000000,0.000000,0.000000,0.000000,0.000000,0.000000,0.000000,0.000000,0.000000,0.000000,0.000000,0.000000,0.000000,2.353844,0.000000,0.000000,0.000000,1.000000,0.000000,0.023481
18.814752,1,100631.000000,100630.000000,100630.000000,100630.000000,100630.000000,0.000000,0.000000,0.000000,0.000000,0.000000,299.040009,100632.304688,298.999908,0.000000,-46.108196,87.648651,-55.201981,0.013512,-0.011279,-0.026127,-0.000634,0.002524,0.001025,,0.000000,0.000000,0.000000,0.000000,0.000000,0.000000,0.000000,0.000000,0.000000,0.000000,0.000000,0.000000,0.000000,0.000000,0.000000,2.351349,0.000000,0.000000,0.000000,1.000000,0.000000,0.023604
18.838819,1,100630.000000,100630.000000,100630.000000,100630.000000,100630.000000,0.000000,0.000000,0.000000,0.000000,0.000000,299.040009,100632.296875,299.000000,0.000000,-46.131836,87.650314,-55.223663,0.008686,0.000324,-0.037088,-0.000699,0.003028,0.000879,,0.000000,0.000000,0.000000,0.000000,0.000000,0.000000,0.000000,0.000000,0.000000,0.000000,0.000000,0.000000,0.000000,0.000000,0.000000,2.349686,0.000000,0.000000,0.000000,1.000000,0.000000,0.024275
18.862319,1,100630.000000,100630.000000,100630.000000,100631.000000,100631.000000,0.000000,0.000000,0.000000,0.000000,0.000000,299.040009,100632.296875,299.000092,0.000000,-46.134460,87.650650,-55.225918,-0.001580,-0.003139,-0.038888,-0.000106,0.001656,0.000632,,0.000000,0.000000,0.000000,0.000000,0.000000,0.000000,0.000000,0.000000,0.000000,0.000000,0.000000,0.000000,0.000000,0.000000,0.000000,2.349350,0.000000,0.000000,0.000000,1.000000,0.000000,0.023495
18.885805,1,100630.000000,100630.000000,100631.000000,100630.000000,100630.000000,0.000000,0.000000,0.000000,0.000000,0.000000,299.040009,100632.289062,299.000183,0.000000,-46.069031,87.646820,-55.164722,-0.005542,-0.007320,-0.036875,0.001490,-0.000409,0.000548,,0.000000,0.000000,0.000000,0.000000,0.000000,0.000000,0.000000,0.000000,0.000000,0.000000,0.000000,0.000000,0.000000,0.000000,0.000000,2.353180,0.000000,0.000000,0.000000,1.000000,0.000000,0.023493
18.909267,1,100630.000000,100631.000000,100630.000000,100629.000000,100629.000000,0.000000,0.000000,0.000000,0.000000,0.000000,299.040009,100632.281250,299.000275,0.000000,-46.059029,87.646072,-55.150597,-0.001595,-0.006639,-0.029314,0.001073,0.000205,0.000252,,0.000000,0.000000,0.000000,0.000000,0.000000,0.000000,0.000000,0.000000,0.000000,0.000000,0.000000,0.000000,0.000000,0.000000,0.000000,2.353928,0.000000,0.000000,0.000000,1.000000,0.000000,0.023475
18.932674,1,100631.000000,100630.000000,100629.000000,100629.000000,100629.000000,0.000000,0.000000,0.000000,0.000000,0.000000,299.040009,100632.273438,299.000366,0.000000,-46.055828,87.645157,-55.151291,0.013406,-0.004058,-0.034221,0.001910,-0.000601,0.000258,,0.000000,0.000000,0.000000,0.000000,0.000000,0.000000,0.000000,0.000000,0.000000,0.000000,0.000000,0.000000,0.000000,0.000000,0.000000,2.354843,0.000000,0.000000,0.000000,1.000000,0.000000,0.023425
18.956064,1,100630.000000,100629.000000,100629.000000,100630.000000,100630.000000,0.000000,0.000000,0.000000,0.000000,0.000000,299.040009,100632.265625,299.000458,0.000000,-46.091011,87.647652,-55.174889,0.007908,0.014496,-0.030071,-0.001802,0.002478,0.000817,,0.000000,0.000000,0.000000,0.000000,0.000000,0.000000,0.000000,0.000000,0.000000,0.000000,0.000000,0.000000,0.000000,0.000000,0.000000,2.352348,0.000000,0.000000,0.000000,1.000000,0.000000,0.023388
18.979483,1,100629.000000,100629.000000,100630.000000,100631.000000,100631.000000,0.000000,0.000000,0.000000,0.000000,0.000000,299.040009,100632.265625,299.000549,0.000000,-46.087276,87.648232,-55.166550,0.003954,-0.007549,-0.043074,-0.000378,0.001523,0.000878,,0.000000,0.000000,0.000000,0.000000,0.000000,0.000000,0.000000,0.000000,0.000000,0.000000,0.000000,0.000000,0.000000,0.000000,0.000000,2.351768,0.000000,0.000000,0.000000,1.000000,0.000000,0.023414
19.002891,1,100629.000000,100630.000000,100631.000000,100632.000000,100632.000000,0.000000,0.000000,0.000000,0.000000,0.000000,299.040009,100632.265625,299.000641,0.000000,-46.084625,87.646240,-55.163002,-0.002242,-0.015989,-0.022724,0.001242,0.000541,0.000135,,0.000000,0.000000,0.000000,0.000000,0.000000,0.000000,0.000000,0.000000,0.000000,0.000000,0.000000,0.000000,0.000000,0.000000,0.000000,2.353760,0.000000,0.000000,0.000000,1.000000,0.000000,0.023414
19.026261,1,100630.000000,100631.000000,100632.000000,100632.000000,100632.000000,0.000000,0.000000,0.000000,0.000000,0.000000,299.040009,100632.265625,299.000732,0.000000,-46.095791,87.646576,-55.170315,-0.011021,-0.008054,-0.033297,0.000742,0.000890,0.000253,,0.000000,0.000000,0.000000,0.000000,0.000000,0.000000,0.000000,0.000000,0.000000,0.000000,0.000000,0.000000,0.000000,0.000000,0.000000,2.353424,0.000000,0.000000,0.000000,1.000000,0.000000,0.023379
19.049639,1,100631.000000,100632.000000,100632.000000,100635.000000,100635.000000,0.000000,0.000000,0.000000,0.000000,0.000000,299.040009,100632.273438,299.000824,0.000000,-46.097019,87.646652,-55.172287,0.011055,-0.001539,-0.031161,0.000214,0.001585,0.000676,,0.000000,0.000000,0.000000,0.000000,0.000000,0.000000,0.000000,0.000000,0.000000,0.000000,0.000000,0.000000,0.000000,0.000000,0.000000,2.353348,0.000000,0.000000,0.000000,1.000000,0.000000,0.023381
19.073115,1,100632.000000,100632.000000,100635.000000,100629.000000,100629.000000,0.000000,0.000000,0.000000,0.000000,0.000000,299.040009,100632.265625,299.000916,0.000000,-46.109863,87.648232,-55.183147,0.011384,0.007838,-0.036645,-0.000856,0.002255,0.000990,,0.000000,0.000000,0.000000,0.000000,0.000000,0.000000,0.000000,0.000000,0.000000,0.000000,0.000000,0.000000,0.000000,0.000000,0.000000,2.351768,0.000000,0.000000,0.000000,1.000000,0.000000,0.023420
19.096559,1,100632.000000,100635.000000,100629.000000,100631.000000,100631.000000,0.000000,0.000000,0.000000,0.000000,0.000000,299.040009,100632.257812,299.001007,0.000000,-46.102562,87.646904,-55.175110,0.011822,0.004285,-0.028355,-0.000478,0.001555,0.000658,,0.000000,0.000000,0.000000,0.000000,0.000000,0.000000,0.000000,0.000000,0.000000,0.000000,0.000000,0.000000,0.000000,0.000000,0.000000,2.353096,0.000000,0.000000,0.000000,1.000000,0.000000,0.023472
19.120006,1,100635.000000,100629.000000,100631.000000,100633.000000,100633.000000,0.000000,0.000000,0.000000,0.000000,0.000000,299.040009,100632.257812,299.001068,0.000000,-46.103054,87.646988,-55.175793,0.003562,-0.015092,-0.041504,0.000518,0.001086,0.000329,,0.000000,0.000000,0.000000,0.000000,0.000000,0.000000,0.000000,0.000000,0.000000,0.000000,0.000000,0.000000,0.000000,0.000000,0.000000,2.353012,0.000000,0.000000,0.000000,1.000000,0.000000,0.023439
19.143726,1,100629.000000,100631.000000,100633.000000,100632.000000,100632.000000,0.000000,0.000000,0.000000,0.000000,0.000000,299.040009,100632.257812,299.001160,0.000000,-46.081833,87.645660,-55.157257,-0.010327,-0.011051,-0.036573,0.000962,0.000726,0.000673,,0.000000,0.000000,0.000000,0.000000,0.000000,0.000000,0.000000,0.000000,0.000000,0.000000,0.000000,0.000000,0.000000,0.000000,0.000000,2.354340,0.000000,0.000000,0.000000,1.000000,0.000000,0.023532
19.167359,1,100631.000000,100633.000000,100632.000000,100633.000000,100633.000000,0.000000,0.000000,0.000000,0.000000,0.000000,299.040009,100632.265625,299.001251,0.000000,-46.065483,87.645325,-55.140995,0.007668,-0.003124,-0.038025,0.000936,-0.000042,0.000648,,0.000000,0.000000,0.000000,0.000000,0.000000,0.000000,0.000000,0.000000,0.000000,0.000000,0.000000,0.000000,0.000000,0.000000,0.000000,2.354675,0.000000,0.000000,0.000000,1.000000,0.000000,0.023817
19.190834,1,100633.000000,100632.000000,100633.000000,100633.000000,100633.000000,0.000000,0.000000,0.000000,0.000000,0.000000,299.040009,100632.265625,299.001343,0.000000,-46.074131,87.646240,-55.148842,0.016665,0.003743,-0.040615,-0.000692,0.001647,0.001212,,0.000000,0.000000,0.000000,0.000000,0.000000,0.000000,0.000000,0.000000,0.000000,0.000000,0.000000,0.000000,0.000000,0.000000,0.000000,2.353760,0.000000,0.000000,0.000000,1.000000,0.000000,0.023476
19.214249,1,100632.000000,100633.000000,100633.000000,100634.000000,100634.000000,0.000000,0.000000,0.000000,0.000000,0.000000,299.040009,100632.265625,299.001434,0.000000,-46.095131,87.648071,-55.169605,0.007926,-0.001283,-0.030672,0.000289,0.001902,0.000290,,0.000000,0.000000,0.000000,0.000000,0.000000,0.000000,0.000000,0.000000,0.000000,0.000000,0.000000,0.000000,0.000000,0.000000,0.000000,2.351929,0.000000,0.000000,0.000000,1.000000,0.000000,0.023442
19.237654,1,100633.000000,100633.000000,100634.000000,100630.000000,100630.000000,0.000000,0.000000,0.000000,0.000000,0.000000,299.040009,100632.265625,299.001526,0.000000,-46.117878,87.648232,-55.189930,0.003448,-0.003538,-0.034325,-0.000391,0.001670,0.000328,,0.000000,0.000000,0.000000,0.000000,0.000000,0.000000,0.000000,0.000000,0.000000,0.000000,0.000000,0.000000,0.000000,0.000000,0.000000,2.351768,0.000000,0.000000,0.000000,1.000000,0.000000,0.023411
19.263157,1,100633.000000,100634.000000,100630.000000,100628.000000,100628.000000,0.000000,0.000000,0.000000,0.000000,0.000000,299.029999,100632.250000,299.001587,0.000000,-46.103294,87.647820,-55.176586,-0.004705,-0.006703,-0.028366,0.001354,0.000883,0.000151,,0.000000,0.000000,0.000000,0.000000,0.000000,0.000000,0.000000,0.000000,0.000000,0.000000,0.000000,0.000000,0.000000,0.000000,0.000000,2.352180,0.000000,0.000000,0.000000,1.000000,0.000000,0.025470
19.286564,1,100634.000000,100630.000000,100628.000000,100629.000000,100629.000000,0.000000,0.000000,0.000000,0.000000,0.000000,299.040009,100632.250000,299.001678,0.000000,-46.075218,87.645576,-55.149940,0.002998,-0.006650,-0.043365,0.000882,0.000231,0.000159,,0.000000,0.000000,0.000000,0.000000,0.000000,0.000000,0.000000,0.000000,0.000000,0.000000,0.000000,0.000000,0.000000,0.000000,0.000000,2.354424,0.000000,0.000000,0.000000,1.000000,0.000000,0.023432
19.309974,1,100630.000000,100628.000000,100629.000000,100629.000000,100629.000000,0.000000,0.000000,0.000000,0.000000,0.000000,299.040009,100632.242188,299.001740,0.000000,-46.078632,87.645821,-55.152958,0.017859,0.005583,-0.031385,0.000822,0.001409,0.000375,,0.000000,0.000000,0.000000,0.000000,0.000000,0.000000,0.000000,0.000000,0.000000,0.000000,0.000000,0.000000,0.000000,0.000000,0.000000,2.354179,0.000000,0.000000,0.000000,1.000000,0.000000,0.023402
19.333380,1,100628.000000,100629.000000,100629.000000,100636.000000,100636.000000,0.000000,0.000000,0.000000,0.000000,0.000000,299.040009,100632.250000,299.001831,0.000000,-46.098042,87.646736,-55.170086,0.010865,0.000020,-0.035255,-0.001398,0.002322,0.000472,,0.000000,0.000000,0.000000,0.000000,0.000000,0.000000,0.000000,0.000000,0.000000,0.000000,0.000000,0.000000,0.000000,0.000000,0.000000,2.353264,0.000000,0.000000,0.000000,1.000000,0.000000,0.023418
19.356800,1,100629.000000,100629.000000,100636.000000,100630.000000,100630.000000,0.000000,0.000000,0.000000,0.000000,0.000000,299.040009,100632.242188,299.001923,0.000000,-46.113846,87.647156,-55.184593,0.003682,0.005212,-0.036889,-0.000278,0.001764,0.000284,,0.000000,0.000000,0.000000,0.000000,0.000000,0.000000,0.000000,0.000000,0.000000,0.000000,0.000000,0.000000,0.000000,0.000000,0.000000,2.352844,0.000000,0.000000,0.000000,1.000000,0.000000,0.023396
19.380274,1,100629.000000,100636.000000,100630.000000,100635.000000,100635.000000,0.000000,0.000000,0.000000,0.000000,0.000000,299.029999,100632.250000,299.001984,0.000000,-46.094883,87.646492,-55.166386,0.008826,-0.005782,-0.031984,0.001630,-0.000338,0.000282,,0.000000,0.000000,0.000000,0.000000,0.000000,0.000000,0.000000,0.000000,0.000000,0.000000,0.000000,0.000000,0.000000,0.000000,0.000000,2.353508,0.000000,0.000000,0.000000,1.000000,0.000000,0.023458
19.403717,1,100636.000000,100630.000000,100635.000000,100635.000000,100635.000000,0.000000,0.000000,0.000000,0.000000,0.000000,299.029999,100632.257812,299.002045,0.000000,-46.049435,87.644241,-55.124062,0.008177,-0.016864,-0.029384,0.001459,0.000038,-0.000199,,0.000000,0.000000,0.000000,0.000000,0.000000,0.000000,0.000000,0.000000,0.000000,0.000000,0.000000,0.000000,0.000000,0.000000,0.000000,2.355759,0.000000,0.000000,0.000000,1.000000,0.000000,0.023482
19.427154,1,100630.000000,100635.000000,100635.000000,100632.000000,100632.000000,0.000000,0.000000,0.000000,0.000000,0.000000,299.040009,100632.250000,299.002136,0.000000,-46.048580,87.643906,-55.124115,0.005834,-0.002480,-0.034334,-0.000174,0.001163,0.001027,,0.000000,0.000000,0.000000,0.000000,0.000000,0.000000,0.000000,0.000000,0.000000,0.000000,0.000000,0.000000,0.000000,0.000000,0.000000,2.356094,0.000000,0.000000,0.000000,1.000000,0.000000,0.023421
19.450617,1,100635.000000,100635.000000,100632.000000,100633.000000,100633.000000,0.000000,0.000000,0.000000,0.000000,0.000000,299.040009,100632.257812,299.002197,0.000000,-46.053570,87.645737,-55.127201,0.006879,0.008803,-0.034796,-0.001137,0.002390,0.000568,,0.000000,0.000000,0.000000,0.000000,0.000000,0.000000,0.000000,0.000000,0.000000,0.000000,0.000000,0.000000,0.000000,0.000000,0.000000,2.354263,0.000000,0.000000,0.000000,1.000000,0.000000,0.023455
19.474335,1,100635.000000,100632.000000,100633.000000,100629.000000,100629.000000,0.000000,0.000000,0.000000,0.000000,0.000000,299.040009,100632.250000,299.002289,0.000000,-46.091866,87.647820,-55.161987,0.007957,0.001475,-0.037371,-0.001300,0.002532,0.001180,,0.000000,0.000000,0.000000,0.000000,0.000000,0.000000,0.000000,0.000000,0.000000,0.000000,0.000000,0.000000,0.000000,0.000000,0.000000,2.352180,0.000000,0.000000,0.000000,1.000000,0.000000,0.023550
19.497887,1,100632.000000,100633.000000,100629.000000,100635.000000,100635.000000,0.000000,0.000000,0.000000,0.000000,0.000000,299.040009,100632.257812,299.002380,0.000000,-46.099606,87.648407,-55.168934,0.008772,-0.004500,-0.041477,-0.000151,0.000976,0.000457,,0.000000,0.000000,0.000000,0.000000,0.000000,0.000000,0.000000,0.000000,0.000000,0.000000,0.000000,0.000000,0.000000,0.000000,0.000000,2.351593,0.000000,0.000000,0.000000,1.000000,0.000000,0.023712
19.521388,1,100633.000000,100629.000000,100635.000000,100631.000000,100631.000000,0.000000,0.000000,0.000000,0.000000,0.000000,299.040009,100632.250000,299.002441,0.000000,-46.079338,87.647316,-55.148746,0.004428,-0.008257,-0.043690,-0.001955,0.002594,0.000856,,0.000000,0.000000,0.000000,0.000000,0.000000,0.000000,0.000000,0.000000,0.000000,0.000000,0.000000,0.000000,0.000000,0.000000,0.000000,2.352684,0.000000,0.000000,0.000000,1.000000,0.000000,0.023506
19.545048,1,100629.000000,100635.000000,100631.000000,100632.000000,100632.000000,0.000000,0.000000,0.000000,0.000000,0.000000,299.040009,100632.250000,299.002533,0.000000,-46.062386,87.646492,-55.133354,0.008360,-0.005558,-0.036493,0.000791,0.000787,0.000379,,0.000000,0.000000,0.000000,0.000000,0.000000,0.000000,0.000000,0.000000,0.000000,0.000000,0.000000,0.000000,0.000000,0.000000,0.000000,2.353508,0.000000,0.000000,0.000000,1.000000,0.000000,0.023657
19.568476,1,100635.000000,100631.000000,100632.000000,100633.000000,100633.000000,0.000000,0.000000,0.000000,0.000000,0.000000,299.040009,100632.250000,299.002625,0.000000,-46.062496,87.647072,-55.131744,0.006585,0.005765,-0.030880,-0.000565,0.000936,0.001224,,0.000000,0.000000,0.000000,0.000000,0.000000,0.000000,0.000000,0.000000,0.000000,0.000000,0.000000,0.000000,0.000000,0.000000,0.000000,2.352928,0.000000,0.000000,0.000000,1.000000,0.000000,0.023443
19.591893,1,100631.000000,100632.000000,100633.000000,100632.000000,100632.000000,0.000000,0.000000,0.000000,0.000000,0.000000,299.029999,100632.250000,299.002686,0.000000,-46.074017,87.648735,-55.141262,0.011465,0.005611,-0.037491,-0.001099,0.002475,0.001968,,0.000000,0.000000,0.000000,0.000000,0.000000,0.000000,0.000000,0.000000,0.000000,0.000000,0.000000,0.000000,0.000000,0.000000,0.000000,2.351265,0.000000,0.000000,0.000000,1.000000,0.000000,0.023433
19.615280,1,100632.000000,100633.000000,100632.000000,100632.000000,100632.000000,0.000000,0.000000,0.000000,0.000000,0.000000,299.040009,100632.250000,299.002747,0.000000,-46.094505,87.650230,-55.157745,0.007988,-0.002907,-0.026464,-0.000938,0.002493,0.000910,,0.000000,0.000000,0.000000,0.000000,0.000000,0.000000,0.000000,0.000000,0.000000,0.000000,0.000000,0.000000,0.000000,0.000000,0.000000,2.349770,0.000000,0.000000,0.000000,1.000000,0.000000,0.023392
19.638644,1,100633.000000,100632.000000,100632.000000,100631.000000,100631.000000,0.000000,0.000000,0.000000,0.000000,0.000000,299.040009,100632.250000,299.002838,0.000000,-46.068722,87.649239,-55.130970,-0.001416,-0.002186,-0.038836,0.000609,0.000688,0.000866,,0.000000,0.000000,0.000000,0.000000,0.000000,0.000000,0.000000,0.000000,0.000000,0.000000,0.000000,0.000000,0.000000,0.000000,0.000000,2.350761,0.000000,0.000000,0.000000,1.000000,0.000000,0.023366
19.662033,1,100632.000000,100632.000000,100631.000000,100632.000000,100632.000000,0.000000,0.000000,0.000000,0.000000,0.000000,299.040009,100632.250000,299.002899,0.000000,-46.039787,87.647820,-55.103363,-0.008444,-0.000217,-0.036119,0.001503,0.000438,0.000261,,0.000000,0.000000,0.000000,0.000000,0.000000,0.000000,0.000000,0.000000,0.000000,0.000000,0.000000,0.000000,0.000000,0.000000,0.000000,2.352180,0.000000,0.000000,0.000000,1.000000,0.000000,0.023378
19.685436,1,100632.000000,100631.000000,100632.000000,100636.000000,100636.000000,0.000000,0.000000,0.000000,0.000000,0.000000,299.040009,100632.257812,299.002991,0.000000,-46.031322,87.647156,-55.095387,0.001700,0.004277,-0.028166,0.000245,0.000387,0.000444,,0.000000,0.000000,0.000000,0.000000,0.000000,0.000000,0.000000,0.000000,0.000000,0.000000,0.000000,0.000000,0.000000,0.000000,0.000000,2.352844,0.000000,0.000000,0.000000,1.000000,0.000000,0.023407
19.708814,1,100631.000000,100632.000000,100636.000000,100629.000000,100629.000000,0.000000,0.000000,0.000000,0.000000,0.000000,299.040009,100632.250000,299.003082,0.000000,-46.051491,87.647820,-55.113514,0.009038,0.014626,-0.039515,-0.000641,0.002529,0.000676,,0.000000,0.000000,0.000000,0.000000,0.000000,0.000000,0.000000,0.000000,0.000000,0.000000,0.000000,0.000000,0.000000,0.000000,0.000000,2.352180,0.000000,0.000000,0.000000,1.000000,0.000000,0.023383
19.732188,1,100632.000000,100636.000000,100629.000000,100631.000000,100631.000000,0.000000,0.000000,0.000000,0.000000,0.000000,299.040009,100632.250000,299.003143,0.000000,-46.065929,87.648071,-55.127296,0.006256,0.001517,-0.025570,0.000238,0.000715,0.000145,,0.000000,0.000000,0.000000,0.000000,0.000000,0.000000,0.000000,0.000000,0.000000,0.000000,0.000000,0.000000,0.000000,0.000000,0.000000,2.351929,0.000000,0.000000,0.000000,1.000000,0.000000,0.023377
19.755558,1,100636.000000,100629.000000,100631.000000,100632.000000,100632.000000,0.000000,0.000000,0.000000,0.000000,0.000000,299.040009,100632.250000,299.003235,0.000000,-46.066811,87.648148,-55.126930,0.008010,-0.010455,-0.028468,-0.000042,0.001096,0.000480,,0.000000,0.000000,0.000000,0.000000,0.000000,0.000000,0.000000,0.000000,0.000000,0.000000,0.000000,0.000000,0.000000,0.000000,0.000000,2.351852,0.000000,0.000000,0.000000,1.000000,0.000000,0.023371
19.778932,1,100629.000000,100631.000000,100632.000000,100630.000000,100630.000000,0.000000,0.000000,0.000000,0.000000,0.000000,299.040009,100632.242188,299.003296,0.000000,-46.058167,87.646492,-55.120052,0.002703,-0.013801,-0.039040,0.000690,0.000277,-0.000088,,0.000000,0.000000,0.000000,0.000000,0.000000,0.000000,0.000000,0.000000,0.000000,0.000000,0.000000,0.000000,0.000000,0.000000,0.000000,2.353508,0.000000,0.000000,0.000000,1.000000,0.000000,0.023365
19.802332,1,100631.000000,100632.000000,100630.000000,100631.000000,100631.000000,0.000000,0.000000,0.000000,0.000000,0.000000,299.040009,100632.242188,299.003387,0.000000,-46.058220,87.646317,-55.121670,0.008716,-0.005242,-0.032264,0.001303,0.001435,0.000491,,0.000000,0.000000,0.000000,0.000000,0.000000,0.000000,0.000000,0.000000,0.000000,0.000000,0.000000,0.000000,0.000000,0.000000,0.000000,2.353683,0.000000,0.000000,0.000000,1.000000,0.000000,0.023386
19.825773,1,100632.000000,100630.000000,100631.000000,100636.000000,100636.000000,0.000000,0.000000,0.000000,0.000000,0.000000,299.040009,100632.250000,299.003448,0.000000,-46.078846,87.649239,-55.138569,0.009197,0.003239,-0.035446,-0.000304,0.001085,0.001120,,0.000000,0.000000,0.000000,0.000000,0.000000,0.000000,0.000000,0.000000,0.000000,0.000000,0.000000,0.000000,0.000000,0.000000,0.000000,2.350761,0.000000,0.000000,0.000000,1.000000,0.000000,0.023430
19.849211,1,100630.000000,100631.000000,100636.000000,100633.000000,100633.000000,0.000000,0.000000,0.000000,0.000000,0.000000,299.040009,100632.250000,299.003540,0.000000,-46.079483,87.649902,-55.138657,0.008063,0.002923,-0.037085,-0.001175,0.002215,0.000889,,0.000000,0.000000,0.000000,0.000000,0.000000,0.000000,0.000000,0.000000,0.000000,0.000000,0.000000,0.000000,0.000000,0.000000,0.000000,2.350098,0.000000,0.000000,0.000000,1.000000,0.000000,0.023439
19.872976,1,100631.000000,100636.000000,100633.000000,100634.000000,100634.000000,0.000000,0.000000,0.000000,0.000000,0.000000,299.040009,100632.250000,299.003601,0.000000,-46.109753,87.651733,-55.166798,0.001094,-0.005513,-0.027619,-0.001052,0.003047,0.001494,,0.000000,0.000000,0.000000,0.000000,0.000000,0.000000,0.000000,0.000000,0.000000,0.000000,0.000000,0.000000,0.000000,0.000000,0.000000,2.348267,0.000000,0.000000,0.000000,1.000000,0.000000,0.023575
19.896704,1,100636.000000,100633.000000,100634.000000,100633.000000,100633.000000,0.000000,0.000000,0.000000,0.000000,0.000000,299.040009,100632.250000,299.003693,0.000000,-46.083984,87.648735,-55.142948,-0.002811,0.003593,-0.029554,-0.000111,0.000517,-0.000096,,0.000000,0.000000,0.000000,0.000000,0.000000,0.000000,0.000000,0.000000,0.000000,0.000000,0.000000,0.000000,0.000000,0.000000,0.000000,2.351265,0.000000,0.000000,0.000000,1.000000,0.000000,0.023905
19.920188,1,100633.000000,100634.000000,100633.000000,100630.000000,100630.000000,0.000000,0.000000,0.000000,0.000000,0.000000,299.040009,100632.250000,299.003754,0.000000,-46.076267,87.647072,-55.137039,0.011251,-0.001211,-0.032506,0.000492,-0.000055,0.000226,,0.000000,0.000000,0.000000,0.000000,0.000000,0.000000,0.000000,0.000000,0.000000,0.000000,0.000000,0.000000,0.000000,0.000000,0.000000,2.352928,0.000000,0.000000,0.000000,1.000000,0.000000,0.023495
19.943610,1,100634.000000,100633.000000,100630.000000,100635.000000,100635.000000,0.000000,0.000000,0.000000,0.000000,0.000000,299.040009,100632.257812,299.003845,0.000000,-46.059895,87.645737,-55.120762,0.007385,-0.001806,-0.022171,0.000337,0.000579,0.000316,,0.000000,0.000000,0.000000,0.000000,0.000000,0.000000,0.000000,0.000000,0.000000,0.000000,0.000000,0.000000,0.000000,0.000000,0.000000,2.354263,0.000000,0.000000,0.000000,1.000000,0.000000,0.023444
19.967022,1,100633.000000,100630.000000,100635.000000,100628.000000,100628.000000,0.000000,0.000000,0.000000,0.000000,0.000000,299.040009,100632.242188,299.003906,0.000000,-46.102692,87.648735,-55.158978,0.008943,-0.000301,-0.035686,-0.000848,0.002387,0.000934,,0.000000,0.000000,0.000000,0.000000,0.000000,0.000000,0.000000,0.000000,0.000000,0.000000,0.000000,0.000000,0.000000,0.000000,0.000000,2.351265,0.000000,0.000000,0.000000,1.000000,0.000000,0.023410
19.990413,1,100630.000000,100635.000000,100628.000000,100631.000000,100631.000000,0.000000,0.000000,0.000000,0.000000,0.000000,299.040009,100632.242188,299.003998,0.000000,-46.107784,87.649818,-55.164490,-0.000217,-0.004721,-0.033537,-0.001168,0.002325,0.001225,,0.000000,0.000000,0.000000,0.000000,0.000000,0.000000,0.000000,0.000000,0.000000,0.000000,0.000000,0.000000,0.000000,0.000000,0.000000,2.350182,0.000000,0.000000,0.000000,1.000000,0.000000,0.023399
20.013795,1,100635.000000,100628.000000,100631.000000,100631.000000,100631.000000,0.000000,0.000000,0.000000,0.000000,0.000000,299.040009,100632.242188,299.004059,0.000000,-46.120457,87.650314,-55.171555,-0.004195,0.009365,-0.028051,-0.001545,0.002088,0.000774,,0.000000,0.000000,0.000000,0.000000,0.000000,0.000000,0.000000,0.000000,0.000000,0.000000,0.000000,0.000000,0.000000,0.000000,0.000000,2.349686,0.000000,0.000000,0.000000,1.000000,0.000000,0.023384
20.037169,1,100628.000000,100631.000000,100631.000000,100634.000000,100634.000000,0.000000,0.000000,0.000000,0.000000,0.000000,299.040009,100632.242188,299.004150,0.000000,-46.086346,87.649239,-55.137436,0.009531,-0.011285,-0.033540,0.001178,-0.000070,0.000444,,0.000000,0.000000,0.000000,0.000000,0.000000,0.000000,0.000000,0.000000,0.000000,0.000000,0.000000,0.000000,0.000000,0.000000,0.000000,2.350761,0.000000,0.000000,0.000000,1.000000,0.000000,0.023377
20.060554,1,100631.000000,100631.000000,100634.000000,100629.000000,100629.000000,0.000000,0.000000,0.000000,0.000000,0.000000,299.040009,100632.234375,299.004211,0.000000,-46.068882,87.647820,-55.121239,0.010766,-0.000939,-0.026430,0.001022,0.000690,0.000043,,0.000000,0.000000,0.000000,0.000000,0.000000,0.000000,0.000000,0.000000,0.000000,0.000000,0.000000,0.000000,0.000000,0.000000,0.000000,2.352180,0.000000,0.000000,0.000000,1.000000,0.000000,0.023382
20.084000,1,100631.000000,100634.000000,100629.000000,100626.000000,100626.000000,0.000000,0.000000,0.000000,0.000000,0.000000,299.040009,100632.226562,299.004303,0.000000,-46.082500,87.647987,-55.135586,-0.002941,0.010551,-0.041971,0.001059,0.000936,-0.000232,,0.000000,0.000000,0.000000,0.000000,0.000000,0.000000,0.000000,0.000000,0.000000,0.000000,0.000000,0.000000,0.000000,0.000000,0.000000,2.352013,0.000000,0.000000,0.000000,1.000000,0.000000,0.023442
20.107390,1,100634.000000,100629.000000,100626.000000,100629.000000,100629.000000,0.000000,0.000000,0.000000,0.000000,0.000000,299.040009,100632.218750,299.004364,0.000000,-46.106121,87.649399,-55.156700,-0.006854,0.000683,-0.036676,-0.001125,0.002433,0.000883,,0.000000,0.000000,0.000000,0.000000,0.000000,0.000000,0.000000,0.000000,0.000000,0.000000,0.000000,0.000000,0.000000,0.000000,0.000000,2.350601,0.000000,0.000000,0.000000,1.000000,0.000000,0.023396
20.130761,1,100629.000000,100626.000000,100629.000000,100632.000000,100632.000000,0.000000,0.000000,0.000000,0.000000,0.000000,299.040009,100632.218750,299.004425,0.000000,-46.114136,87.649147,-55.163441,0.000391,0.000198,-0.038965,-0.000836,0.001566,0.000340,,0.000000,0.000000,0.000000,0.000000,0.000000,0.000000,0.000000,0.000000,0.000000,0.000000,0.000000,0.000000,0.000000,0.000000,0.000000,2.350853,0.000000,0.000000,0.000000,1.000000,0.000000,0.023365
20.154150,1,100626.000000,100629.000000,100632.000000,100631.000000,100631.000000,0.000000,0.000000,0.000000,0.000000,0.000000,299.040009,100632.218750,299.004517,0.000000,-46.091667,87.647903,-55.141453,0.020298,-0.014160,-0.027344,0.001078,0.000027,0.000514,,0.000000,0.000000,0.000000,0.000000,0.000000,0.000000,0.000000,0.000000,0.000000,0.000000,0.000000,0.000000,0.000000,0.000000,0.000000,2.352097,0.000000,0.000000,0.000000,1.000000,0.000000,0.023380
20.177620,1,100629.000000,100632.000000,100631.000000,100637.000000,100637.000000,0.000000,0.000000,0.000000,0.000000,0.000000,299.040009,100632.226562,299.004578,0.000000,-46.070786,87.647232,-55.121929,-0.008107,-0.001723,-0.050200,0.001038,0.000932,0.000408,,0.000000,0.000000,0.000000,0.000000,0.000000,0.000000,0.000000,0.000000,0.000000,0.000000,0.000000,0.000000,0.000000,0.000000,0.000000,2.352768,0.000000,0.000000,0.000000,1.000000,0.000000,0.023446
20.201149,1,100632.000000,100631.000000,100637.000000,100633.000000,100633.000000,0.000000,0.000000,0.000000,0.000000,0.000000,299.040009,100632.226562,299.004669,0.000000,-46.059216,87.646820,-55.111500,-0.000687,0.007914,-0.024096,0.000473,0.000715,0.000208,,0.000000,0.000000,0.000000,0.000000,0.000000,0.000000,0.000000,0.000000,0.000000,0.000000,0.000000,0.000000,0.000000,0.000000,0.000000,2.353180,0.000000,0.000000,0.000000,1.000000,0.000000,0.023528
20.224821,1,100631.000000,100637.000000,100633.000000,100631.000000,100631.000000,0.000000,0.000000,0.000000,0.000000,0.000000,299.040009,100632.226562,299.004730,0.000000,-46.096981,87.648567,-55.148041,0.000501,-0.003023,-0.042223,-0.000618,0.002917,0.000101,,0.000000,0.000000,0.000000,0.000000,0.000000,0.000000,0.000000,0.000000,0.000000,0.000000,0.000000,0.000000,0.000000,0.000000,0.000000,2.351433,0.000000,0.000000,0.000000,1.000000,0.000000,0.023526
20.248409,1,100637.000000,100633.000000,100631.000000,100630.000000,100630.000000,0.000000,0.000000,0.000000,0.000000,0.000000,299.040009,100632.218750,299.004791,0.000000,-46.081158,87.649063,-55.131752,0.010290,0.009362,-0.038576,-0.000967,0.001891,0.001078,,0.000000,0.000000,0.000000,0.000000,0.000000,0.000000,0.000000,0.000000,0.000000,0.000000,0.000000,0.000000,0.000000,0.000000,0.000000,2.350937,0.000000,0.000000,0.000000,1.000000,0.000000,0.023740
20.271908,1,100633.000000,100631.000000,100630.000000,100633.000000,100633.000000,0.000000,0.000000,0.000000,0.000000,0.000000,299.040009,100632.218750,299.004883,0.000000,-46.088207,87.649063,-55.137623,0.011334,-0.006575,-0.035418,-0.000308,0.001012,0.000774,,0.000000,0.000000,0.000000,0.000000,0.000000,0.000000,0.000000,0.000000,0.000000,0.000000,0.000000,0.000000,0.000000,0.000000,0.000000,2.350937,0.000000,0.000000,0.000000,1.000000,0.000000,0.023500
20.295345,1,100631.000000,100630.000000,100633.000000,100629.000000,100629.000000,0.000000,0.000000,0.000000,0.000000,0.000000,299.040009,100632.210938,299.004944,0.000000,-46.057388,87.648148,-55.108406,-0.007177,-0.001790,-0.039872,-0.001081,0.002573,0.001005,,0.000000,0.000000,0.000000,0.000000,0.000000,0.000000,0.000000,0.000000,0.000000,0.000000,0.000000,0.000000,0.000000,0.000000,0.000000,2.351852,0.000000,0.000000,0.000000,1.000000,0.000000,0.023453
20.318820,1,100630.000000,100633.000000,100629.000000,100630.000000,100630.000000,0.000000,0.000000,0.000000,0.000000,0.000000,299.040009,100632.210938,299.005005,0.000000,-46.066322,87.648483,-55.114807,-0.008515,0.008773,-0.037050,-0.000148,0.001880,0.001257,,0.000000,0.000000,0.000000,0.000000,0.000000,0.000000,0.000000,0.000000,0.000000,0.000000,0.000000,0.000000,0.000000,0.000000,0.000000,2.351517,0.000000,0.000000,0.000000,1.000000,0.000000,0.023470
20.342225,1,100633.000000,100629.000000,100630.000000,100633.000000,100633.000000,0.000000,0.000000,0.000000,0.000000,0.000000,299.040009,100632.210938,299.005096,0.000000,-46.064991,87.647568,-55.115803,0.002105,-0.007543,-0.037815,0.000210,0.001484,0.000040,,0.000000,0.000000,0.000000,0.000000,0.000000,0.000000,0.000000,0.000000,0.000000,0.000000,0.000000,0.000000,0.000000,0.000000,0.000000,2.352432,0.000000,0.000000,0.000000,1.000000,0.000000,0.023410
20.365638,1,100629.000000,100630.000000,100633.000000,100627.000000,100627.000000,0.000000,0.000000,0.000000,0.000000,0.000000,299.040009,100632.203125,299.005157,0.000000,-46.083073,87.649734,-55.122578,0.003743,-0.007365,-0.028904,-0.001280,0.002243,0.001421,,0.000000,0.000000,0.000000,0.000000,0.000000,0.000000,0.000000,0.000000,0.000000,0.000000,0.000000,0.000000,0.000000,0.000000,0.000000,2.350266,0.000000,0.000000,0.000000,1.000000,0.000000,0.023413
20.389093,1,100630.000000,100633.000000,100627.000000,100627.000000,100627.000000,0.000000,0.000000,0.000000,0.000000,0.000000,299.040009,100632.187500,299.005219,0.000000,-46.098198,87.651070,-55.134010,0.006745,-0.002667,-0.038075,-0.000222,0.002127,0.000770,,0.000000,0.000000,0.000000,0.000000,0.000000,0.000000,0.000000,0.000000,0.000000,0.000000,0.000000,0.000000,0.000000,0.000000,0.000000,2.348930,0.000000,0.000000,0.000000,1.000000,0.000000,0.023437
20.412569,1,100633.000000,100627.000000,100627.000000,100625.000000,100625.000000,0.000000,0.000000,0.000000,0.000000,0.000000,299.040009,100632.179688,299.005280,0.000000,-46.073387,87.649818,-55.111519,-0.002717,0.006031,-0.019047,0.001169,0.000551,-0.000203,,0.000000,0.000000,0.000000,0.000000,0.000000,0.000000,0.000000,0.000000,0.000000,0.000000,0.000000,0.000000,0.000000,0.000000,0.000000,2.350182,0.000000,0.000000,0.000000,1.000000,0.000000,0.023460
20.435997,1,100627.000000,100627.000000,100625.000000,100629.000000,100629.000000,0.000000,0.000000,0.000000,0.000000,0.000000,299.040009,100632.171875,299.005371,0.000000,-46.057041,87.647232,-55.096630,-0.000639,-0.006024,-0.048612,0.001338,-0.000078,-0.000056,,0.000000,0.000000,0.000000,0.000000,0.000000,0.000000,0.000000,0.000000,0.000000,0.000000,0.000000,0.000000,0.000000,0.000000,0.000000,2.352768,0.000000,0.000000,0.000000,1.000000,0.000000,0.023471
20.459398,1,100627.000000,100625.000000,100629.000000,100630.000000,100630.000000,0.000000,0.000000,0.000000,0.000000,0.000000,299.029999,100632.164062,299.005402,0.000000,-46.064922,87.648232,-55.104126,0.012506,0.001588,-0.025322,0.000707,0.000712,0.000251,,0.000000,0.000000,0.000000,0.000000,0.000000,0.000000,0.000000,0.000000,0.000000,0.000000,0.000000,0.000000,0.000000,0.000000,0.000000,2.351768,0.000000,0.000000,0.000000,1.000000,0.000000,0.023400
20.482809,1,100625.000000,100629.000000,100630.000000,100631.000000,100631.000000,0.000000,0.000000,0.000000,0.000000,0.000000,299.040009,100632.164062,299.005493,0.000000,-46.087585,87.649399,-55.124271,0.011712,-0.000327,-0.038777,-0.000966,0.002659,0.001191,,0.000000,0.000000,0.000000,0.000000,0.000000,0.000000,0.000000,0.000000,0.000000,0.000000,0.000000,0.000000,0.000000,0.000000,0.000000,2.350601,0.000000,0.000000,0.000000,1.000000,0.000000,0.023393
20.506243,1,100629.000000,100630.000000,100631.000000,100634.000000,100634.000000,0.000000,0.000000,0.000000,0.000000,0.000000,299.040009,100632.164062,299.005554,0.000000,-46.113388,87.650734,-55.149036,0.004266,0.001356,-0.028662,-0.000387,0.002353,0.000780,,0.000000,0.000000,0.000000,0.000000,0.000000,0.000000,0.000000,0.000000,0.000000,0.000000,0.000000,0.000000,0.000000,0.000000,0.000000,2.349266,0.000000,0.000000,0.000000,1.000000,0.000000,0.023431
20.529696,1,100630.000000,100631.000000,100634.000000,100635.000000,100635.000000,0.000000,0.000000,0.000000,0.000000,0.000000,299.040009,100632.171875,299.005615,0.000000,-46.110165,87.650063,-55.145638,-0.004727,-0.003511,-0.044382,0.000056,0.001077,0.000921,,0.000000,0.000000,0.000000,0.000000,0.000000,0.000000,0.000000,0.000000,0.000000,0.000000,0.000000,0.000000,0.000000,0.000000,0.000000,2.349937,0.000000,0.000000,0.000000,1.000000,0.000000,0.023448
20.553133,1,100631.000000,100634.000000,100635.000000,100636.000000,100636.000000,0.000000,0.000000,0.000000,0.000000,0.000000,299.040009,100632.179688,299.005676,0.000000,-46.054722,87.648315,-55.092297,0.002919,-0.010663,-0.017445,0.001367,-0.000111,0.000646,,0.000000,0.000000,0.000000,0.000000,0.000000,0.000000,0.000000,0.000000,0.000000,0.000000,0.000000,0.000000,0.000000,0.000000,0.000000,2.351685,0.000000,0.000000,0.000000,1.000000,0.000000,0.023434
20.576666,1,100634.000000,100635.000000,100636.000000,100632.000000,100632.000000,0.000000,0.000000,0.000000,0.000000,0.000000,299.040009,100632.179688,299.005737,0.000000,-46.048111,87.648071,-55.086521,0.007768,-0.004614,-0.040777,0.000624,0.001173,0.000376,,0.000000,0.000000,0.000000,0.000000,0.000000,0.000000,0.000000,0.000000,0.000000,0.000000,0.000000,0.000000,0.000000,0.000000,0.000000,2.351929,0.000000,0.000000,0.000000,1.000000,0.000000,0.023503
20.600222,1,100635.000000,100636.000000,100632.000000,100633.000000,100633.000000,0.000000,0.000000,0.000000,0.000000,0.000000,299.029999,100632.179688,299.005798,0.000000,-46.047024,87.648819,-55.085541,0.001878,0.015148,-0.025171,0.000771,0.000780,0.000423,,0.000000,0.000000,0.000000,0.000000,0.000000,0.000000,0.000000,0.000000,0.000000,0.000000,0.000000,0.000000,0.000000,0.000000,0.000000,2.351181,0.000000,0.000000,0.000000,1.000000,0.000000,0.023591
20.623724,1,100636.000000,100632.000000,100633.000000,100631.000000,100631.000000,0.000000,0.000000,0.000000,0.000000,0.000000,299.029999,100632.179688,299.005859,0.000000,-46.068123,87.649567,-55.104362,0.006038,-0.000720,-0.041956,-0.001018,0.001851,0.000580,,0.000000,0.000000,0.000000,0.000000,0.000000,0.000000,0.000000,0.000000,0.000000,0.000000,0.000000,0.000000,0.000000,0.000000,0.000000,2.350433,0.000000,0.000000,0.000000,1.000000,0.000000,0.023508
20.647133,1,100632.000000,100633.000000,100631.000000,100632.000000,100632.000000,0.000000,0.000000,0.000000,0.000000,0.000000,299.029999,100632.179688,299.005890,0.000000,-46.095829,87.649147,-55.130863,0.004072,-0.024875,-0.029831,-0.000466,0.001954,-0.000391,,0.000000,0.000000,0.000000,0.000000,0.000000,0.000000,0.000000,0.000000,0.000000,0.000000,0.000000,0.000000,0.000000,0.000000,0.000000,2.350853,0.000000,0.000000,0.000000,1.000000,0.000000,0.023430
20.670534,1,100633.000000,100631.000000,100632.000000,100630.000000,100630.000000,0.000000,0.000000,0.000000,0.000000,0.000000,299.040009,100632.171875,299.005951,0.000000,-46.093708,87.648903,-55.126900,0.009493,-0.017105,-0.040487,-0.000307,0.002115,0.000267,,0.000000,0.000000,0.000000,0.000000,0.000000,0.000000,0.000000,0.000000,0.000000,0.000000,0.000000,0.000000,0.000000,0.000000,0.000000,2.351097,0.000000,0.000000,0.000000,1.000000,0.000000,0.023397
20.693931,1,100631.000000,100632.000000,100630.000000,100631.000000,100631.000000,0.000000,0.000000,0.000000,0.000000,0.000000,299.040009,100632.171875,299.006042,0.000000,-46.060421,87.647316,-55.098114,0.005081,0.010916,-0.031430,0.001570,0.000185,-0.000235,,0.000000,0.000000,0.000000,0.000000,0.000000,0.000000,0.000000,0.000000,0.000000,0.000000,0.000000,0.000000,0.000000,0.000000,0.000000,2.352684,0.000000,0.000000,0.000000,1.000000,0.000000,0.023401
20.717312,1,100632.000000,100630.000000,100631.000000,100632.000000,100632.000000,0.000000,0.000000,0.000000,0.000000,0.000000,299.040009,100632.171875,299.006104,0.000000,-46.060883,87.645737,-55.095280,-0.001780,0.010106,-0.043928,0.001108,-0.000023,0.000038,,0.000000,0.000000,0.000000,0.000000,0.000000,0.000000,0.000000,0.000000,0.000000,0.000000,0.000000,0.000000,0.000000,0.000000,0.000000,2.354263,0.000000,0.000000,0.000000,1.000000,0.000000,0.023383
20.740728,1,100630.000000,100631.000000,100632.000000,100633.000000,100633.000000,0.000000,0.000000,0.000000,0.000000,0.000000,299.040009,100632.171875,299.006165,0.000000,-46.071693,87.645988,-55.105057,0.007128,-0.002066,-0.022865,-0.000567,0.001858,0.000043,,0.000000,0.000000,0.000000,0.000000,0.000000,0.000000,0.000000,0.000000,0.000000,0.000000,0.000000,0.000000,0.000000,0.000000,0.000000,2.354012,0.000000,0.000000,0.000000,1.000000,0.000000,0.023386
20.764261,1,100631.000000,100632.000000,100633.000000,100634.000000,100634.000000,0.000000,0.000000,0.000000,0.000000,0.000000,299.040009,100632.179688,299.006226,0.000000,-46.083950,87.646576,-55.117546,0.002659,-0.008572,-0.036139,-0.000088,0.002406,0.000525,,0.000000,0.000000,0.000000,0.000000,0.000000,0.000000,0.000000,0.000000,0.000000,0.000000,0.000000,0.000000,0.000000,0.000000,0.000000,2.353424,0.000000,0.000000,0.000000,1.000000,0.000000,0.023454
20.796945,1,100632.000000,100633.000000,100634.000000,100632.000000,100632.000000,0.000000,0.000000,0.000000,0.000000,0.000000,299.019989,100632.179688,299.006256,0.000000,-46.062355,87.647400,-55.096237,-0.006793,0.001143,-0.037872,0.000596,0.000986,0.000973,,0.000000,0.000000,0.000000,0.000000,0.000000,0.000000,0.000000,0.000000,0.000000,0.000000,0.000000,0.000000,0.000000,0.000000,0.000000,2.352600,0.000000,0.000000,0.000000,1.000000,0.000000,0.032757
20.820388,1,100633.000000,100634.000000,100632.000000,100635.000000,100635.000000,0.000000,0.000000,0.000000,0.000000,0.000000,299.029999,100632.179688,299.006287,0.000000,-46.057228,87.645241,-55.091969,0.001860,0.003945,-0.043333,0.000841,0.000654,0.000365,,0.000000,0.000000,0.000000,0.000000,0.000000,0.000000,0.000000,0.000000,0.000000,0.000000,0.000000,0.000000,0.000000,0.000000,0.000000,2.354759,0.000000,0.000000,0.000000,1.000000,0.000000,0.023456
20.843831,1,100634.000000,100632.000000,100635.000000,100633.000000,100633.000000,0.000000,0.000000,0.000000,0.000000,0.000000,299.029999,100632.187500,299.006348,0.000000,-46.054089,87.644325,-55.090450,0.005775,0.002434,-0.045357,0.000452,0.001183,0.000251,,0.000000,0.000000,0.000000,0.000000,0.000000,0.000000,0.000000,0.000000,0.000000,0.000000,0.000000,0.000000,0.000000,0.000000,0.000000,2.355675,0.000000,0.000000,0.000000,1.000000,0.000000,0.023433
20.867306,1,100632.000000,100635.000000,100633.000000,100632.000000,100632.000000,0.000000,0.000000,0.000000,0.000000,0.000000,299.029999,100632.179688,299.006378,0.000000,-46.080597,87.644821,-55.114967,0.005116,-0.012115,-0.021753,-0.000731,0.002323,0.000470,,0.000000,0.000000,0.000000,0.000000,0.000000,0.000000,0.000000,0.000000,0.000000,0.000000,0.000000,0.000000,0.000000,0.000000,0.000000,2.355179,0.000000,0.000000,0.000000,1.000000,0.000000,0.023469
20.891084,1,100635.000000,100633.000000,100632.000000,100628.000000,100628.000000,0.000000,0.000000,0.000000,0.000000,0.000000,299.029999,100632.171875,299.006439,0.000000,-46.094009,87.645660,-55.127590,0.003421,-0.003903,-0.039130,0.000569,0.001154,0.000477,,0.000000,0.000000,0.000000,0.000000,0.000000,0.000000,0.000000,0.000000,0.000000,0.000000,0.000000,0.000000,0.000000,0.000000,0.000000,2.354340,0.000000,0.000000,0.000000,1.000000,0.000000,0.023573
20.914792,1,100633.000000,100632.000000,100628.000000,100635.000000,100635.000000,0.000000,0.000000,0.000000,0.000000,0.000000,299.029999,100632.179688,299.006470,0.000000,-46.095772,87.645988,-55.130367,-0.005622,0.007041,-0.036030,0.001300,0.001202,0.000346,,0.000000,0.000000,0.000000,0.000000,0.000000,0.000000,0.000000,0.000000,0.000000,0.000000,0.000000,0.000000,0.000000,0.000000,0.000000,2.354012,0.000000,0.000000,0.000000,1.000000,0.000000,0.023894
20.938251,1,100632.000000,100628.000000,100635.000000,100631.000000,100631.000000,0.000000,0.000000,0.000000,0.000000,0.000000,299.029999,100632.179688,299.006531,0.000000,-46.043785,87.643494,-55.079563,0.002090,0.006153,-0.030452,0.001095,0.000182,0.000055,,0.000000,0.000000,0.000000,0.000000,0.000000,0.000000,0.000000,0.000000,0.000000,0.000000,0.000000,0.000000,0.000000,0.000000,0.000000,2.356506,0.000000,0.000000,0.000000,1.000000,0.000000,0.023485
20.961740,1,100628.000000,100635.000000,100631.000000,100636.000000,100636.000000,0.000000,0.000000,0.000000,0.000000,0.000000,299.029999,100632.187500,299.006561,0.000000,-46.050266,87.644241,-55.083794,0.008219,-0.006949,-0.024675,-0.001391,0.002490,0.000868,,0.000000,0.000000,0.000000,0.000000,0.000000,0.000000,0.000000,0.000000,0.000000,0.000000,0.000000,0.000000,0.000000,0.000000,0.000000,2.355759,0.000000,0.000000,0.000000,1.000000,0.000000,0.023485
20.985178,1,100635.000000,100631.000000,100636.000000,100630.000000,100630.000000,0.000000,0.000000,0.000000,0.000000,0.000000,299.029999,100632.179688,299.006622,0.000000,-46.076561,87.647568,-55.108192,-0.004762,-0.007450,-0.040031,-0.000247,0.002571,0.000830,,0.000000,0.000000,0.000000,0.000000,0.000000,0.000000,0.000000,0.000000,0.000000,0.000000,0.000000,0.000000,0.000000,0.000000,0.000000,2.352432,0.000000,0.000000,0.000000,1.000000,0.000000,0.023451
21.008595,1,100631.000000,100636.000000,100630.000000,100633.000000,100633.000000,0.000000,0.000000,0.000000,0.000000,0.000000,299.029999,100632.179688,299.006653,0.000000,-46.118645,87.648148,-55.147671,-0.009544,0.010553,-0.035891,-0.000828,0.002497,0.000667,,0.000000,0.000000,0.000000,0.000000,0.000000,0.000000,0.000000,0.000000,0.000000,0.000000,0.000000,0.000000,0.000000,0.000000,0.000000,2.351852,0.000000,0.000000,0.000000,1.000000,0.000000,0.023434
21.031989,1,100636.000000,100630.000000,100633.000000,100629.000000,100629.000000,0.000000,0.000000,0.000000,0.000000,0.000000,299.029999,100632.179688,299.006714,0.000000,-46.128654,87.648903,-55.159397,0.006138,-0.004597,-0.038910,-0.001377,0.002624,0.001016,,0.000000,0.000000,0.000000,0.000000,0.000000,0.000000,0.000000,0.000000,0.000000,0.000000,0.000000,0.000000,0.000000,0.000000,0.000000,2.351097,0.000000,0.000000,0.000000,1.000000,0.000000,0.023401
21.055389,1,100630.000000,100633.000000,100629.000000,100632.000000,100632.000000,0.000000,0.000000,0.000000,0.000000,0.000000,299.029999,100632.179688,299.006744,0.000000,-46.071033,87.646400,-55.103001,0.012982,-0.003375,-0.031583,0.001256,0.000687,0.000365,,0.000000,0.000000,0.000000,0.000000,0.000000,0.000000,0.000000,0.000000,0.000000,0.000000,0.000000,0.000000,0.000000,0.000000,0.000000,2.353600,0.000000,0.000000,0.000000,1.000000,0.000000,0.023399
21.078787,1,100633.000000,100629.000000,100632.000000,100636.000000,100636.000000,0.000000,0.000000,0.000000,0.000000,0.000000,299.029999,100632.187500,299.006805,0.000000,-46.065422,87.645081,-55.098927,0.002659,0.000215,-0.034569,0.001737,-0.000034,-0.000075,,0.000000,0.000000,0.000000,0.000000,0.000000,0.000000,0.000000,0.000000,0.000000,0.000000,0.000000,0.000000,0.000000,0.000000,0.000000,2.354919,0.000000,0.000000,0.000000,1.000000,0.000000,0.023387
21.102176,1,100629.000000,100632.000000,100636.000000,100634.000000,100634.000000,0.000000,0.000000,0.000000,0.000000,0.000000,299.029999,100632.187500,299.006836,0.000000,-46.065960,87.644989,-55.099354,0.008438,0.009287,-0.025122,0.000260,0.001675,0.000828,,0.000000,0.000000,0.000000,0.000000,0.000000,0.000000,0.000000,0.000000,0.000000,0.000000,0.000000,0.000000,0.000000,0.000000,0.000000,2.355011,0.000000,0.000000,0.000000,1.000000,0.000000,0.023398
21.125546,1,100632.000000,100636.000000,100634.000000,100631.000000,100631.000000,0.000000,0.000000,0.000000,0.000000,0.000000,299.029999,100632.187500,299.006897,0.000000,-46.070854,87.645905,-55.100632,-0.000780,-0.005309,-0.041847,-0.001493,0.001234,0.000918,,0.000000,0.000000,0.000000,0.000000,0.000000,0.000000,0.000000,0.000000,0.000000,0.000000,0.000000,0.000000,0.000000,0.000000,0.000000,2.354095,0.000000,0.000000,0.000000,1.000000,0.000000,0.023375
21.148968,1,100636.000000,100634.000000,100631.000000,100627.000000,100627.000000,0.000000,0.000000,0.000000,0.000000,0.000000,299.029999,100632.171875,299.006927,0.000000,-46.107391,87.646400,-55.136265,0.001247,-0.012058,-0.029863,-0.000514,0.002733,0.000780,,0.000000,0.000000,0.000000,0.000000,0.000000,0.000000,0.000000,0.000000,0.000000,0.000000,0.000000,0.000000,0.000000,0.000000,0.000000,2.353600,0.000000,0.000000,0.000000,1.000000,0.000000,0.023397
21.172472,1,100634.000000,100631.000000,100627.000000,100635.000000,100635.000000,0.000000,0.000000,0.000000,0.000000,0.000000,299.029999,100632.179688,299.006958,0.000000,-46.117413,87.647156,-55.146755,0.005384,-0.007560,-0.040236,0.000221,0.001489,0.001047,,0.000000,0.000000,0.000000,0.000000,0.000000,0.000000,0.000000,0.000000,0.000000,0.000000,0.000000,0.000000,0.000000,0.000000,0.000000,2.352844,0.000000,0.000000,0.000000,1.000000,0.000000,0.023486
21.196496,1,100631.000000,100627.000000,100635.000000,100632.000000,100632.000000,0.000000,0.000000,0.000000,0.000000,0.000000,299.040009,100632.179688,299.007019,0.000000,-46.071346,87.645737,-55.102203,0.001091,0.001532,-0.036366,0.000965,0.000074,0.000410,,0.000000,0.000000,0.000000,0.000000,0.000000,0.000000,0.000000,0.000000,0.000000,0.000000,0.000000,0.000000,0.000000,0.000000,0.000000,2.354263,0.000000,0.000000,0.000000,1.000000,0.000000,0.024013
21.220042,1,100627.000000,100635.000000,100632.000000,100628.000000,100628.000000,0.000000,0.000000,0.000000,0.000000,0.000000,299.040009,100632.171875,299.007080,0.000000,-46.063129,87.644745,-55.095329,0.003250,0.010171,-0.034969,0.000768,0.000816,0.000557,,0.000000,0.000000,0.000000,0.000000,0.000000,0.000000,0.000000,0.000000,0.000000,0.000000,0.000000,0.000000,0.000000,0.000000,0.000000,2.355255,0.000000,0.000000,0.000000,1.000000,0.000000,0.023505
21.243674,1,100635.000000,100632.000000,100628.000000,100632.000000,100632.000000,0.000000,0.000000,0.000000,0.000000,0.000000,299.040009,100632.171875,299.007141,0.000000,-46.052006,87.642746,-55.082909,0.011743,0.003097,-0.033434,-0.000532,0.001629,0.000314,,0.000000,0.000000,0.000000,0.000000,0.000000,0.000000,0.000000,0.000000,0.000000,0.000000,0.000000,0.000000,0.000000,0.000000,0.000000,2.357254,0.000000,0.000000,0.000000,1.000000,0.000000,0.023585
21.267371,1,100632.000000,100628.000000,100632.000000,100638.000000,100638.000000,0.000000,0.000000,0.000000,0.000000,0.000000,299.040009,100632.179688,299.007202,0.000000,-46.065201,87.643661,-55.094006,0.002575,-0.017070,-0.029615,-0.000304,0.002383,0.000424,,0.000000,0.000000,0.000000,0.000000,0.000000,0.000000,0.000000,0.000000,0.000000,0.000000,0.000000,0.000000,0.000000,0.000000,0.000000,2.356339,0.000000,0.000000,0.000000,1.000000,0.000000,0.023727
21.295974,1,100628.000000,100632.000000,100638.000000,100628.000000,100628.000000,0.000000,0.000000,0.000000,0.000000,0.000000,299.029999,100632.171875,299.007263,0.000000,-46.093121,87.645157,-55.120747,0.005230,-0.008422,-0.040346,0.000873,0.001450,0.000138,,0.000000,0.000000,0.000000,0.000000,0.000000,0.000000,0.000000,0.000000,0.000000,0.000000,0.000000,0.000000,0.000000,0.000000,0.000000,2.354843,0.000000,0.000000,0.000000,1.000000,0.000000,0.028583
21.326139,1,100632.000000,100638.000000,100628.000000,100626.000000,100626.000000,0.000000,0.000000,0.000000,0.000000,0.000000,299.019989,100632.164062,299.007294,0.000000,-46.082291,87.644745,-55.111378,-0.013018,0.006804,-0.034951,-0.000101,0.001453,0.000632,,0.000000,0.000000,0.000000,0.000000,0.000000,0.000000,0.000000,0.000000,0.000000,0.000000,0.000000,0.000000,0.000000,0.000000,0.000000,2.355255,0.000000,0.000000,0.000000,1.000000,0.000000,0.030218
21.358132,1,100638.000000,100628.000000,100626.000000,100631.000000,100631.000000,0.000000,0.000000,0.000000,0.000000,0.000000,299.010010,100632.164062,299.007294,0.000000,-46.053417,87.642166,-55.084827,0.010392,-0.002204,-0.037397,0.000202,0.000155,0.000038,,0.000000,0.000000,0.000000,0.000000,0.000000,0.000000,0.000000,0.000000,0.000000,0.000000,0.000000,0.000000,0.000000,0.000000,0.000000,2.357834,0.000000,0.000000,0.000000,1.000000,0.000000,0.031990
21.398348,1,100628.000000,100626.000000,100631.000000,100634.000000,100634.000000,0.000000,0.000000,0.000000,0.000000,0.000000,298.989990,100632.164062,299.007263,0.000000,-46.074272,87.642502,-55.103569,0.009542,-0.007983,-0.026316,0.000099,0.001909,0.001103,,0.000000,0.000000,0.000000,0.000000,0.000000,0.000000,0.000000,0.000000,0.000000,0.000000,0.000000,0.000000,0.000000,0.000000,0.000000,2.357498,0.000000,0.000000,0.000000,1.000000,0.000000,0.040183
21.430209,1,100626.000000,100631.000000,100634.000000,100631.000000,100631.000000,0.000000,0.000000,0.000000,0.000000,0.000000,298.989990,100632.164062,299.007233,0.000000,-46.128693,87.645988,-55.151138,-0.013668,0.007016,-0.032773,-0.000038,0.001749,0.000607,,0.000000,0.000000,0.000000,0.000000,0.000000,0.000000,0.000000,0.000000,0.000000,0.000000,0.000000,0.000000,0.000000,0.000000,0.000000,2.354012,0.000000,0.000000,0.000000,1.000000,0.000000,0.031846
21.460841,1,100631.000000,100634.000000,100631.000000,100628.000000,100628.000000,0.000000,0.000000,0.000000,0.000000,0.000000,298.980011,100632.156250,299.007172,0.000000,-46.098778,87.643990,-55.122124,0.007354,-0.010308,-0.025884,0.000796,-0.000019,-0.000494,,0.000000,0.000000,0.000000,0.000000,0.000000,0.000000,0.000000,0.000000,0.000000,0.000000,0.000000,0.000000,0.000000,0.000000,0.000000,2.356010,0.000000,0.000000,0.000000,1.000000,0.000000,0.030262
21.484570,1,100634.000000,100631.000000,100628.000000,100629.000000,100629.000000,0.000000,0.000000,0.000000,0.000000,0.000000,298.989990,100632.148438,299.007141,0.000000,-46.110657,87.644165,-55.133732,0.001169,0.005267,-0.041325,0.000941,0.000538,0.000462,,0.000000,0.000000,0.000000,0.000000,0.000000,0.000000,0.000000,0.000000,0.000000,0.000000,0.000000,0.000000,0.000000,0.000000,0.000000,2.355835,0.000000,0.000000,0.000000,1.000000,0.000000,0.024103
21.508477,1,100631.000000,100628.000000,100629.000000,100626.000000,100626.000000,0.000000,0.000000,0.000000,0.000000,0.000000,298.989990,100632.140625,299.007111,0.000000,-46.088238,87.645241,-55.111050,0.005887,-0.001448,-0.025924,-0.000890,0.002236,0.001330,,0.000000,0.000000,0.000000,0.000000,0.000000,0.000000,0.000000,0.000000,0.000000,0.000000,0.000000,0.000000,0.000000,0.000000,0.000000,2.354759,0.000000,0.000000,0.000000,1.000000,0.000000,0.023920
21.532616,1,100628.000000,100629.000000,100626.000000,100635.000000,100635.000000,0.000000,0.000000,0.000000,0.000000,0.000000,299.000000,100632.140625,299.007111,0.000000,-46.095467,87.645485,-55.117020,-0.004239,-0.006986,-0.036936,0.000420,0.001551,0.000464,,0.000000,0.000000,0.000000,0.000000,0.000000,0.000000,0.000000,0.000000,0.000000,0.000000,0.000000,0.000000,0.000000,0.000000,0.000000,2.354515,0.000000,0.000000,0.000000,1.000000,0.000000,0.024139
21.556571,1,100629.000000,100626.000000,100635.000000,100628.000000,100628.000000,0.000000,0.000000,0.000000,0.000000,0.000000,299.000000,100632.132812,299.007080,0.000000,-46.067543,87.642830,-55.090698,0.003290,0.001256,-0.030169,0.000126,0.000797,0.000294,,0.000000,0.000000,0.000000,0.000000,0.000000,0.000000,0.000000,0.000000,0.000000,0.000000,0.000000,0.000000,0.000000,0.000000,0.000000,2.357170,0.000000,0.000000,0.000000,1.000000,0.000000,0.023890
21.580327,1,100626.000000,100635.000000,100628.000000,100627.000000,100627.000000,0.000000,0.000000,0.000000,0.000000,0.000000,299.000000,100632.125000,299.007080,0.000000,-46.073753,87.642250,-55.097786,-0.001013,-0.002724,-0.044910,0.000958,0.000575,0.000027,,0.000000,0.000000,0.000000,0.000000,0.000000,0.000000,0.000000,0.000000,0.000000,0.000000,0.000000,0.000000,0.000000,0.000000,0.000000,2.357750,0.000000,0.000000,0.000000,1.000000,0.000000,0.023842
21.610123,1,100635.000000,100628.000000,100627.000000,100629.000000,100629.000000,0.000000,0.000000,0.000000,0.000000,0.000000,299.000000,100632.117188,299.007050,0.000000,-46.037811,87.640007,-55.064316,0.009169,0.002468,-0.040241,0.000676,0.000560,0.000188,,0.000000,0.000000,0.000000,0.000000,0.000000,0.000000,0.000000,0.000000,0.000000,0.000000,0.000000,0.000000,0.000000,0.000000,0.000000,2.359993,0.000000,0.000000,0.000000,1.000000,0.000000,0.029823
21.650103,1,100628.000000,100627.000000,100629.000000,100628.000000,100628.000000,0.000000,0.000000,0.000000,0.000000,0.000000,298.980011,100632.109375,299.007019,0.000000,-46.062023,87.641502,-55.088249,0.005286,-0.002333,-0.035265,0.000085,0.002738,0.000869,,0.000000,0.000000,0.000000,0.000000,0.000000,0.000000,0.000000,0.000000,0.000000,0.000000,0.000000,0.000000,0.000000,0.000000,0.000000,2.358498,0.000000,0.000000,0.000000,1.000000,0.000000,0.039989
21.682134,1,100627.000000,100629.000000,100628.000000,100630.000000,100630.000000,0.000000,0.000000,0.000000,0.000000,0.000000,298.980011,100632.109375,299.006958,0.000000,-46.099220,87.642914,-55.120155,0.001209,-0.008113,-0.036331,-0.000075,0.002185,0.000774,,0.000000,0.000000,0.000000,0.000000,0.000000,0.000000,0.000000,0.000000,0.000000,0.000000,0.000000,0.000000,0.000000,0.000000,0.000000,2.357086,0.000000,0.000000,0.000000,1.000000,0.000000,0.032017
21.718112,1,100629.000000,100628.000000,100630.000000,100630.000000,100630.000000,0.000000,0.000000,0.000000,0.000000,0.000000,298.970001,100632.101562,299.006897,0.000000,-46.104351,87.643906,-55.124046,0.004924,0.000225,-0.042961,0.000949,0.001167,0.000340,,0.000000,0.000000,0.000000,0.000000,0.000000,0.000000,0.000000,0.000000,0.000000,0.000000,0.000000,0.000000,0.000000,0.000000,0.000000,2.356094,0.000000,0.000000,0.000000,1.000000,0.000000,0.035989
21.742104,1,100628.000000,100630.000000,100630.000000,100634.000000,100634.000000,0.000000,0.000000,0.000000,0.000000,0.000000,298.970001,100632.109375,299.006836,0.000000,-46.065701,87.640846,-55.086414,-0.012577,0.004001,-0.027134,0.000024,0.000071,0.000231,,0.000000,0.000000,0.000000,0.000000,0.000000,0.000000,0.000000,0.000000,0.000000,0.000000,0.000000,0.000000,0.000000,0.000000,0.000000,2.359154,0.000000,0.000000,0.000000,1.000000,0.000000,0.023999
21.767558,1,100630.000000,100630.000000,100634.000000,100623.000000,100623.000000,0.000000,0.000000,0.000000,0.000000,0.000000,298.980011,100632.093750,299.006775,0.000000,-46.107536,87.642166,-55.125622,0.006310,-0.005734,-0.028076,-0.001464,0.001902,0.000145,,0.000000,0.000000,0.000000,0.000000,0.000000,0.000000,0.000000,0.000000,0.000000,0.000000,0.000000,0.000000,0.000000,0.000000,0.000000,2.357834,0.000000,0.000000,0.000000,1.000000,0.000000,0.025444
21.798043,1,100630.000000,100634.000000,100623.000000,100626.000000,100626.000000,0.000000,0.000000,0.000000,0.000000,0.000000,298.970001,100632.078125,299.006714,0.000000,-46.112419,87.643082,-55.129246,0.005607,-0.006778,-0.045649,-0.001483,0.001997,0.000706,,0.000000,0.000000,0.000000,0.000000,0.000000,0.000000,0.000000,0.000000,0.000000,0.000000,0.000000,0.000000,0.000000,0.000000,0.000000,2.356918,0.000000,0.000000,0.000000,1.000000,0.000000,0.030450
21.826180,1,100634.000000,100623.000000,100626.000000,100631.000000,100631.000000,0.000000,0.000000,0.000000,0.000000,0.000000,298.980011,100632.078125,299.006653,0.000000,-46.100143,87.642586,-55.117672,0.009774,0.010323,-0.029193,0.001380,0.000346,0.000448,,0.000000,0.000000,0.000000,0.000000,0.000000,0.000000,0.000000,0.000000,0.000000,0.000000,0.000000,0.000000,0.000000,0.000000,0.000000,2.357414,0.000000,0.000000,0.000000,1.000000,0.000000,0.028120
21.859715,1,100623.000000,100626.000000,100631.000000,100631.000000,100631.000000,0.000000,0.000000,0.000000,0.000000,0.000000,298.970001,100632.078125,299.006592,0.000000,-46.054245,87.639931,-55.073582,0.013152,-0.004166,-0.033022,0.001729,-0.000082,-0.000290,,0.000000,0.000000,0.000000,0.000000,0.000000,0.000000,0.000000,0.000000,0.000000,0.000000,0.000000,0.000000,0.000000,0.000000,0.000000,2.360069,0.000000,0.000000,0.000000,1.000000,0.000000,0.033539
21.884880,1,100626.000000,100631.000000,100631.000000,100627.000000,100627.000000,0.000000,0.000000,0.000000,0.000000,0.000000,298.970001,100632.070312,299.006531,0.000000,-46.072861,87.638603,-55.092865,0.011928,-0.000952,-0.027619,0.000337,0.000523,0.000461,,0.000000,0.000000,0.000000,0.000000,0.000000,0.000000,0.000000,0.000000,0.000000,0.000000,0.000000,0.000000,0.000000,0.000000,0.000000,2.361397,0.000000,0.000000,0.000000,1.000000,0.000000,0.025159
21.908494,1,100631.000000,100631.000000,100627.000000,100626.000000,100626.000000,0.000000,0.000000,0.000000,0.000000,0.000000,298.980011,100632.054688,299.006470,0.000000,-46.083668,87.639763,-55.102482,-0.010580,0.000997,-0.033466,-0.000829,0.002917,0.001579,,0.000000,0.000000,0.000000,0.000000,0.000000,0.000000,0.000000,0.000000,0.000000,0.000000,0.000000,0.000000,0.000000,0.000000,0.000000,2.360237,0.000000,0.000000,0.000000,1.000000,0.000000,0.023617
21.933247,1,100631.000000,100627.000000,100626.000000,100627.000000,100627.000000,0.000000,0.000000,0.000000,0.000000,0.000000,298.980011,100632.046875,299.006439,0.000000,-46.107243,87.640671,-55.123344,-0.001575,-0.000060,-0.046371,-0.000649,0.001573,0.000882,,0.000000,0.000000,0.000000,0.000000,0.000000,0.000000,0.000000,0.000000,0.000000,0.000000,0.000000,0.000000,0.000000,0.000000,0.000000,2.359329,0.000000,0.000000,0.000000,1.000000,0.000000,0.024711
21.956989,1,100627.000000,100626.000000,100627.000000,100635.000000,100635.000000,0.000000,0.000000,0.000000,0.000000,0.000000,298.989990,100632.054688,299.006409,0.000000,-46.074520,87.639931,-55.090702,0.008033,-0.004944,-0.029849,0.001885,0.000043,0.000141,,0.000000,0.000000,0.000000,0.000000,0.000000,0.000000,0.000000,0.000000,0.000000,0.000000,0.000000,0.000000,0.000000,0.000000,0.000000,2.360069,0.000000,0.000000,0.000000,1.000000,0.000000,0.023785
21.980609,1,100626.000000,100627.000000,100635.000000,100635.000000,100635.000000,0.000000,0.000000,0.000000,0.000000,0.000000,298.989990,100632.062500,299.006378,0.000000,-46.062397,87.639671,-55.081528,0.001266,-0.005794,-0.032516,-0.000473,0.002686,0.001257,,0.000000,0.000000,0.000000,0.000000,0.000000,0.000000,0.000000,0.000000,0.000000,0.000000,0.000000,0.000000,0.000000,0.000000,0.000000,2.360329,0.000000,0.000000,0.000000,1.000000,0.000000,0.023662
22.014056,1,100627.000000,100635.000000,100635.000000,100632.000000,100632.000000,0.000000,0.000000,0.000000,0.000000,0.000000,298.989990,100632.062500,299.006348,0.000000,-46.080761,87.640427,-55.100449,-0.014857,0.009581,-0.044512,-0.000228,0.001085,-0.000046,,0.000000,0.000000,0.000000,0.000000,0.000000,0.000000,0.000000,0.000000,0.000000,0.000000,0.000000,0.000000,0.000000,0.000000,0.000000,2.359573,0.000000,0.000000,0.000000,1.000000,0.000000,0.033456
22.046104,1,100635.000000,100635.000000,100632.000000,100632.000000,100632.000000,0.000000,0.000000,0.000000,0.000000,0.000000,298.980011,100632.062500,299.006287,0.000000,-46.095005,87.640343,-55.110844,-0.011369,-0.001297,-0.028761,0.000598,0.000745,0.000777,,0.000000,0.000000,0.000000,0.000000,0.000000,0.000000,0.000000,0.000000,0.000000,0.000000,0.000000,0.000000,0.000000,0.000000,0.000000,2.359657,0.000000,0.000000,0.000000,1.000000,0.000000,0.032052
22.079566,1,100635.000000,100632.000000,100632.000000,100622.000000,100622.000000,0.000000,0.000000,0.000000,0.000000,0.000000,298.970001,100632.039062,299.006226,0.000000,-46.110260,87.640511,-55.119083,-0.000250,-0.001985,-0.032705,-0.000487,0.001513,0.000380,,0.000000,0.000000,0.000000,0.000000,0.000000,0.000000,0.000000,0.000000,0.000000,0.000000,0.000000,0.000000,0.000000,0.000000,0.000000,2.359489,0.000000,0.000000,0.000000,1.000000,0.000000,0.033449
22.114110,1,100632.000000,100632.000000,100622.000000,100627.000000,100627.000000,0.000000,0.000000,0.000000,0.000000,0.000000,298.970001,100632.031250,299.006165,0.000000,-46.070930,87.640427,-55.081425,0.002550,-0.003302,-0.032133,0.001161,0.000666,0.000754,,0.000000,0.000000,0.000000,0.000000,0.000000,0.000000,0.000000,0.000000,0.000000,0.000000,0.000000,0.000000,0.000000,0.000000,0.000000,2.359573,0.000000,0.000000,0.000000,1.000000,0.000000,0.034557
22.147635,1,100632.000000,100622.000000,100627.000000,100626.000000,100626.000000,0.000000,0.000000,0.000000,0.000000,0.000000,298.959991,100632.023438,299.006104,0.000000,-46.076874,87.640091,-55.086475,0.001481,0.003319,-0.033863,-0.001748,0.002162,0.000629,,0.000000,0.000000,0.000000,0.000000,0.000000,0.000000,0.000000,0.000000,0.000000,0.000000,0.000000,0.000000,0.000000,0.000000,0.000000,2.359909,0.000000,0.000000,0.000000,1.000000,0.000000,0.033457
22.172173,1,100622.000000,100627.000000,100626.000000,100631.000000,100631.000000,0.000000,0.000000,0.000000,0.000000,0.000000,298.970001,100632.015625,299.006012,0.000000,-46.093220,87.641586,-55.100864,0.005510,-0.005495,-0.027063,-0.001209,0.002560,0.001332,,0.000000,0.000000,0.000000,0.000000,0.000000,0.000000,0.000000,0.000000,0.000000,0.000000,0.000000,0.000000,0.000000,0.000000,0.000000,2.358414,0.000000,0.000000,0.000000,1.000000,0.000000,0.024516
22.195774,1,100627.000000,100626.000000,100631.000000,100629.000000,100629.000000,0.000000,0.000000,0.000000,0.000000,0.000000,298.970001,100632.015625,299.005951,0.000000,-46.094261,87.643082,-55.101761,0.009321,0.000491,-0.036413,0.000622,0.001561,0.000495,,0.000000,0.000000,0.000000,0.000000,0.000000,0.000000,0.000000,0.000000,0.000000,0.000000,0.000000,0.000000,0.000000,0.000000,0.000000,2.356918,0.000000,0.000000,0.000000,1.000000,0.000000,0.023634
22.225343,1,100626.000000,100631.000000,100629.000000,100631.000000,100631.000000,0.000000,0.000000,0.000000,0.000000,0.000000,298.970001,100632.015625,299.005890,0.000000,-46.073479,87.641670,-55.081993,0.010597,0.005438,-0.039999,0.000799,0.000121,0.000414,,0.000000,0.000000,0.000000,0.000000,0.000000,0.000000,0.000000,0.000000,0.000000,0.000000,0.000000,0.000000,0.000000,0.000000,0.000000,2.358330,0.000000,0.000000,0.000000,1.000000,0.000000,0.029568
22.249911,1,100631.000000,100629.000000,100631.000000,100630.000000,100630.000000,0.000000,0.000000,0.000000,0.000000,0.000000,298.970001,100632.007812,299.005829,0.000000,-46.053291,87.640846,-55.062168,0.010716,0.000943,-0.040368,0.001052,0.000398,0.000879,,0.000000,0.000000,0.000000,0.000000,0.000000,0.000000,0.000000,0.000000,0.000000,0.000000,0.000000,0.000000,0.000000,0.000000,0.000000,2.359154,0.000000,0.000000,0.000000,1.000000,0.000000,0.024574
22.278186,1,100629.000000,100631.000000,100630.000000,100630.000000,100630.000000,0.000000,0.000000,0.000000,0.000000,0.000000,298.980011,100632.007812,299.005798,0.000000,-46.024418,87.639763,-55.032578,0.006903,0.000932,-0.028855,-0.001078,0.001850,0.001043,,0.000000,0.000000,0.000000,0.000000,0.000000,0.000000,0.000000,0.000000,0.000000,0.000000,0.000000,0.000000,0.000000,0.000000,0.000000,2.360237,0.000000,0.000000,0.000000,1.000000,0.000000,0.028269
22.306150,1,100631.000000,100630.000000,100630.000000,100634.000000,100634.000000,0.000000,0.000000,0.000000,0.000000,0.000000,298.980011,100632.007812,299.005737,0.000000,-46.081909,87.642502,-55.086250,0.009124,-0.007519,-0.032619,-0.000874,0.002338,0.000693,,0.000000,0.000000,0.000000,0.000000,0.000000,0.000000,0.000000,0.000000,0.000000,0.000000,0.000000,0.000000,0.000000,0.000000,0.000000,2.357498,0.000000,0.000000,0.000000,1.000000,0.000000,0.027992
22.330888,1,100630.000000,100630.000000,100634.000000,100629.000000,100629.000000,0.000000,0.000000,0.000000,0.000000,0.000000,298.980011,100632.000000,299.005707,0.000000,-46.063114,87.641670,-55.069630,-0.005537,0.003525,-0.033306,0.003065,-0.000607,-0.000473,,0.000000,0.000000,0.000000,0.000000,0.000000,0.000000,0.000000,0.000000,0.000000,0.000000,0.000000,0.000000,0.000000,0.000000,0.000000,2.358330,0.000000,0.000000,0.000000,1.000000,0.000000,0.024763
22.355328,1,100630.000000,100634.000000,100629.000000,100637.000000,100637.000000,0.000000,0.000000,0.000000,0.000000,0.000000,298.989990,100632.015625,299.005676,0.000000,-46.037971,87.639595,-55.047916,0.007376,0.001670,-0.031394,0.001013,-0.000200,0.000422,,0.000000,0.000000,0.000000,0.000000,0.000000,0.000000,0.000000,0.000000,0.000000,0.000000,0.000000,0.000000,0.000000,0.000000,0.000000,2.360405,0.000000,0.000000,0.000000,1.000000,0.000000,0.024448
22.385810,1,100634.000000,100629.000000,100637.000000,100630.000000,100630.000000,0.000000,0.000000,0.000000,0.000000,0.000000,298.980011,100632.007812,299.005615,0.000000,-46.010944,87.637939,-55.015335,0.010417,-0.005203,-0.041595,0.000648,0.000203,0.000358,,0.000000,0.000000,0.000000,0.000000,0.000000,0.000000,0.000000,0.000000,0.000000,0.000000,0.000000,0.000000,0.000000,0.000000,0.000000,2.362061,0.000000,0.000000,0.000000,1.000000,0.000000,0.030441
22.414123,1,100629.000000,100637.000000,100630.000000,100628.000000,100628.000000,0.000000,0.000000,0.000000,0.000000,0.000000,298.980011,100632.000000,299.005585,0.000000,-46.041016,87.639183,-55.040554,0.004211,-0.004137,-0.028559,-0.000679,0.002244,0.001144,,0.000000,0.000000,0.000000,0.000000,0.000000,0.000000,0.000000,0.000000,0.000000,0.000000,0.000000,0.000000,0.000000,0.000000,0.000000,2.360817,0.000000,0.000000,0.000000,1.000000,0.000000,0.028338
22.437587,1,100637.000000,100630.000000,100628.000000,100634.000000,100634.000000,0.000000,0.000000,0.000000,0.000000,0.000000,298.989990,100632.007812,299.005554,0.000000,-46.078583,87.641090,-55.069031,-0.007361,-0.008908,-0.032811,-0.000953,0.001575,0.000788,,0.000000,0.000000,0.000000,0.000000,0.000000,0.000000,0.000000,0.000000,0.000000,0.000000,0.000000,0.000000,0.000000,0.000000,0.000000,2.358910,0.000000,0.000000,0.000000,1.000000,0.000000,0.023461
22.461734,1,100630.000000,100628.000000,100634.000000,100631.000000,100631.000000,0.000000,0.000000,0.000000,0.000000,0.000000,298.989990,100632.000000,299.005524,0.000000,-46.051914,87.640587,-55.040932,0.000391,-0.003349,-0.028992,0.000260,0.000882,0.000429,,0.000000,0.000000,0.000000,0.000000,0.000000,0.000000,0.000000,0.000000,0.000000,0.000000,0.000000,0.000000,0.000000,0.000000,0.000000,2.359413,0.000000,0.000000,0.000000,1.000000,0.000000,0.024109
22.490235,1,100628.000000,100634.000000,100631.000000,100627.000000,100627.000000,0.000000,0.000000,0.000000,0.000000,0.000000,298.989990,100631.992188,299.005493,0.000000,-46.054173,87.640587,-55.043739,0.011988,-0.000682,-0.035153,-0.000533,0.002324,0.000360,,0.000000,0.000000,0.000000,0.000000,0.000000,0.000000,0.000000,0.000000,0.000000,0.000000,0.000000,0.000000,0.000000,0.000000,0.000000,2.359413,0.000000,0.000000,0.000000,1.000000,0.000000,0.028450
22.513922,1,100634.000000,100631.000000,100627.000000,100625.000000,100625.000000,0.000000,0.000000,0.000000,0.000000,0.000000,298.989990,100631.984375,299.005463,0.000000,-46.039268,87.640007,-55.029160,0.003271,-0.001298,-0.037919,0.000219,0.000806,0.000475,,0.000000,0.000000,0.000000,0.000000,0.000000,0.000000,0.000000,0.000000,0.000000,0.000000,0.000000,0.000000,0.000000,0.000000,0.000000,2.359993,0.000000,0.000000,0.000000,1.000000,0.000000,0.023728
22.542477,1,100631.000000,100627.000000,100625.000000,100632.000000,100632.000000,0.000000,0.000000,0.000000,0.000000,0.000000,298.989990,100631.984375,299.005463,0.000000,-46.071571,87.641251,-55.059891,-0.014371,-0.008846,-0.033302,-0.000645,0.002052,0.000464,,0.000000,0.000000,0.000000,0.000000,0.000000,0.000000,0.000000,0.000000,0.000000,0.000000,0.000000,0.000000,0.000000,0.000000,0.000000,2.358749,0.000000,0.000000,0.000000,1.000000,0.000000,0.028562
22.567267,1,100627.000000,100625.000000,100632.000000,100632.000000,100632.000000,0.000000,0.000000,0.000000,0.000000,0.000000,298.989990,100631.984375,299.005432,0.000000,-46.060791,87.640175,-55.049778,0.009836,-0.005592,-0.039705,-0.000357,0.001940,0.000618,,0.000000,0.000000,0.000000,0.000000,0.000000,0.000000,0.000000,0.000000,0.000000,0.000000,0.000000,0.000000,0.000000,0.000000,0.000000,2.359825,0.000000,0.000000,0.000000,1.000000,0.000000,0.024794
22.594197,1,100625.000000,100632.000000,100632.000000,100628.000000,100628.000000,0.000000,0.000000,0.000000,0.000000,0.000000,298.989990,100631.976562,299.005402,0.000000,-46.066345,87.641914,-55.055115,0.003202,0.003737,-0.034527,0.000301,0.001078,0.000760,,0.000000,0.000000,0.000000,0.000000,0.000000,0.000000,0.000000,0.000000,0.000000,0.000000,0.000000,0.000000,0.000000,0.000000,0.000000,2.358086,0.000000,0.000000,0.000000,1.000000,0.000000,0.026924
22.622190,1,100632.000000,100632.000000,100628.000000,100630.000000,100630.000000,0.000000,0.000000,0.000000,0.000000,0.000000,298.989990,100631.968750,299.005371,0.000000,-46.014221,87.639847,-55.004906,0.001106,0.009407,-0.027083,0.002252,0.000012,0.000359,,0.000000,0.000000,0.000000,0.000000,0.000000,0.000000,0.000000,0.000000,0.000000,0.000000,0.000000,0.000000,0.000000,0.000000,0.000000,2.360153,0.000000,0.000000,0.000000,1.000000,0.000000,0.027996
22.646509,1,100632.000000,100628.000000,100630.000000,100630.000000,100630.000000,0.000000,0.000000,0.000000,0.000000,0.000000,298.989990,100631.968750,299.005341,0.000000,-46.024757,87.639847,-55.013329,0.001747,-0.011902,-0.050925,-0.000153,0.001341,0.000778,,0.000000,0.000000,0.000000,0.000000,0.000000,0.000000,0.000000,0.000000,0.000000,0.000000,0.000000,0.000000,0.000000,0.000000,0.000000,2.360153,0.000000,0.000000,0.000000,1.000000,0.000000,0.024351
22.674127,1,100628.000000,100630.000000,100630.000000,100632.000000,100632.000000,0.000000,0.000000,0.000000,0.000000,0.000000,298.989990,100631.968750,299.005310,0.000000,-46.059555,87.640846,-55.048950,-0.005807,-0.004918,-0.025269,-0.000555,0.002336,0.000792,,0.000000,0.000000,0.000000,0.000000,0.000000,0.000000,0.000000,0.000000,0.000000,0.000000,0.000000,0.000000,0.000000,0.000000,0.000000,2.359154,0.000000,0.000000,0.000000,1.000000,0.000000,0.027630
22.706107,1,100630.000000,100630.000000,100632.000000,100628.000000,100628.000000,0.000000,0.000000,0.000000,0.000000,0.000000,298.989990,100631.960938,299.005280,0.000000,-46.077209,87.642670,-55.065479,0.000063,0.006569,-0.034334,0.001568,0.000416,0.000679,,0.000000,0.000000,0.000000,0.000000,0.000000,0.000000,0.000000,0.000000,0.000000,0.000000,0.000000,0.000000,0.000000,0.000000,0.000000,2.357330,0.000000,0.000000,0.000000,1.000000,0.000000,0.031999
22.730108,1,100630.000000,100632.000000,100628.000000,100627.000000,100627.000000,0.000000,0.000000,0.000000,0.000000,0.000000,298.989990,100631.953125,299.005280,0.000000,-46.065117,87.641335,-55.044098,0.011186,0.005391,-0.030107,0.000699,0.001002,0.000566,,0.000000,0.000000,0.000000,0.000000,0.000000,0.000000,0.000000,0.000000,0.000000,0.000000,0.000000,0.000000,0.000000,0.000000,0.000000,2.358665,0.000000,0.000000,0.000000,1.000000,0.000000,0.024004
22.755570,1,100632.000000,100628.000000,100627.000000,100629.000000,100629.000000,0.000000,0.000000,0.000000,0.000000,0.000000,298.989990,100631.945312,299.005249,0.000000,-46.043877,87.638687,-55.019089,0.004295,-0.000658,-0.033240,0.000341,0.000506,0.000255,,0.000000,0.000000,0.000000,0.000000,0.000000,0.000000,0.000000,0.000000,0.000000,0.000000,0.000000,0.000000,0.000000,0.000000,0.000000,2.361313,0.000000,0.000000,0.000000,1.000000,0.000000,0.025460
22.786030,1,100628.000000,100627.000000,100629.000000,100633.000000,100633.000000,0.000000,0.000000,0.000000,0.000000,0.000000,298.989990,100631.953125,299.005219,0.000000,-46.024803,87.639511,-54.997547,-0.011735,-0.003384,-0.039612,-0.001952,0.002885,0.001577,,0.000000,0.000000,0.000000,0.000000,0.000000,0.000000,0.000000,0.000000,0.000000,0.000000,0.000000,0.000000,0.000000,0.000000,0.000000,2.360489,0.000000,0.000000,0.000000,1.000000,0.000000,0.030446
22.814149,1,100627.000000,100629.000000,100633.000000,100630.000000,100630.000000,0.000000,0.000000,0.000000,0.000000,0.000000,298.989990,100631.945312,299.005188,0.000000,-46.072891,87.640511,-55.044380,-0.009965,-0.004428,-0.042870,-0.000203,0.001853,0.000584,,0.000000,0.000000,0.000000,0.000000,0.000000,0.000000,0.000000,0.000000,0.000000,0.000000,0.000000,0.000000,0.000000,0.000000,0.000000,2.359489,0.000000,0.000000,0.000000,1.000000,0.000000,0.028087
22.850191,1,100629.000000,100633.000000,100630.000000,100627.000000,100627.000000,0.000000,0.000000,0.000000,0.000000,0.000000,298.980011,100631.937500,299.005157,0.000000,-46.070709,87.640427,-55.040962,-0.000076,-0.002923,-0.030041,-0.000144,0.001302,0.000255,,0.000000,0.000000,0.000000,0.000000,0.000000,0.000000,0.000000,0.000000,0.000000,0.000000,0.000000,0.000000,0.000000,0.000000,0.000000,2.359573,0.000000,0.000000,0.000000,1.000000,0.000000,0.036011
22.874492,1,100633.000000,100630.000000,100627.000000,100627.000000,100627.000000,0.000000,0.000000,0.000000,0.000000,0.000000,298.980011,100631.929688,299.005096,0.000000,-46.060757,87.640427,-55.030968,-0.002393,0.004041,-0.034449,0.000139,0.001073,0.000600,,0.000000,0.000000,0.000000,0.000000,0.000000,0.000000,0.000000,0.000000,0.000000,0.000000,0.000000,0.000000,0.000000,0.000000,0.000000,2.359573,0.000000,0.000000,0.000000,1.000000,0.000000,0.024210
22.898104,1,100630.000000,100627.000000,100627.000000,100628.000000,100628.000000,0.000000,0.000000,0.000000,0.000000,0.000000,298.989990,100631.921875,299.005066,0.000000,-46.058090,87.639595,-55.028645,0.007110,-0.011897,-0.032223,0.000097,0.001095,0.000558,,0.000000,0.000000,0.000000,0.000000,0.000000,0.000000,0.000000,0.000000,0.000000,0.000000,0.000000,0.000000,0.000000,0.000000,0.000000,2.360405,0.000000,0.000000,0.000000,1.000000,0.000000,0.023709
22.926194,1,100627.000000,100627.000000,100628.000000,100631.000000,100631.000000,0.000000,0.000000,0.000000,0.000000,0.000000,298.989990,100631.921875,299.005066,0.000000,-46.049671,87.639671,-55.020546,0.001266,0.004510,-0.030128,-0.000252,0.001010,0.000738,,0.000000,0.000000,0.000000,0.000000,0.000000,0.000000,0.000000,0.000000,0.000000,0.000000,0.000000,0.000000,0.000000,0.000000,0.000000,2.360329,0.000000,0.000000,0.000000,1.000000,0.000000,0.028095
22.950438,1,100627.000000,100628.000000,100631.000000,100629.000000,100629.000000,0.000000,0.000000,0.000000,0.000000,0.000000,298.989990,100631.914062,299.005035,0.000000,-46.052990,87.639267,-55.022938,-0.007010,0.001482,-0.037294,-0.000561,0.000891,0.000573,,0.000000,0.000000,0.000000,0.000000,0.000000,0.000000,0.000000,0.000000,0.000000,0.000000,0.000000,0.000000,0.000000,0.000000,0.000000,2.360733,0.000000,0.000000,0.000000,1.000000,0.000000,0.024245
22.973951,1,100628.000000,100631.000000,100629.000000,100630.000000,100630.000000,0.000000,0.000000,0.000000,0.000000,0.000000,299.000000,100631.914062,299.005005,0.000000,-46.040062,87.639671,-55.010349,0.002693,-0.005696,-0.039358,0.000477,0.001732,0.000240,,0.000000,0.000000,0.000000,0.000000,0.000000,0.000000,0.000000,0.000000,0.000000,0.000000,0.000000,0.000000,0.000000,0.000000,0.000000,2.360329,0.000000,0.000000,0.000000,1.000000,0.000000,0.023517
22.998179,1,100631.000000,100629.000000,100630.000000,100629.000000,100629.000000,0.000000,0.000000,0.000000,0.000000,0.000000,298.989990,100631.906250,299.005005,0.000000,-46.040154,87.638931,-55.011814,-0.004703,0.001324,-0.032181,0.001049,0.001170,0.000415,,0.000000,0.000000,0.000000,0.000000,0.000000,0.000000,0.000000,0.000000,0.000000,0.000000,0.000000,0.000000,0.000000,0.000000,0.000000,2.361069,0.000000,0.000000,0.000000,1.000000,0.000000,0.024264
23.022610,1,100629.000000,100630.000000,100629.000000,100628.000000,100628.000000,0.000000,0.000000,0.000000,0.000000,0.000000,299.000000,100631.906250,299.004974,0.000000,-46.055275,87.638184,-55.026882,-0.002716,0.000849,-0.046091,0.000306,0.001799,0.000481,,0.000000,0.000000,0.000000,0.000000,0.000000,0.000000,0.000000,0.000000,0.000000,0.000000,0.000000,0.000000,0.000000,0.000000,0.000000,2.361816,0.000000,0.000000,0.000000,1.000000,0.000000,0.024443
23.053055,1,100630.000000,100629.000000,100628.000000,100631.000000,100631.000000,0.000000,0.000000,0.000000,0.000000,0.000000,299.000000,100631.898438,299.004974,0.000000,-46.087868,87.640846,-55.049927,-0.005507,-0.004869,-0.031410,-0.002114,0.002993,0.000585,,0.000000,0.000000,0.000000,0.000000,0.000000,0.000000,0.000000,0.000000,0.000000,0.000000,0.000000,0.000000,0.000000,0.000000,0.000000,2.359154,0.000000,0.000000,0.000000,1.000000,0.000000,0.030446
23.086583,1,100629.000000,100628.000000,100631.000000,100631.000000,100631.000000,0.000000,0.000000,0.000000,0.000000,0.000000,298.989990,100631.898438,299.004944,0.000000,-46.061085,87.640587,-55.021801,0.004497,-0.011137,-0.033917,0.000058,0.000719,0.000557,,0.000000,0.000000,0.000000,0.000000,0.000000,0.000000,0.000000,0.000000,0.000000,0.000000,0.000000,0.000000,0.000000,0.000000,0.000000,2.359413,0.000000,0.000000,0.000000,1.000000,0.000000,0.033461
23.110146,1,100628.000000,100631.000000,100631.000000,100630.000000,100630.000000,0.000000,0.000000,0.000000,0.000000,0.000000,298.989990,100631.898438,299.004913,0.000000,-46.065247,87.638931,-55.026417,0.003375,0.001584,-0.034260,0.001452,0.000566,0.000017,,0.000000,0.000000,0.000000,0.000000,0.000000,0.000000,0.000000,0.000000,0.000000,0.000000,0.000000,0.000000,0.000000,0.000000,0.000000,2.361069,0.000000,0.000000,0.000000,1.000000,0.000000,0.023617
23.138104,1,100631.000000,100631.000000,100630.000000,100628.000000,100628.000000,0.000000,0.000000,0.000000,0.000000,0.000000,298.989990,100631.890625,299.004913,0.000000,-46.019096,87.635864,-54.984299,-0.003038,-0.011594,-0.039766,0.001158,0.000387,0.000131,,0.000000,0.000000,0.000000,0.000000,0.000000,0.000000,0.000000,0.000000,0.000000,0.000000,0.000000,0.000000,0.000000,0.000000,0.000000,2.364136,0.000000,0.000000,0.000000,1.000000,0.000000,0.027972
23.172747,1,100631.000000,100630.000000,100628.000000,100634.000000,100634.000000,0.000000,0.000000,0.000000,0.000000,0.000000,298.980011,100631.890625,299.004852,0.000000,-46.025211,87.636444,-54.988426,0.005573,0.000210,-0.034746,-0.000489,0.001844,0.001006,,0.000000,0.000000,0.000000,0.000000,0.000000,0.000000,0.000000,0.000000,0.000000,0.000000,0.000000,0.000000,0.000000,0.000000,0.000000,2.363556,0.000000,0.000000,0.000000,1.000000,0.000000,0.034543
23.196426,1,100630.000000,100628.000000,100634.000000,100629.000000,100629.000000,0.000000,0.000000,0.000000,0.000000,0.000000,298.989990,100631.890625,299.004822,0.000000,-46.081318,87.639343,-55.041920,0.007932,-0.003086,-0.039976,-0.001125,0.002932,0.000716,,0.000000,0.000000,0.000000,0.000000,0.000000,0.000000,0.000000,0.000000,0.000000,0.000000,0.000000,0.000000,0.000000,0.000000,0.000000,2.360657,0.000000,0.000000,0.000000,1.000000,0.000000,0.023723
23.220039,1,100628.000000,100634.000000,100629.000000,100634.000000,100634.000000,0.000000,0.000000,0.000000,0.000000,0.000000,298.989990,100631.890625,299.004822,0.000000,-46.051445,87.637688,-55.013359,-0.005232,0.002610,-0.033373,0.000926,-0.000350,-0.000200,,0.000000,0.000000,0.000000,0.000000,0.000000,0.000000,0.000000,0.000000,0.000000,0.000000,0.000000,0.000000,0.000000,0.000000,0.000000,2.362312,0.000000,0.000000,0.000000,1.000000,0.000000,0.023613
23.248459,1,100634.000000,100629.000000,100634.000000,100628.000000,100628.000000,0.000000,0.000000,0.000000,0.000000,0.000000,298.989990,100631.882812,299.004791,0.000000,-46.033428,87.636032,-54.996342,-0.003698,-0.005173,-0.034584,0.001385,0.000098,0.000454,,0.000000,0.000000,0.000000,0.000000,0.000000,0.000000,0.000000,0.000000,0.000000,0.000000,0.000000,0.000000,0.000000,0.000000,0.000000,2.363968,0.000000,0.000000,0.000000,1.000000,0.000000,0.028418
23.281832,1,100629.000000,100634.000000,100628.000000,100626.000000,100626.000000,0.000000,0.000000,0.000000,0.000000,0.000000,298.980011,100631.875000,299.004761,0.000000,-46.031876,87.634956,-54.994801,0.002216,0.002116,-0.037157,-0.001147,0.002502,0.000818,,0.000000,0.000000,0.000000,0.000000,0.000000,0.000000,0.000000,0.000000,0.000000,0.000000,0.000000,0.000000,0.000000,0.000000,0.000000,2.365044,0.000000,0.000000,0.000000,1.000000,0.000000,0.033372
23.310186,1,100634.000000,100628.000000,100626.000000,100635.000000,100635.000000,0.000000,0.000000,0.000000,0.000000,0.000000,298.980011,100631.882812,299.004700,0.000000,-46.048363,87.636696,-55.009323,0.001359,0.002652,-0.027935,-0.000650,0.001925,0.000901,,0.000000,0.000000,0.000000,0.000000,0.000000,0.000000,0.000000,0.000000,0.000000,0.000000,0.000000,0.000000,0.000000,0.000000,0.000000,2.363304,0.000000,0.000000,0.000000,1.000000,0.000000,0.028358
23.334054,1,100628.000000,100626.000000,100635.000000,100631.000000,100631.000000,0.000000,0.000000,0.000000,0.000000,0.000000,298.989990,100631.882812,299.004669,0.000000,-46.067959,87.638428,-55.027576,0.006618,-0.006055,-0.036806,-0.000472,0.002568,0.000999,,0.000000,0.000000,0.000000,0.000000,0.000000,0.000000,0.000000,0.000000,0.000000,0.000000,0.000000,0.000000,0.000000,0.000000,0.000000,2.361572,0.000000,0.000000,0.000000,1.000000,0.000000,0.023908
23.365118,1,100626.000000,100635.000000,100631.000000,100628.000000,100628.000000,0.000000,0.000000,0.000000,0.000000,0.000000,298.980011,100631.875000,299.004639,0.000000,-46.052509,87.636612,-55.013950,0.006391,0.008383,-0.034765,0.001747,-0.000448,0.000503,,0.000000,0.000000,0.000000,0.000000,0.000000,0.000000,0.000000,0.000000,0.000000,0.000000,0.000000,0.000000,0.000000,0.000000,0.000000,2.363388,0.000000,0.000000,0.000000,1.000000,0.000000,0.031081
23.410159,1,100635.000000,100631.000000,100628.000000,100633.000000,100633.000000,0.000000,0.000000,0.000000,0.000000,0.000000,298.959991,100631.875000,299.004578,0.000000,-46.010990,87.635864,-54.973934,-0.008013,0.005547,-0.029387,0.001353,0.000005,0.000659,,0.000000,0.000000,0.000000,0.000000,0.000000,0.000000,0.000000,0.000000,0.000000,0.000000,0.000000,0.000000,0.000000,0.000000,0.000000,2.364136,0.000000,0.000000,0.000000,1.000000,0.000000,0.045003
23.443600,1,100631.000000,100628.000000,100633.000000,100630.000000,100630.000000,0.000000,0.000000,0.000000,0.000000,0.000000,298.959991,100631.875000,299.004486,0.000000,-45.992210,87.634628,-54.947697,0.004590,-0.008243,-0.032642,0.001396,-0.000046,0.000220,,0.000000,0.000000,0.000000,0.000000,0.000000,0.000000,0.000000,0.000000,0.000000,0.000000,0.000000,0.000000,0.000000,0.000000,0.000000,2.365372,0.000000,0.000000,0.000000,1.000000,0.000000,0.033477
23.468294,1,100628.000000,100633.000000,100630.000000,100629.000000,100629.000000,0.000000,0.000000,0.000000,0.000000,0.000000,298.970001,100631.867188,299.004425,0.000000,-46.029385,87.636940,-54.977135,0.003954,0.001158,-0.042179,-0.000109,0.002007,0.000991,,0.000000,0.000000,0.000000,0.000000,0.000000,0.000000,0.000000,0.000000,0.000000,0.000000,0.000000,0.000000,0.000000,0.000000,0.000000,2.363060,0.000000,0.000000,0.000000,1.000000,0.000000,0.024634
23.502904,1,100633.000000,100630.000000,100629.000000,100630.000000,100630.000000,0.000000,0.000000,0.000000,0.000000,0.000000,298.959991,100631.867188,299.004364,0.000000,-46.027821,87.636940,-54.973301,0.008025,-0.001540,-0.035331,-0.000960,0.001789,0.000280,,0.000000,0.000000,0.000000,0.000000,0.000000,0.000000,0.000000,0.000000,0.000000,0.000000,0.000000,0.000000,0.000000,0.000000,0.000000,2.363060,0.000000,0.000000,0.000000,1.000000,0.000000,0.034600
23.538259,1,100630.000000,100629.000000,100630.000000,100625.000000,100625.000000,0.000000,0.000000,0.000000,0.000000,0.000000,298.950012,100631.851562,299.004272,0.000000,-45.987061,87.634125,-54.935505,0.005158,0.000649,-0.025333,0.001740,0.000882,0.000120,,0.000000,0.000000,0.000000,0.000000,0.000000,0.000000,0.000000,0.000000,0.000000,0.000000,0.000000,0.000000,0.000000,0.000000,0.000000,2.365875,0.000000,0.000000,0.000000,1.000000,0.000000,0.035363
23.565666,1,100629.000000,100630.000000,100625.000000,100631.000000,100631.000000,0.000000,0.000000,0.000000,0.000000,0.000000,298.959991,100631.851562,299.004211,0.000000,-46.004364,87.634544,-54.953278,0.002013,-0.006611,-0.042006,0.000428,0.001273,0.000489,,0.000000,0.000000,0.000000,0.000000,0.000000,0.000000,0.000000,0.000000,0.000000,0.000000,0.000000,0.000000,0.000000,0.000000,0.000000,2.365456,0.000000,0.000000,0.000000,1.000000,0.000000,0.027406
23.589211,1,100630.000000,100625.000000,100631.000000,100629.000000,100629.000000,0.000000,0.000000,0.000000,0.000000,0.000000,298.959991,100631.843750,299.004120,0.000000,-46.010933,87.636536,-54.957523,0.010921,-0.003584,-0.046169,-0.000800,0.002416,0.000745,,0.000000,0.000000,0.000000,0.000000,0.000000,0.000000,0.000000,0.000000,0.000000,0.000000,0.000000,0.000000,0.000000,0.000000,0.000000,2.363464,0.000000,0.000000,0.000000,1.000000,0.000000,0.023523
23.612882,1,100625.000000,100631.000000,100629.000000,100629.000000,100629.000000,0.000000,0.000000,0.000000,0.000000,0.000000,298.970001,100631.843750,299.004089,0.000000,-46.032211,87.637024,-54.979443,0.009424,0.010750,-0.031260,-0.000147,0.001312,0.000548,,0.000000,0.000000,0.000000,0.000000,0.000000,0.000000,0.000000,0.000000,0.000000,0.000000,0.000000,0.000000,0.000000,0.000000,0.000000,2.362976,0.000000,0.000000,0.000000,1.000000,0.000000,0.023706
23.636841,1,100631.000000,100629.000000,100629.000000,100630.000000,100630.000000,0.000000,0.000000,0.000000,0.000000,0.000000,298.980011,100631.843750,299.004028,0.000000,-46.020832,87.635864,-54.967018,0.007941,0.003197,-0.036480,-0.000799,0.002149,0.000255,,0.000000,0.000000,0.000000,0.000000,0.000000,0.000000,0.000000,0.000000,0.000000,0.000000,0.000000,0.000000,0.000000,0.000000,0.000000,2.364136,0.000000,0.000000,0.000000,1.000000,0.000000,0.023951
23.665669,1,100629.000000,100629.000000,100630.000000,100629.000000,100629.000000,0.000000,0.000000,0.000000,0.000000,0.000000,298.980011,100631.835938,299.003998,0.000000,-45.990353,87.635117,-54.932983,0.005681,-0.006444,-0.031532,0.000346,0.000769,0.000713,,0.000000,0.000000,0.000000,0.000000,0.000000,0.000000,0.000000,0.000000,0.000000,0.000000,0.000000,0.000000,0.000000,0.000000,0.000000,2.364883,0.000000,0.000000,0.000000,1.000000,0.000000,0.028857
23.697716,1,100629.000000,100630.000000,100629.000000,100632.000000,100632.000000,0.000000,0.000000,0.000000,0.000000,0.000000,298.970001,100631.835938,299.003937,0.000000,-46.044117,87.636200,-54.990585,-0.008401,0.010257,-0.033201,-0.000731,0.002735,0.000888,,0.000000,0.000000,0.000000,0.000000,0.000000,0.000000,0.000000,0.000000,0.000000,0.000000,0.000000,0.000000,0.000000,0.000000,0.000000,2.363800,0.000000,0.000000,0.000000,1.000000,0.000000,0.032038
23.730124,1,100630.000000,100629.000000,100632.000000,100630.000000,100630.000000,0.000000,0.000000,0.000000,0.000000,0.000000,298.970001,100631.835938,299.003906,0.000000,-46.026600,87.636116,-54.969597,-0.009792,0.007608,-0.032350,-0.001258,0.002305,0.000990,,0.000000,0.000000,0.000000,0.000000,0.000000,0.000000,0.000000,0.000000,0.000000,0.000000,0.000000,0.000000,0.000000,0.000000,0.000000,2.363884,0.000000,0.000000,0.000000,1.000000,0.000000,0.032433
23.758229,1,100629.000000,100632.000000,100630.000000,100628.000000,100628.000000,0.000000,0.000000,0.000000,0.000000,0.000000,298.970001,100631.828125,299.003845,0.000000,-46.004971,87.634789,-54.949917,-0.005489,0.005474,-0.031073,0.000077,0.000851,0.000568,,0.000000,0.000000,0.000000,0.000000,0.000000,0.000000,0.000000,0.000000,0.000000,0.000000,0.000000,0.000000,0.000000,0.000000,0.000000,2.365211,0.000000,0.000000,0.000000,1.000000,0.000000,0.028089
23.790110,1,100632.000000,100630.000000,100628.000000,100632.000000,100632.000000,0.000000,0.000000,0.000000,0.000000,0.000000,298.970001,100631.828125,299.003784,0.000000,-46.002884,87.633301,-54.948322,-0.000211,-0.003252,-0.032085,0.000880,0.001112,0.000417,,0.000000,0.000000,0.000000,0.000000,0.000000,0.000000,0.000000,0.000000,0.000000,0.000000,0.000000,0.000000,0.000000,0.000000,0.000000,2.366699,0.000000,0.000000,0.000000,1.000000,0.000000,0.031906
23.817776,1,100630.000000,100628.000000,100632.000000,100633.000000,100633.000000,0.000000,0.000000,0.000000,0.000000,0.000000,298.970001,100631.828125,299.003723,0.000000,-46.019703,87.634293,-54.963612,-0.016209,-0.003621,-0.032476,-0.000054,0.001753,0.000376,,0.000000,0.000000,0.000000,0.000000,0.000000,0.000000,0.000000,0.000000,0.000000,0.000000,0.000000,0.000000,0.000000,0.000000,0.000000,2.365707,0.000000,0.000000,0.000000,1.000000,0.000000,0.027611
23.846129,1,100628.000000,100632.000000,100633.000000,100625.000000,100625.000000,0.000000,0.000000,0.000000,0.000000,0.000000,298.970001,100631.820312,299.003662,0.000000,-46.051048,87.634453,-54.990318,0.009222,-0.011068,-0.037709,-0.001000,0.001970,0.000835,,0.000000,0.000000,0.000000,0.000000,0.000000,0.000000,0.000000,0.000000,0.000000,0.000000,0.000000,0.000000,0.000000,0.000000,0.000000,2.365547,0.000000,0.000000,0.000000,1.000000,0.000000,0.028401
23.869620,1,100632.000000,100633.000000,100625.000000,100629.000000,100629.000000,0.000000,0.000000,0.000000,0.000000,0.000000,298.970001,100631.812500,299.003632,0.000000,-46.037842,87.633804,-54.979500,-0.002081,0.004473,-0.033117,0.001848,0.000483,0.000172,,0.000000,0.000000,0.000000,0.000000,0.000000,0.000000,0.000000,0.000000,0.000000,0.000000,0.000000,0.000000,0.000000,0.000000,0.000000,2.366196,0.000000,0.000000,0.000000,1.000000,0.000000,0.023458
23.893185,1,100633.000000,100625.000000,100629.000000,100624.000000,100624.000000,0.000000,0.000000,0.000000,0.000000,0.000000,298.980011,100631.804688,299.003571,0.000000,-46.013794,87.633385,-54.956711,-0.001464,0.004366,-0.036841,0.001363,0.000419,0.000629,,0.000000,0.000000,0.000000,0.000000,0.000000,0.000000,0.000000,0.000000,0.000000,0.000000,0.000000,0.000000,0.000000,0.000000,0.000000,2.366615,0.000000,0.000000,0.000000,1.000000,0.000000,0.023556
23.918007,1,100625.000000,100629.000000,100624.000000,100631.000000,100631.000000,0.000000,0.000000,0.000000,0.000000,0.000000,298.980011,100631.796875,299.003540,0.000000,-45.972260,87.632393,-54.916538,0.006839,0.002045,-0.032774,0.000926,0.000537,0.000069,,0.000000,0.000000,0.000000,0.000000,0.000000,0.000000,0.000000,0.000000,0.000000,0.000000,0.000000,0.000000,0.000000,0.000000,0.000000,2.367607,0.000000,0.000000,0.000000,1.000000,0.000000,0.024813
23.942191,1,100629.000000,100624.000000,100631.000000,100628.000000,100628.000000,0.000000,0.000000,0.000000,0.000000,0.000000,298.989990,100631.796875,299.003510,0.000000,-46.014782,87.634048,-54.956558,0.002487,0.001610,-0.039980,-0.000155,0.001652,0.000584,,0.000000,0.000000,0.000000,0.000000,0.000000,0.000000,0.000000,0.000000,0.000000,0.000000,0.000000,0.000000,0.000000,0.000000,0.000000,2.365952,0.000000,0.000000,0.000000,1.000000,0.000000,0.024191
23.965967,1,100624.000000,100631.000000,100628.000000,100625.000000,100625.000000,0.000000,0.000000,0.000000,0.000000,0.000000,298.989990,100631.781250,299.003510,0.000000,-46.049381,87.636276,-54.988091,0.010819,0.000718,-0.046095,-0.000953,0.002421,0.000671,,0.000000,0.000000,0.000000,0.000000,0.000000,0.000000,0.000000,0.000000,0.000000,0.000000,0.000000,0.000000,0.000000,0.000000,0.000000,2.363724,0.000000,0.000000,0.000000,1.000000,0.000000,0.023754
23.989571,1,100631.000000,100628.000000,100625.000000,100632.000000,100632.000000,0.000000,0.000000,0.000000,0.000000,0.000000,299.000000,100631.781250,299.003510,0.000000,-46.054825,87.635956,-54.993294,0.003224,0.003870,-0.034179,-0.000425,0.001284,0.000237,,0.000000,0.000000,0.000000,0.000000,0.000000,0.000000,0.000000,0.000000,0.000000,0.000000,0.000000,0.000000,0.000000,0.000000,0.000000,2.364044,0.000000,0.000000,0.000000,1.000000,0.000000,0.023621
24.015955,1,100628.000000,100625.000000,100632.000000,100630.000000,100630.000000,0.000000,0.000000,0.000000,0.000000,0.000000,299.000000,100631.781250,299.003479,0.000000,-46.025146,87.632889,-54.967255,-0.011327,0.001920,-0.033757,0.002010,-0.000170,-0.000120,,0.000000,0.000000,0.000000,0.000000,0.000000,0.000000,0.000000,0.000000,0.000000,0.000000,0.000000,0.000000,0.000000,0.000000,0.000000,2.367111,0.000000,0.000000,0.000000,1.000000,0.000000,0.026419
24.046126,1,100625.000000,100632.000000,100630.000000,100629.000000,100629.000000,0.000000,0.000000,0.000000,0.000000,0.000000,298.989990,100631.773438,299.003479,0.000000,-46.011875,87.632309,-54.953651,-0.002237,-0.003927,-0.032203,0.001103,0.000169,0.000251,,0.000000,0.000000,0.000000,0.000000,0.000000,0.000000,0.000000,0.000000,0.000000,0.000000,0.000000,0.000000,0.000000,0.000000,0.000000,2.367691,0.000000,0.000000,0.000000,1.000000,0.000000,0.030184
24.086144,1,100632.000000,100630.000000,100629.000000,100632.000000,100632.000000,0.000000,0.000000,0.000000,0.000000,0.000000,298.980011,100631.773438,299.003448,0.000000,-46.031567,87.632309,-54.970486,0.002556,-0.006732,-0.029470,0.000584,0.002010,0.000363,,0.000000,0.000000,0.000000,0.000000,0.000000,0.000000,0.000000,0.000000,0.000000,0.000000,0.000000,0.000000,0.000000,0.000000,0.000000,2.367691,0.000000,0.000000,0.000000,1.000000,0.000000,0.040022
24.114119,1,100630.000000,100629.000000,100632.000000,100625.000000,100625.000000,0.000000,0.000000,0.000000,0.000000,0.000000,298.980011,100631.765625,299.003387,0.000000,-46.078732,87.635696,-55.013840,-0.000558,0.004551,-0.031778,-0.001278,0.002471,0.000903,,0.000000,0.000000,0.000000,0.000000,0.000000,0.000000,0.000000,0.000000,0.000000,0.000000,0.000000,0.000000,0.000000,0.000000,0.000000,2.364304,0.000000,0.000000,0.000000,1.000000,0.000000,0.027982
24.154182,1,100629.000000,100632.000000,100625.000000,100626.000000,100626.000000,0.000000,0.000000,0.000000,0.000000,0.000000,298.970001,100631.757812,299.003357,0.000000,-46.066444,87.634453,-55.000000,0.010915,-0.004426,-0.024139,0.000734,0.000480,0.000410,,0.000000,0.000000,0.000000,0.000000,0.000000,0.000000,0.000000,0.000000,0.000000,0.000000,0.000000,0.000000,0.000000,0.000000,0.000000,2.365547,0.000000,0.000000,0.000000,1.000000,0.000000,0.040005
24.180821,1,100632.000000,100625.000000,100626.000000,100629.000000,100629.000000,0.000000,0.000000,0.000000,0.000000,0.000000,298.970001,100631.750000,299.003296,0.000000,-46.075401,87.633713,-55.006840,0.006778,0.000463,-0.037161,0.000944,0.001292,0.000150,,0.000000,0.000000,0.000000,0.000000,0.000000,0.000000,0.000000,0.000000,0.000000,0.000000,0.000000,0.000000,0.000000,0.000000,0.000000,2.366287,0.000000,0.000000,0.000000,1.000000,0.000000,0.026646
24.210154,1,100625.000000,100626.000000,100629.000000,100628.000000,100628.000000,0.000000,0.000000,0.000000,0.000000,0.000000,298.970001,100631.750000,299.003235,0.000000,-46.074345,87.634125,-55.006504,0.002559,0.006099,-0.032067,-0.000750,0.001693,0.000802,,0.000000,0.000000,0.000000,0.000000,0.000000,0.000000,0.000000,0.000000,0.000000,0.000000,0.000000,0.000000,0.000000,0.000000,0.000000,2.365875,0.000000,0.000000,0.000000,1.000000,0.000000,0.029347
24.234673,1,100626.000000,100629.000000,100628.000000,100632.000000,100632.000000,0.000000,0.000000,0.000000,0.000000,0.000000,298.970001,100631.750000,299.003174,0.000000,-46.088367,87.634377,-55.019146,0.009461,0.002244,-0.021376,-0.000330,0.001750,0.000398,,0.000000,0.000000,0.000000,0.000000,0.000000,0.000000,0.000000,0.000000,0.000000,0.000000,0.000000,0.000000,0.000000,0.000000,0.000000,2.365623,0.000000,0.000000,0.000000,1.000000,0.000000,0.024505
24.265943,1,100629.000000,100628.000000,100632.000000,100627.000000,100627.000000,0.000000,0.000000,0.000000,0.000000,0.000000,298.970001,100631.742188,299.003143,0.000000,-46.070023,87.633629,-55.000580,0.002031,-0.000525,-0.034103,0.000186,0.000664,0.000231,,0.000000,0.000000,0.000000,0.000000,0.000000,0.000000,0.000000,0.000000,0.000000,0.000000,0.000000,0.000000,0.000000,0.000000,0.000000,2.366371,0.000000,0.000000,0.000000,1.000000,0.000000,0.031296
24.292843,1,100628.000000,100632.000000,100627.000000,100625.000000,100625.000000,0.000000,0.000000,0.000000,0.000000,0.000000,298.970001,100631.726562,299.003082,0.000000,-46.039612,87.632721,-54.971100,-0.002509,0.004978,-0.038637,0.000774,0.000128,0.000145,,0.000000,0.000000,0.000000,0.000000,0.000000,0.000000,0.000000,0.000000,0.000000,0.000000,0.000000,0.000000,0.000000,0.000000,0.000000,2.367279,0.000000,0.000000,0.000000,1.000000,0.000000,0.026851
24.316414,1,100632.000000,100627.000000,100625.000000,100631.000000,100631.000000,0.000000,0.000000,0.000000,0.000000,0.000000,298.980011,100631.726562,299.003052,0.000000,-46.063290,87.632309,-54.995365,0.002498,0.012226,-0.023523,0.000006,0.001720,0.000348,,0.000000,0.000000,0.000000,0.000000,0.000000,0.000000,0.000000,0.000000,0.000000,0.000000,0.000000,0.000000,0.000000,0.000000,0.000000,2.367691,0.000000,0.000000,0.000000,1.000000,0.000000,0.023595
24.340894,1,100627.000000,100625.000000,100631.000000,100625.000000,100625.000000,0.000000,0.000000,0.000000,0.000000,0.000000,298.980011,100631.718750,299.003021,0.000000,-46.078568,87.634048,-55.008636,0.007464,-0.000493,-0.040823,-0.000520,0.002634,0.000664,,0.000000,0.000000,0.000000,0.000000,0.000000,0.000000,0.000000,0.000000,0.000000,0.000000,0.000000,0.000000,0.000000,0.000000,0.000000,2.365952,0.000000,0.000000,0.000000,1.000000,0.000000,0.024470
24.366295,1,100625.000000,100631.000000,100625.000000,100628.000000,100628.000000,0.000000,0.000000,0.000000,0.000000,0.000000,298.980011,100631.710938,299.002991,0.000000,-46.110550,87.635117,-55.039452,0.004901,0.019461,-0.022673,0.000860,0.001412,0.000603,,0.000000,0.000000,0.000000,0.000000,0.000000,0.000000,0.000000,0.000000,0.000000,0.000000,0.000000,0.000000,0.000000,0.000000,0.000000,2.364883,0.000000,0.000000,0.000000,1.000000,0.000000,0.025404
24.394145,1,100631.000000,100625.000000,100628.000000,100626.000000,100626.000000,0.000000,0.000000,0.000000,0.000000,0.000000,298.980011,100631.703125,299.002930,0.000000,-46.099651,87.633713,-55.028996,-0.010981,0.010797,-0.040022,0.001075,0.000514,0.000120,,0.000000,0.000000,0.000000,0.000000,0.000000,0.000000,0.000000,0.000000,0.000000,0.000000,0.000000,0.000000,0.000000,0.000000,0.000000,2.366287,0.000000,0.000000,0.000000,1.000000,0.000000,0.027879
24.427641,1,100625.000000,100628.000000,100626.000000,100632.000000,100632.000000,0.000000,0.000000,0.000000,0.000000,0.000000,298.980011,100631.703125,299.002899,0.000000,-46.050270,87.632561,-54.982327,-0.000268,0.003170,-0.026459,0.001392,-0.000351,0.000142,,0.000000,0.000000,0.000000,0.000000,0.000000,0.000000,0.000000,0.000000,0.000000,0.000000,0.000000,0.000000,0.000000,0.000000,0.000000,2.367439,0.000000,0.000000,0.000000,1.000000,0.000000,0.033486
24.462130,1,100628.000000,100626.000000,100632.000000,100632.000000,100632.000000,0.000000,0.000000,0.000000,0.000000,0.000000,298.970001,100631.703125,299.002869,0.000000,-46.022266,87.630081,-54.955887,0.006261,-0.006493,-0.031055,-0.000326,0.001522,0.000948,,0.000000,0.000000,0.000000,0.000000,0.000000,0.000000,0.000000,0.000000,0.000000,0.000000,0.000000,0.000000,0.000000,0.000000,0.000000,2.369919,0.000000,0.000000,0.000000,1.000000,0.000000,0.034514
24.495697,1,100626.000000,100632.000000,100632.000000,100631.000000,100631.000000,0.000000,0.000000,0.000000,0.000000,0.000000,298.970001,100631.703125,299.002808,0.000000,-46.067062,87.633629,-54.994846,-0.002961,0.007010,-0.043741,-0.000517,0.002624,0.000989,,0.000000,0.000000,0.000000,0.000000,0.000000,0.000000,0.000000,0.000000,0.000000,0.000000,0.000000,0.000000,0.000000,0.000000,0.000000,2.366371,0.000000,0.000000,0.000000,1.000000,0.000000,0.033517
24.520485,1,100632.000000,100632.000000,100631.000000,100631.000000,100631.000000,0.000000,0.000000,0.000000,0.000000,0.000000,298.970001,100631.703125,299.002747,0.000000,-46.044449,87.631485,-54.972942,0.006867,-0.003151,-0.032490,-0.000219,0.001235,0.000224,,0.000000,0.000000,0.000000,0.000000,0.000000,0.000000,0.000000,0.000000,0.000000,0.000000,0.000000,0.000000,0.000000,0.000000,0.000000,2.368515,0.000000,0.000000,0.000000,1.000000,0.000000,0.024827
24.548881,1,100632.000000,100631.000000,100631.000000,100633.000000,100633.000000,0.000000,0.000000,0.000000,0.000000,0.000000,298.970001,100631.703125,299.002716,0.000000,-46.024338,87.631233,-54.953312,0.002186,-0.008955,-0.023005,0.001650,0.000550,0.000791,,0.000000,0.000000,0.000000,0.000000,0.000000,0.000000,0.000000,0.000000,0.000000,0.000000,0.000000,0.000000,0.000000,0.000000,0.000000,2.368767,0.000000,0.000000,0.000000,1.000000,0.000000,0.028368
24.582861,1,100631.000000,100631.000000,100633.000000,100626.000000,100626.000000,0.000000,0.000000,0.000000,0.000000,0.000000,298.970001,100631.695312,299.002655,0.000000,-46.029835,87.630989,-54.960518,0.004095,-0.003478,-0.037381,0.000290,0.001588,0.000498,,0.000000,0.000000,0.000000,0.000000,0.000000,0.000000,0.000000,0.000000,0.000000,0.000000,0.000000,0.000000,0.000000,0.000000,0.000000,2.369011,0.000000,0.000000,0.000000,1.000000,0.000000,0.034022
24.610195,1,100631.000000,100633.000000,100626.000000,100629.000000,100629.000000,0.000000,0.000000,0.000000,0.000000,0.000000,298.970001,100631.687500,299.002594,0.000000,-46.065529,87.633881,-54.992893,0.000694,0.009310,-0.038109,-0.000763,0.002747,0.001111,,0.000000,0.000000,0.000000,0.000000,0.000000,0.000000,0.000000,0.000000,0.000000,0.000000,0.000000,0.000000,0.000000,0.000000,0.000000,2.366119,0.000000,0.000000,0.000000,1.000000,0.000000,0.027339
24.638149,1,100633.000000,100626.000000,100629.000000,100630.000000,100630.000000,0.000000,0.000000,0.000000,0.000000,0.000000,298.970001,100631.687500,299.002563,0.000000,-46.074959,87.633881,-55.000751,0.010389,-0.003762,-0.034409,0.000576,0.001840,0.001081,,0.000000,0.000000,0.000000,0.000000,0.000000,0.000000,0.000000,0.000000,0.000000,0.000000,0.000000,0.000000,0.000000,0.000000,0.000000,2.366119,0.000000,0.000000,0.000000,1.000000,0.000000,0.027921
24.662699,1,100626.000000,100629.000000,100630.000000,100631.000000,100631.000000,0.000000,0.000000,0.000000,0.000000,0.000000,298.980011,100631.687500,299.002533,0.000000,-46.080917,87.634209,-55.005821,-0.004025,-0.001455,-0.036382,0.000287,0.001301,0.000959,,0.000000,0.000000,0.000000,0.000000,0.000000,0.000000,0.000000,0.000000,0.000000,0.000000,0.000000,0.000000,0.000000,0.000000,0.000000,2.365791,0.000000,0.000000,0.000000,1.000000,0.000000,0.024532
24.690184,1,100629.000000,100630.000000,100631.000000,100629.000000,100629.000000,0.000000,0.000000,0.000000,0.000000,0.000000,298.980011,100631.679688,299.002472,0.000000,-46.048756,87.632233,-54.975975,-0.009789,-0.003509,-0.032281,0.000580,0.000488,0.000464,,0.000000,0.000000,0.000000,0.000000,0.000000,0.000000,0.000000,0.000000,0.000000,0.000000,0.000000,0.000000,0.000000,0.000000,0.000000,2.367767,0.000000,0.000000,0.000000,1.000000,0.000000,0.027485
24.716383,1,100630.000000,100631.000000,100629.000000,100627.000000,100627.000000,0.000000,0.000000,0.000000,0.000000,0.000000,298.980011,100631.679688,299.002441,0.000000,-46.059708,87.632721,-54.985138,-0.002827,-0.002328,-0.044382,-0.000209,0.001593,0.001173,,0.000000,0.000000,0.000000,0.000000,0.000000,0.000000,0.000000,0.000000,0.000000,0.000000,0.000000,0.000000,0.000000,0.000000,0.000000,2.367279,0.000000,0.000000,0.000000,1.000000,0.000000,0.026200
24.746167,1,100631.000000,100629.000000,100627.000000,100632.000000,100632.000000,0.000000,0.000000,0.000000,0.000000,0.000000,298.980011,100631.679688,299.002411,0.000000,-46.096237,87.635536,-55.019119,0.012113,0.015125,-0.036428,-0.001191,0.002411,0.001024,,0.000000,0.000000,0.000000,0.000000,0.000000,0.000000,0.000000,0.000000,0.000000,0.000000,0.000000,0.000000,0.000000,0.000000,0.000000,2.364464,0.000000,0.000000,0.000000,1.000000,0.000000,0.029801
24.778167,1,100629.000000,100627.000000,100632.000000,100626.000000,100626.000000,0.000000,0.000000,0.000000,0.000000,0.000000,298.980011,100631.664062,299.002380,0.000000,-46.097504,87.635536,-55.020546,0.002860,0.003752,-0.031755,0.000042,0.001555,0.000573,,0.000000,0.000000,0.000000,0.000000,0.000000,0.000000,0.000000,0.000000,0.000000,0.000000,0.000000,0.000000,0.000000,0.000000,0.000000,2.364464,0.000000,0.000000,0.000000,1.000000,0.000000,0.031990
24.822129,1,100627.000000,100632.000000,100626.000000,100629.000000,100629.000000,0.000000,0.000000,0.000000,0.000000,0.000000,298.959991,100631.664062,299.002319,0.000000,-46.069580,87.634956,-54.992161,-0.011473,0.003940,-0.046423,-0.000286,0.001586,0.001250,,0.000000,0.000000,0.000000,0.000000,0.000000,0.000000,0.000000,0.000000,0.000000,0.000000,0.000000,0.000000,0.000000,0.000000,0.000000,2.365044,0.000000,0.000000,0.000000,1.000000,0.000000,0.043992
24.850129,1,100632.000000,100626.000000,100629.000000,100628.000000,100628.000000,0.000000,0.000000,0.000000,0.000000,0.000000,298.959991,100631.656250,299.002258,0.000000,-46.078777,87.634125,-54.996426,0.007578,-0.001168,-0.042377,0.000115,0.001490,0.000268,,0.000000,0.000000,0.000000,0.000000,0.000000,0.000000,0.000000,0.000000,0.000000,0.000000,0.000000,0.000000,0.000000,0.000000,0.000000,2.365875,0.000000,0.000000,0.000000,1.000000,0.000000,0.028001
24.882246,1,100626.000000,100629.000000,100628.000000,100632.000000,100632.000000,0.000000,0.000000,0.000000,0.000000,0.000000,298.959991,100631.656250,299.002197,0.000000,-46.090122,87.636780,-55.001808,0.005797,0.006037,-0.030186,0.001188,0.000287,0.000748,,0.000000,0.000000,0.000000,0.000000,0.000000,0.000000,0.000000,0.000000,0.000000,0.000000,0.000000,0.000000,0.000000,0.000000,0.000000,2.363220,0.000000,0.000000,0.000000,1.000000,0.000000,0.032013
24.906204,1,100629.000000,100628.000000,100632.000000,100630.000000,100630.000000,0.000000,0.000000,0.000000,0.000000,0.000000,298.970001,100631.656250,299.002136,0.000000,-46.089333,87.636276,-55.000919,0.007278,0.003472,-0.027617,0.001181,0.000895,0.000439,,0.000000,0.000000,0.000000,0.000000,0.000000,0.000000,0.000000,0.000000,0.000000,0.000000,0.000000,0.000000,0.000000,0.000000,0.000000,2.363724,0.000000,0.000000,0.000000,1.000000,0.000000,0.024040
24.931721,1,100628.000000,100632.000000,100630.000000,100626.000000,100626.000000,0.000000,0.000000,0.000000,0.000000,0.000000,298.970001,100631.648438,299.002106,0.000000,-46.068993,87.634293,-54.981720,0.005068,-0.014303,-0.039944,0.000011,0.001009,0.000493,,0.000000,0.000000,0.000000,0.000000,0.000000,0.000000,0.000000,0.000000,0.000000,0.000000,0.000000,0.000000,0.000000,0.000000,0.000000,2.365707,0.000000,0.000000,0.000000,1.000000,0.000000,0.025500
24.963233,1,100632.000000,100630.000000,100626.000000,100632.000000,100632.000000,0.000000,0.000000,0.000000,0.000000,0.000000,298.970001,100631.648438,299.002045,0.000000,-46.090961,87.635620,-55.003613,0.008523,-0.000699,-0.031227,-0.000159,0.001615,0.000493,,0.000000,0.000000,0.000000,0.000000,0.000000,0.000000,0.000000,0.000000,0.000000,0.000000,0.000000,0.000000,0.000000,0.000000,0.000000,2.364380,0.000000,0.000000,0.000000,1.000000,0.000000,0.031548
24.996778,1,100630.000000,100626.000000,100632.000000,100631.000000,100631.000000,0.000000,0.000000,0.000000,0.000000,0.000000,298.959991,100631.648438,299.001984,0.000000,-46.080105,87.635368,-54.991459,0.003874,0.015313,-0.038152,-0.000476,0.001925,0.000796,,0.000000,0.000000,0.000000,0.000000,0.000000,0.000000,0.000000,0.000000,0.000000,0.000000,0.000000,0.000000,0.000000,0.000000,0.000000,2.364632,0.000000,0.000000,0.000000,1.000000,0.000000,0.033505
25.026125,1,100626.000000,100632.000000,100631.000000,100624.000000,100624.000000,0.000000,0.000000,0.000000,0.000000,0.000000,298.959991,100631.632812,299.001923,0.000000,-46.100746,87.636536,-55.009026,0.002975,0.007004,-0.032513,-0.000336,0.001133,0.000324,,0.000000,0.000000,0.000000,0.000000,0.000000,0.000000,0.000000,0.000000,0.000000,0.000000,0.000000,0.000000,0.000000,0.000000,0.000000,2.363464,0.000000,0.000000,0.000000,1.000000,0.000000,0.029392
25.054139,1,100632.000000,100631.000000,100624.000000,100628.000000,100628.000000,0.000000,0.000000,0.000000,0.000000,0.000000,298.970001,100631.632812,299.001862,0.000000,-46.066898,87.633965,-54.979301,0.000194,-0.011055,-0.030220,0.001672,0.000644,0.000538,,0.000000,0.000000,0.000000,0.000000,0.000000,0.000000,0.000000,0.000000,0.000000,0.000000,0.000000,0.000000,0.000000,0.000000,0.000000,2.366035,0.000000,0.000000,0.000000,1.000000,0.000000,0.028011
25.086155,1,100631.000000,100624.000000,100628.000000,100624.000000,100624.000000,0.000000,0.000000,0.000000,0.000000,0.000000,298.959991,100631.617188,299.001801,0.000000,-46.041672,87.633881,-54.954998,-0.008971,-0.002198,-0.032759,0.001672,0.000672,0.000333,,0.000000,0.000000,0.000000,0.000000,0.000000,0.000000,0.000000,0.000000,0.000000,0.000000,0.000000,0.000000,0.000000,0.000000,0.000000,2.366119,0.000000,0.000000,0.000000,1.000000,0.000000,0.032019
25.119612,1,100624.000000,100628.000000,100624.000000,100628.000000,100628.000000,0.000000,0.000000,0.000000,0.000000,0.000000,298.959991,100631.617188,299.001740,0.000000,-46.100395,87.634872,-55.009880,0.001250,0.013231,-0.033784,-0.002552,0.002719,0.000802,,0.000000,0.000000,0.000000,0.000000,0.000000,0.000000,0.000000,0.000000,0.000000,0.000000,0.000000,0.000000,0.000000,0.000000,0.000000,2.365128,0.000000,0.000000,0.000000,1.000000,0.000000,0.033477
25.158130,1,100628.000000,100624.000000,100628.000000,100631.000000,100631.000000,0.000000,0.000000,0.000000,0.000000,0.000000,298.950012,100631.609375,299.001678,0.000000,-46.127552,87.637688,-55.034088,0.005186,-0.000862,-0.026751,-0.001362,0.001772,0.000978,,0.000000,0.000000,0.000000,0.000000,0.000000,0.000000,0.000000,0.000000,0.000000,0.000000,0.000000,0.000000,0.000000,0.000000,0.000000,2.362312,0.000000,0.000000,0.000000,1.000000,0.000000,0.038502
25.191588,1,100624.000000,100628.000000,100631.000000,100630.000000,100630.000000,0.000000,0.000000,0.000000,0.000000,0.000000,298.950012,100631.609375,299.001587,0.000000,-46.108471,87.636696,-55.016155,0.000597,-0.004754,-0.033655,0.001291,0.000087,0.000343,,0.000000,0.000000,0.000000,0.000000,0.000000,0.000000,0.000000,0.000000,0.000000,0.000000,0.000000,0.000000,0.000000,0.000000,0.000000,2.363304,0.000000,0.000000,0.000000,1.000000,0.000000,0.033450
25.234204,1,100628.000000,100631.000000,100630.000000,100629.000000,100629.000000,0.000000,0.000000,0.000000,0.000000,0.000000,298.940002,100631.609375,299.001495,0.000000,-46.078743,87.634125,-54.988209,0.001769,0.008563,-0.035972,0.000182,0.001047,0.000147,,0.000000,0.000000,0.000000,0.000000,0.000000,0.000000,0.000000,0.000000,0.000000,0.000000,0.000000,0.000000,0.000000,0.000000,0.000000,2.365875,0.000000,0.000000,0.000000,1.000000,0.000000,0.042572
25.258138,1,100631.000000,100630.000000,100629.000000,100626.000000,100626.000000,0.000000,0.000000,0.000000,0.000000,0.000000,298.950012,100631.601562,299.001434,0.000000,-46.056957,87.633804,-54.965904,0.012747,-0.003372,-0.033470,-0.000766,0.001595,0.001101,,0.000000,0.000000,0.000000,0.000000,0.000000,0.000000,0.000000,0.000000,0.000000,0.000000,0.000000,0.000000,0.000000,0.000000,0.000000,2.366196,0.000000,0.000000,0.000000,1.000000,0.000000,0.023983
25.283580,1,100630.000000,100629.000000,100626.000000,100630.000000,100630.000000,0.000000,0.000000,0.000000,0.000000,0.000000,298.950012,100631.593750,299.001343,0.000000,-46.086464,87.636032,-54.994083,-0.001833,-0.008153,-0.037842,0.001003,0.001534,0.000255,,0.000000,0.000000,0.000000,0.000000,0.000000,0.000000,0.000000,0.000000,0.000000,0.000000,0.000000,0.000000,0.000000,0.000000,0.000000,2.363968,0.000000,0.000000,0.000000,1.000000,0.000000,0.025448
25.315026,1,100629.000000,100626.000000,100630.000000,100632.000000,100632.000000,0.000000,0.000000,0.000000,0.000000,0.000000,298.950012,100631.593750,299.001282,0.000000,-46.091118,87.635696,-54.999088,-0.003420,0.001817,-0.027583,0.000904,0.000573,0.000417,,0.000000,0.000000,0.000000,0.000000,0.000000,0.000000,0.000000,0.000000,0.000000,0.000000,0.000000,0.000000,0.000000,0.000000,0.000000,2.364304,0.000000,0.000000,0.000000,1.000000,0.000000,0.031452
25.347332,1,100626.000000,100630.000000,100632.000000,100627.000000,100627.000000,0.000000,0.000000,0.000000,0.000000,0.000000,298.950012,100631.585938,299.001190,0.000000,-46.064770,87.634293,-54.974297,0.003325,-0.004749,-0.036018,0.000614,0.000508,0.000114,,0.000000,0.000000,0.000000,0.000000,0.000000,0.000000,0.000000,0.000000,0.000000,0.000000,0.000000,0.000000,0.000000,0.000000,0.000000,2.365707,0.000000,0.000000,0.000000,1.000000,0.000000,0.032263
25.382135,1,100630.000000,100632.000000,100627.000000,100630.000000,100630.000000,0.000000,0.000000,0.000000,0.000000,0.000000,298.950012,100631.585938,299.001129,0.000000,-46.082611,87.635452,-54.991146,0.009080,0.005456,-0.035988,-0.000446,0.002195,0.001205,,0.000000,0.000000,0.000000,0.000000,0.000000,0.000000,0.000000,0.000000,0.000000,0.000000,0.000000,0.000000,0.000000,0.000000,0.000000,2.364548,0.000000,0.000000,0.000000,1.000000,0.000000,0.034831
25.410110,1,100632.000000,100627.000000,100630.000000,100627.000000,100627.000000,0.000000,0.000000,0.000000,0.000000,0.000000,298.950012,100631.578125,299.001038,0.000000,-46.109207,87.636444,-55.015137,-0.015628,0.006951,-0.033779,-0.000520,0.001270,0.000518,,0.000000,0.000000,0.000000,0.000000,0.000000,0.000000,0.000000,0.000000,0.000000,0.000000,0.000000,0.000000,0.000000,0.000000,0.000000,2.363556,0.000000,0.000000,0.000000,1.000000,0.000000,0.027988
25.438133,1,100627.000000,100630.000000,100627.000000,100629.000000,100629.000000,0.000000,0.000000,0.000000,0.000000,0.000000,298.950012,100631.578125,299.000977,0.000000,-46.075302,87.634712,-54.981861,-0.001603,-0.003872,-0.035631,0.000057,0.000257,0.000460,,0.000000,0.000000,0.000000,0.000000,0.000000,0.000000,0.000000,0.000000,0.000000,0.000000,0.000000,0.000000,0.000000,0.000000,0.000000,2.365288,0.000000,0.000000,0.000000,1.000000,0.000000,0.028006
25.461618,1,100630.000000,100627.000000,100629.000000,100626.000000,100626.000000,0.000000,0.000000,0.000000,0.000000,0.000000,298.959991,100631.570312,299.000916,0.000000,-46.056980,87.635117,-54.963886,0.010479,0.001555,-0.030251,0.000743,0.001027,0.000479,,0.000000,0.000000,0.000000,0.000000,0.000000,0.000000,0.000000,0.000000,0.000000,0.000000,0.000000,0.000000,0.000000,0.000000,0.000000,2.364883,0.000000,0.000000,0.000000,1.000000,0.000000,0.023487
25.494206,1,100627.000000,100629.000000,100626.000000,100629.000000,100629.000000,0.000000,0.000000,0.000000,0.000000,0.000000,298.959991,100631.562500,299.000854,0.000000,-46.087910,87.636032,-54.993298,0.003700,0.004540,-0.035702,-0.000771,0.002329,0.000997,,0.000000,0.000000,0.000000,0.000000,0.000000,0.000000,0.000000,0.000000,0.000000,0.000000,0.000000,0.000000,0.000000,0.000000,0.000000,2.363968,0.000000,0.000000,0.000000,1.000000,0.000000,0.032531
25.522132,1,100629.000000,100626.000000,100629.000000,100629.000000,100629.000000,0.000000,0.000000,0.000000,0.000000,0.000000,298.959991,100631.562500,299.000793,0.000000,-46.115192,87.638023,-55.018257,0.004529,-0.002176,-0.035156,-0.001166,0.002681,0.001607,,0.000000,0.000000,0.000000,0.000000,0.000000,0.000000,0.000000,0.000000,0.000000,0.000000,0.000000,0.000000,0.000000,0.000000,0.000000,2.361977,0.000000,0.000000,0.000000,1.000000,0.000000,0.027985
25.555686,1,100626.000000,100629.000000,100629.000000,100628.000000,100628.000000,0.000000,0.000000,0.000000,0.000000,0.000000,298.959991,100631.554688,299.000732,0.000000,-46.080143,87.635536,-54.986645,0.000401,-0.010382,-0.033146,0.000489,0.000941,0.000266,,0.000000,0.000000,0.000000,0.000000,0.000000,0.000000,0.000000,0.000000,0.000000,0.000000,0.000000,0.000000,0.000000,0.000000,0.000000,2.364464,0.000000,0.000000,0.000000,1.000000,0.000000,0.033544
25.586180,1,100629.000000,100629.000000,100628.000000,100629.000000,100629.000000,0.000000,0.000000,0.000000,0.000000,0.000000,298.959991,100631.554688,299.000671,0.000000,-46.057487,87.634209,-54.966534,-0.001661,-0.002078,-0.032852,0.001272,0.000512,0.000150,,0.000000,0.000000,0.000000,0.000000,0.000000,0.000000,0.000000,0.000000,0.000000,0.000000,0.000000,0.000000,0.000000,0.000000,0.000000,2.365791,0.000000,0.000000,0.000000,1.000000,0.000000,0.030475
25.620730,1,100629.000000,100628.000000,100629.000000,100628.000000,100628.000000,0.000000,0.000000,0.000000,0.000000,0.000000,298.950012,100631.546875,299.000610,0.000000,-46.058853,87.634048,-54.966068,0.005726,0.015899,-0.034359,-0.000779,0.001399,0.000732,,0.000000,0.000000,0.000000,0.000000,0.000000,0.000000,0.000000,0.000000,0.000000,0.000000,0.000000,0.000000,0.000000,0.000000,0.000000,2.365952,0.000000,0.000000,0.000000,1.000000,0.000000,0.034542
25.646189,1,100628.000000,100629.000000,100628.000000,100626.000000,100626.000000,0.000000,0.000000,0.000000,0.000000,0.000000,298.959991,100631.539062,299.000549,0.000000,-46.103161,87.634872,-55.008633,0.008390,0.004116,-0.036510,-0.000787,0.002575,0.000258,,0.000000,0.000000,0.000000,0.000000,0.000000,0.000000,0.000000,0.000000,0.000000,0.000000,0.000000,0.000000,0.000000,0.000000,0.000000,2.365128,0.000000,0.000000,0.000000,1.000000,0.000000,0.025457
25.674194,1,100629.000000,100628.000000,100626.000000,100630.000000,100630.000000,0.000000,0.000000,0.000000,0.000000,0.000000,298.959991,100631.539062,299.000488,0.000000,-46.097195,87.636360,-55.000877,0.003607,-0.006087,-0.025464,0.000998,0.000562,0.000721,,0.000000,0.000000,0.000000,0.000000,0.000000,0.000000,0.000000,0.000000,0.000000,0.000000,0.000000,0.000000,0.000000,0.000000,0.000000,2.363640,0.000000,0.000000,0.000000,1.000000,0.000000,0.028006
25.698300,1,100628.000000,100626.000000,100630.000000,100634.000000,100634.000000,0.000000,0.000000,0.000000,0.000000,0.000000,298.970001,100631.539062,299.000427,0.000000,-46.071487,87.634453,-54.978512,0.000040,-0.006549,-0.020016,0.001357,0.000442,-0.000179,,0.000000,0.000000,0.000000,0.000000,0.000000,0.000000,0.000000,0.000000,0.000000,0.000000,0.000000,0.000000,0.000000,0.000000,0.000000,2.365547,0.000000,0.000000,0.000000,1.000000,0.000000,0.024138
25.722117,1,100626.000000,100630.000000,100634.000000,100627.000000,100627.000000,0.000000,0.000000,0.000000,0.000000,0.000000,298.970001,100631.531250,299.000397,0.000000,-46.061314,87.633545,-54.969151,-0.004108,0.000688,-0.032198,0.000845,0.000661,0.000908,,0.000000,0.000000,0.000000,0.000000,0.000000,0.000000,0.000000,0.000000,0.000000,0.000000,0.000000,0.000000,0.000000,0.000000,0.000000,2.366455,0.000000,0.000000,0.000000,1.000000,0.000000,0.023837
25.747575,1,100630.000000,100634.000000,100627.000000,100629.000000,100629.000000,0.000000,0.000000,0.000000,0.000000,0.000000,298.970001,100631.531250,299.000336,0.000000,-46.059967,87.634377,-54.966118,0.007426,0.008201,-0.037009,-0.000167,0.001547,0.000584,,0.000000,0.000000,0.000000,0.000000,0.000000,0.000000,0.000000,0.000000,0.000000,0.000000,0.000000,0.000000,0.000000,0.000000,0.000000,2.365623,0.000000,0.000000,0.000000,1.000000,0.000000,0.025453
25.778145,1,100634.000000,100627.000000,100629.000000,100628.000000,100628.000000,0.000000,0.000000,0.000000,0.000000,0.000000,298.970001,100631.523438,299.000305,0.000000,-46.082775,87.636864,-54.987202,-0.007589,-0.000287,-0.025940,-0.000331,0.002437,0.001228,,0.000000,0.000000,0.000000,0.000000,0.000000,0.000000,0.000000,0.000000,0.000000,0.000000,0.000000,0.000000,0.000000,0.000000,0.000000,2.363136,0.000000,0.000000,0.000000,1.000000,0.000000,0.030551
25.810119,1,100627.000000,100629.000000,100628.000000,100627.000000,100627.000000,0.000000,0.000000,0.000000,0.000000,0.000000,298.970001,100631.515625,299.000275,0.000000,-46.061867,87.636116,-54.965679,-0.005394,-0.004063,-0.037740,0.000696,0.000759,0.000504,,0.000000,0.000000,0.000000,0.000000,0.000000,0.000000,0.000000,0.000000,0.000000,0.000000,0.000000,0.000000,0.000000,0.000000,0.000000,2.363884,0.000000,0.000000,0.000000,1.000000,0.000000,0.031993
25.838115,1,100629.000000,100628.000000,100627.000000,100631.000000,100631.000000,0.000000,0.000000,0.000000,0.000000,0.000000,298.970001,100631.515625,299.000214,0.000000,-46.043655,87.633713,-54.947670,0.001529,-0.005774,-0.032740,0.000671,-0.000346,-0.000082,,0.000000,0.000000,0.000000,0.000000,0.000000,0.000000,0.000000,0.000000,0.000000,0.000000,0.000000,0.000000,0.000000,0.000000,0.000000,2.366287,0.000000,0.000000,0.000000,1.000000,0.000000,0.027998
25.866114,1,100628.000000,100627.000000,100631.000000,100634.000000,100634.000000,0.000000,0.000000,0.000000,0.000000,0.000000,298.970001,100631.523438,299.000183,0.000000,-46.047256,87.633141,-54.951729,0.012215,0.001209,-0.024360,-0.000117,0.001146,0.000669,,0.000000,0.000000,0.000000,0.000000,0.000000,0.000000,0.000000,0.000000,0.000000,0.000000,0.000000,0.000000,0.000000,0.000000,0.000000,2.366859,0.000000,0.000000,0.000000,1.000000,0.000000,0.028003
25.914110,1,100627.000000,100631.000000,100634.000000,100631.000000,100631.000000,0.000000,0.000000,0.000000,0.000000,0.000000,298.950012,100631.523438,299.000092,0.000000,-46.042046,87.634872,-54.944809,0.004759,-0.002371,-0.037348,0.000050,0.001430,0.001047,,0.000000,0.000000,0.000000,0.000000,0.000000,0.000000,0.000000,0.000000,0.000000,0.000000,0.000000,0.000000,0.000000,0.000000,0.000000,2.365128,0.000000,0.000000,0.000000,1.000000,0.000000,0.047997
25.946147,1,100631.000000,100634.000000,100631.000000,100628.000000,100628.000000,0.000000,0.000000,0.000000,0.000000,0.000000,298.950012,100631.515625,299.000031,0.000000,-46.050640,87.634628,-54.952499,0.006096,-0.006300,-0.029740,-0.000388,0.000867,0.000552,,0.000000,0.000000,0.000000,0.000000,0.000000,0.000000,0.000000,0.000000,0.000000,0.000000,0.000000,0.000000,0.000000,0.000000,0.000000,2.365372,0.000000,0.000000,0.000000,1.000000,0.000000,0.032008
25.986128,1,100634.000000,100631.000000,100628.000000,100629.000000,100629.000000,0.000000,0.000000,0.000000,0.000000,0.000000,298.940002,100631.507812,298.999939,0.000000,-46.029575,87.633965,-54.933483,0.012478,0.006852,-0.028177,0.001430,0.000217,0.000520,,0.000000,0.000000,0.000000,0.000000,0.000000,0.000000,0.000000,0.000000,0.000000,0.000000,0.000000,0.000000,0.000000,0.000000,0.000000,2.366035,0.000000,0.000000,0.000000,1.000000,0.000000,0.040003
26.015396,1,100631.000000,100628.000000,100629.000000,100628.000000,100628.000000,0.000000,0.000000,0.000000,0.000000,0.000000,298.940002,100631.507812,298.999847,0.000000,-46.020115,87.634544,-54.923908,0.005162,0.008254,-0.038845,-0.000352,0.001713,0.000793,,0.000000,0.000000,0.000000,0.000000,0.000000,0.000000,0.000000,0.000000,0.000000,0.000000,0.000000,0.000000,0.000000,0.000000,0.000000,2.365456,0.000000,0.000000,0.000000,1.000000,0.000000,0.029209
26.050130,1,100628.000000,100629.000000,100628.000000,100629.000000,100629.000000,0.000000,0.000000,0.000000,0.000000,0.000000,298.940002,100631.500000,298.999786,0.000000,-46.008942,87.633545,-54.912582,0.000483,-0.004151,-0.034038,0.001719,0.000334,0.000936,,0.000000,0.000000,0.000000,0.000000,0.000000,0.000000,0.000000,0.000000,0.000000,0.000000,0.000000,0.000000,0.000000,0.000000,0.000000,2.366455,0.000000,0.000000,0.000000,1.000000,0.000000,0.034786
26.082128,1,100629.000000,100628.000000,100629.000000,100627.000000,100627.000000,0.000000,0.000000,0.000000,0.000000,0.000000,298.940002,100631.500000,298.999695,0.000000,-45.997795,87.633545,-54.900425,-0.012920,-0.002673,-0.034658,0.000279,0.000145,0.000640,,0.000000,0.000000,0.000000,0.000000,0.000000,0.000000,0.000000,0.000000,0.000000,0.000000,0.000000,0.000000,0.000000,0.000000,0.000000,2.366455,0.000000,0.000000,0.000000,1.000000,0.000000,0.032001
26.110108,1,100628.000000,100629.000000,100627.000000,100627.000000,100627.000000,0.000000,0.000000,0.000000,0.000000,0.000000,298.940002,100631.492188,298.999603,0.000000,-45.989223,87.632561,-54.894127,0.003701,0.012462,-0.037308,-0.001494,0.002977,0.001393,,0.000000,0.000000,0.000000,0.000000,0.000000,0.000000,0.000000,0.000000,0.000000,0.000000,0.000000,0.000000,0.000000,0.000000,0.000000,2.367439,0.000000,0.000000,0.000000,1.000000,0.000000,0.027992
26.143581,1,100629.000000,100627.000000,100627.000000,100630.000000,100630.000000,0.000000,0.000000,0.000000,0.000000,0.000000,298.940002,100631.484375,298.999512,0.000000,-46.002533,87.634125,-54.905472,0.000487,0.002210,-0.031569,-0.000026,0.002023,0.000682,,0.000000,0.000000,0.000000,0.000000,0.000000,0.000000,0.000000,0.000000,0.000000,0.000000,0.000000,0.000000,0.000000,0.000000,0.000000,2.365875,0.000000,0.000000,0.000000,1.000000,0.000000,0.033456
26.178247,1,100627.000000,100627.000000,100630.000000,100628.000000,100628.000000,0.000000,0.000000,0.000000,0.000000,0.000000,298.940002,100631.484375,298.999420,0.000000,-46.029106,87.635620,-54.929848,0.001086,-0.000207,-0.034088,-0.000251,0.001682,0.001060,,0.000000,0.000000,0.000000,0.000000,0.000000,0.000000,0.000000,0.000000,0.000000,0.000000,0.000000,0.000000,0.000000,0.000000,0.000000,2.364380,0.000000,0.000000,0.000000,1.000000,0.000000,0.034616
26.202149,1,100627.000000,100630.000000,100628.000000,100626.000000,100626.000000,0.000000,0.000000,0.000000,0.000000,0.000000,298.950012,100631.476562,298.999359,0.000000,-46.025829,87.633713,-54.928337,-0.005200,0.003461,-0.036556,0.000690,0.000756,-0.000239,,0.000000,0.000000,0.000000,0.000000,0.000000,0.000000,0.000000,0.000000,0.000000,0.000000,0.000000,0.000000,0.000000,0.000000,0.000000,2.366287,0.000000,0.000000,0.000000,1.000000,0.000000,0.023949
26.227595,1,100630.000000,100628.000000,100626.000000,100629.000000,100629.000000,0.000000,0.000000,0.000000,0.000000,0.000000,298.950012,100631.468750,298.999298,0.000000,-46.010178,87.632477,-54.915661,0.008005,0.007343,-0.027579,0.001015,0.001050,0.000600,,0.000000,0.000000,0.000000,0.000000,0.000000,0.000000,0.000000,0.000000,0.000000,0.000000,0.000000,0.000000,0.000000,0.000000,0.000000,2.367523,0.000000,0.000000,0.000000,1.000000,0.000000,0.025467
26.258129,1,100628.000000,100626.000000,100629.000000,100629.000000,100629.000000,0.000000,0.000000,0.000000,0.000000,0.000000,298.950012,100631.468750,298.999237,0.000000,-46.009850,87.633385,-54.912891,0.010138,0.004544,-0.028162,-0.000624,0.001961,0.001303,,0.000000,0.000000,0.000000,0.000000,0.000000,0.000000,0.000000,0.000000,0.000000,0.000000,0.000000,0.000000,0.000000,0.000000,0.000000,2.366615,0.000000,0.000000,0.000000,1.000000,0.000000,0.030525
26.290130,1,100626.000000,100629.000000,100629.000000,100629.000000,100629.000000,0.000000,0.000000,0.000000,0.000000,0.000000,298.950012,100631.460938,298.999146,0.000000,-46.038761,87.635452,-54.940609,-0.001641,-0.002877,-0.032827,0.000002,0.002220,0.000904,,0.000000,0.000000,0.000000,0.000000,0.000000,0.000000,0.000000,0.000000,0.000000,0.000000,0.000000,0.000000,0.000000,0.000000,0.000000,2.364548,0.000000,0.000000,0.000000,1.000000,0.000000,0.032005
26.320135,1,100629.000000,100629.000000,100629.000000,100627.000000,100627.000000,0.000000,0.000000,0.000000,0.000000,0.000000,298.950012,100631.460938,298.999084,0.000000,-46.034161,87.636116,-54.935589,-0.008325,-0.000033,-0.030800,-0.000047,0.001746,0.001266,,0.000000,0.000000,0.000000,0.000000,0.000000,0.000000,0.000000,0.000000,0.000000,0.000000,0.000000,0.000000,0.000000,0.000000,0.000000,2.363884,0.000000,0.000000,0.000000,1.000000,0.000000,0.029960
26.347465,1,100629.000000,100629.000000,100627.000000,100627.000000,100627.000000,0.000000,0.000000,0.000000,0.000000,0.000000,298.959991,100631.453125,298.999023,0.000000,-45.993465,87.632965,-54.898560,0.007869,0.004299,-0.037703,0.001600,-0.000109,-0.000008,,0.000000,0.000000,0.000000,0.000000,0.000000,0.000000,0.000000,0.000000,0.000000,0.000000,0.000000,0.000000,0.000000,0.000000,0.000000,2.367035,0.000000,0.000000,0.000000,1.000000,0.000000,0.027288
26.371066,1,100629.000000,100627.000000,100627.000000,100628.000000,100628.000000,0.000000,0.000000,0.000000,0.000000,0.000000,298.959991,100631.445312,298.998962,0.000000,-45.992096,87.632805,-54.898048,0.006102,0.000731,-0.034878,-0.000407,0.001793,0.000674,,0.000000,0.000000,0.000000,0.000000,0.000000,0.000000,0.000000,0.000000,0.000000,0.000000,0.000000,0.000000,0.000000,0.000000,0.000000,2.367195,0.000000,0.000000,0.000000,1.000000,0.000000,0.023635
26.399633,1,100627.000000,100627.000000,100628.000000,100625.000000,100625.000000,0.000000,0.000000,0.000000,0.000000,0.000000,298.959991,100631.437500,298.998932,0.000000,-46.003948,87.634209,-54.907093,0.002291,-0.000823,-0.036646,-0.000628,0.002472,0.001004,,0.000000,0.000000,0.000000,0.000000,0.000000,0.000000,0.000000,0.000000,0.000000,0.000000,0.000000,0.000000,0.000000,0.000000,0.000000,2.365791,0.000000,0.000000,0.000000,1.000000,0.000000,0.028573
26.426230,1,100627.000000,100628.000000,100625.000000,100627.000000,100627.000000,0.000000,0.000000,0.000000,0.000000,0.000000,298.959991,100631.429688,298.998871,0.000000,-46.012436,87.634956,-54.916103,0.008304,0.000604,-0.044653,-0.000089,0.001995,0.000676,,0.000000,0.000000,0.000000,0.000000,0.000000,0.000000,0.000000,0.000000,0.000000,0.000000,0.000000,0.000000,0.000000,0.000000,0.000000,2.365044,0.000000,0.000000,0.000000,1.000000,0.000000,0.026600
26.450172,1,100628.000000,100625.000000,100627.000000,100637.000000,100637.000000,0.000000,0.000000,0.000000,0.000000,0.000000,298.970001,100631.437500,298.998810,0.000000,-46.004822,87.632805,-54.908855,0.006679,-0.016966,-0.034000,0.001437,-0.000002,0.000166,,0.000000,0.000000,0.000000,0.000000,0.000000,0.000000,0.000000,0.000000,0.000000,0.000000,0.000000,0.000000,0.000000,0.000000,0.000000,2.367195,0.000000,0.000000,0.000000,1.000000,0.000000,0.023951
26.483691,1,100625.000000,100627.000000,100637.000000,100633.000000,100633.000000,0.000000,0.000000,0.000000,0.000000,0.000000,298.970001,100631.445312,298.998779,0.000000,-46.003262,87.633385,-54.908554,0.007578,0.005467,-0.031616,0.000471,0.000509,0.000312,,0.000000,0.000000,0.000000,0.000000,0.000000,0.000000,0.000000,0.000000,0.000000,0.000000,0.000000,0.000000,0.000000,0.000000,0.000000,2.366615,0.000000,0.000000,0.000000,1.000000,0.000000,0.033519
26.510190,1,100627.000000,100637.000000,100633.000000,100627.000000,100627.000000,0.000000,0.000000,0.000000,0.000000,0.000000,298.970001,100631.437500,298.998749,0.000000,-46.009850,87.633057,-54.914307,0.008513,0.010287,-0.027138,-0.000656,0.001594,0.000907,,0.000000,0.000000,0.000000,0.000000,0.000000,0.000000,0.000000,0.000000,0.000000,0.000000,0.000000,0.000000,0.000000,0.000000,0.000000,2.366943,0.000000,0.000000,0.000000,1.000000,0.000000,0.026485
26.543707,1,100637.000000,100633.000000,100627.000000,100630.000000,100630.000000,0.000000,0.000000,0.000000,0.000000,0.000000,298.959991,100631.437500,298.998688,0.000000,-46.048897,87.634872,-54.951668,0.008158,-0.002512,-0.036610,0.000460,0.002085,0.000556,,0.000000,0.000000,0.000000,0.000000,0.000000,0.000000,0.000000,0.000000,0.000000,0.000000,0.000000,0.000000,0.000000,0.000000,0.000000,2.365128,0.000000,0.000000,0.000000,1.000000,0.000000,0.033540
26.582135,1,100633.000000,100627.000000,100630.000000,100626.000000,100626.000000,0.000000,0.000000,0.000000,0.000000,0.000000,298.950012,100631.429688,298.998627,0.000000,-46.042797,87.635208,-54.944683,-0.002800,0.000006,-0.033491,0.000324,0.001707,0.001307,,0.000000,0.000000,0.000000,0.000000,0.000000,0.000000,0.000000,0.000000,0.000000,0.000000,0.000000,0.000000,0.000000,0.000000,0.000000,2.364792,0.000000,0.000000,0.000000,1.000000,0.000000,0.038446
26.614168,1,100627.000000,100630.000000,100626.000000,100626.000000,100626.000000,0.000000,0.000000,0.000000,0.000000,0.000000,298.950012,100631.421875,298.998566,0.000000,-46.016975,87.632721,-54.922031,-0.000799,-0.002349,-0.031410,0.001844,0.000188,0.000157,,0.000000,0.000000,0.000000,0.000000,0.000000,0.000000,0.000000,0.000000,0.000000,0.000000,0.000000,0.000000,0.000000,0.000000,0.000000,2.367279,0.000000,0.000000,0.000000,1.000000,0.000000,0.031992
26.642160,1,100630.000000,100626.000000,100626.000000,100629.000000,100629.000000,0.000000,0.000000,0.000000,0.000000,0.000000,298.950012,100631.414062,298.998474,0.000000,-46.011890,87.632233,-54.918419,0.002933,0.000292,-0.028681,0.000064,0.001581,0.000638,,0.000000,0.000000,0.000000,0.000000,0.000000,0.000000,0.000000,0.000000,0.000000,0.000000,0.000000,0.000000,0.000000,0.000000,0.000000,2.367767,0.000000,0.000000,0.000000,1.000000,0.000000,0.028014
26.668023,1,100626.000000,100626.000000,100629.000000,100632.000000,100632.000000,0.000000,0.000000,0.000000,0.000000,0.000000,298.959991,100631.414062,298.998444,0.000000,-46.026001,87.634712,-54.927010,0.010163,-0.009294,-0.033464,-0.000662,0.002393,0.000990,,0.000000,0.000000,0.000000,0.000000,0.000000,0.000000,0.000000,0.000000,0.000000,0.000000,0.000000,0.000000,0.000000,0.000000,0.000000,2.365288,0.000000,0.000000,0.000000,1.000000,0.000000,0.025890
26.698092,1,100626.000000,100629.000000,100632.000000,100629.000000,100629.000000,0.000000,0.000000,0.000000,0.000000,0.000000,298.959991,100631.414062,298.998383,0.000000,-46.023129,87.634125,-54.923672,0.001703,0.001449,-0.029200,0.000106,0.001077,0.000710,,0.000000,0.000000,0.000000,0.000000,0.000000,0.000000,0.000000,0.000000,0.000000,0.000000,0.000000,0.000000,0.000000,0.000000,0.000000,2.365875,0.000000,0.000000,0.000000,1.000000,0.000000,0.030089
26.721585,1,100629.000000,100632.000000,100629.000000,100630.000000,100630.000000,0.000000,0.000000,0.000000,0.000000,0.000000,298.970001,100631.414062,298.998352,0.000000,-46.003506,87.631729,-54.907330,-0.001208,0.001652,-0.032326,0.001132,-0.000056,0.000238,,0.000000,0.000000,0.000000,0.000000,0.000000,0.000000,0.000000,0.000000,0.000000,0.000000,0.000000,0.000000,0.000000,0.000000,0.000000,2.368271,0.000000,0.000000,0.000000,1.000000,0.000000,0.023478
26.754661,1,100632.000000,100629.000000,100630.000000,100625.000000,100625.000000,0.000000,0.000000,0.000000,0.000000,0.000000,298.959991,100631.398438,298.998291,0.000000,-45.996460,87.631897,-54.899963,0.007248,-0.000478,-0.040514,-0.001486,0.002830,0.001579,,0.000000,0.000000,0.000000,0.000000,0.000000,0.000000,0.000000,0.000000,0.000000,0.000000,0.000000,0.000000,0.000000,0.000000,0.000000,2.368103,0.000000,0.000000,0.000000,1.000000,0.000000,0.032613
26.778267,1,100629.000000,100630.000000,100625.000000,100625.000000,100625.000000,0.000000,0.000000,0.000000,0.000000,0.000000,298.970001,100631.390625,298.998260,0.000000,-46.005390,87.633469,-54.907940,0.005062,-0.003699,-0.029350,-0.000671,0.001861,0.000962,,0.000000,0.000000,0.000000,0.000000,0.000000,0.000000,0.000000,0.000000,0.000000,0.000000,0.000000,0.000000,0.000000,0.000000,0.000000,2.366531,0.000000,0.000000,0.000000,1.000000,0.000000,0.024029
26.801832,1,100630.000000,100625.000000,100625.000000,100631.000000,100631.000000,0.000000,0.000000,0.000000,0.000000,0.000000,298.970001,100631.390625,298.998199,0.000000,-46.031273,87.635040,-54.930130,0.003706,-0.005400,-0.039680,-0.000596,0.002274,0.001095,,0.000000,0.000000,0.000000,0.000000,0.000000,0.000000,0.000000,0.000000,0.000000,0.000000,0.000000,0.000000,0.000000,0.000000,0.000000,2.364960,0.000000,0.000000,0.000000,1.000000,0.000000,0.023530
26.825510,1,100625.000000,100625.000000,100631.000000,100627.000000,100627.000000,0.000000,0.000000,0.000000,0.000000,0.000000,298.980011,100631.382812,298.998199,0.000000,-46.043079,87.634209,-54.943356,-0.003747,-0.004680,-0.036421,0.001502,0.000248,-0.000184,,0.000000,0.000000,0.000000,0.000000,0.000000,0.000000,0.000000,0.000000,0.000000,0.000000,0.000000,0.000000,0.000000,0.000000,0.000000,2.365791,0.000000,0.000000,0.000000,1.000000,0.000000,0.023708
26.852452,1,100625.000000,100631.000000,100627.000000,100630.000000,100630.000000,0.000000,0.000000,0.000000,0.000000,0.000000,298.980011,100631.382812,298.998169,0.000000,-46.005219,87.632233,-54.906124,-0.002233,0.004924,-0.031851,0.001268,-0.000011,0.000355,,0.000000,0.000000,0.000000,0.000000,0.000000,0.000000,0.000000,0.000000,0.000000,0.000000,0.000000,0.000000,0.000000,0.000000,0.000000,2.367767,0.000000,0.000000,0.000000,1.000000,0.000000,0.026577
26.876254,1,100631.000000,100627.000000,100630.000000,100632.000000,100632.000000,0.000000,0.000000,0.000000,0.000000,0.000000,298.980011,100631.382812,298.998138,0.000000,-45.994476,87.631485,-54.895569,0.004761,-0.002219,-0.032975,0.000532,0.000113,0.000655,,0.000000,0.000000,0.000000,0.000000,0.000000,0.000000,0.000000,0.000000,0.000000,0.000000,0.000000,0.000000,0.000000,0.000000,0.000000,2.368515,0.000000,0.000000,0.000000,1.000000,0.000000,0.024181
26.899717,1,100627.000000,100630.000000,100632.000000,100630.000000,100630.000000,0.000000,0.000000,0.000000,0.000000,0.000000,298.989990,100631.382812,298.998138,0.000000,-46.015400,87.632477,-54.914139,-0.001002,0.006970,-0.031239,-0.001390,0.003024,0.000585,,0.000000,0.000000,0.000000,0.000000,0.000000,0.000000,0.000000,0.000000,0.000000,0.000000,0.000000,0.000000,0.000000,0.000000,0.000000,2.367523,0.000000,0.000000,0.000000,1.000000,0.000000,0.023495
26.930106,1,100630.000000,100632.000000,100630.000000,100632.000000,100632.000000,0.000000,0.000000,0.000000,0.000000,0.000000,298.980011,100631.382812,298.998108,0.000000,-46.061447,87.635368,-54.957905,-0.004336,-0.000539,-0.046011,-0.001250,0.002289,0.000988,,0.000000,0.000000,0.000000,0.000000,0.000000,0.000000,0.000000,0.000000,0.000000,0.000000,0.000000,0.000000,0.000000,0.000000,0.000000,2.364632,0.000000,0.000000,0.000000,1.000000,0.000000,0.030392
26.966173,1,100632.000000,100630.000000,100632.000000,100631.000000,100631.000000,0.000000,0.000000,0.000000,0.000000,0.000000,298.980011,100631.382812,298.998077,0.000000,-46.065540,87.634453,-54.961170,0.004306,0.000273,-0.031061,0.000514,0.000993,0.000236,,0.000000,0.000000,0.000000,0.000000,0.000000,0.000000,0.000000,0.000000,0.000000,0.000000,0.000000,0.000000,0.000000,0.000000,0.000000,2.365547,0.000000,0.000000,0.000000,1.000000,0.000000,0.036026
26.998119,1,100630.000000,100632.000000,100631.000000,100627.000000,100627.000000,0.000000,0.000000,0.000000,0.000000,0.000000,298.970001,100631.375000,298.998047,0.000000,-46.071136,87.634453,-54.967957,0.002985,0.000201,-0.029600,0.000173,0.001703,0.000623,,0.000000,0.000000,0.000000,0.000000,0.000000,0.000000,0.000000,0.000000,0.000000,0.000000,0.000000,0.000000,0.000000,0.000000,0.000000,2.365547,0.000000,0.000000,0.000000,1.000000,0.000000,0.031979
27.027307,1,100632.000000,100631.000000,100627.000000,100627.000000,100627.000000,0.000000,0.000000,0.000000,0.000000,0.000000,298.970001,100631.375000,298.997986,0.000000,-46.040054,87.633629,-54.938110,0.007835,0.000430,-0.043829,0.000106,0.001276,0.000370,,0.000000,0.000000,0.000000,0.000000,0.000000,0.000000,0.000000,0.000000,0.000000,0.000000,0.000000,0.000000,0.000000,0.000000,0.000000,2.366371,0.000000,0.000000,0.000000,1.000000,0.000000,0.029142
27.060864,1,100631.000000,100627.000000,100627.000000,100628.000000,100628.000000,0.000000,0.000000,0.000000,0.000000,0.000000,298.959991,100631.367188,298.997955,0.000000,-46.064045,87.634293,-54.961082,0.004241,-0.007072,-0.037846,-0.000583,0.001965,0.000465,,0.000000,0.000000,0.000000,0.000000,0.000000,0.000000,0.000000,0.000000,0.000000,0.000000,0.000000,0.000000,0.000000,0.000000,0.000000,2.365707,0.000000,0.000000,0.000000,1.000000,0.000000,0.033589
27.106212,1,100627.000000,100627.000000,100628.000000,100631.000000,100631.000000,0.000000,0.000000,0.000000,0.000000,0.000000,298.950012,100631.367188,298.997894,0.000000,-46.089359,87.635780,-54.985386,0.000452,0.002565,-0.021782,0.000483,0.001530,0.000570,,0.000000,0.000000,0.000000,0.000000,0.000000,0.000000,0.000000,0.000000,0.000000,0.000000,0.000000,0.000000,0.000000,0.000000,0.000000,2.364220,0.000000,0.000000,0.000000,1.000000,0.000000,0.045304
27.139673,1,100627.000000,100628.000000,100631.000000,100626.000000,100626.000000,0.000000,0.000000,0.000000,0.000000,0.000000,298.940002,100631.359375,298.997803,0.000000,-46.050198,87.634377,-54.947380,-0.000955,0.002857,-0.047499,0.001579,0.000779,0.000580,,0.000000,0.000000,0.000000,0.000000,0.000000,0.000000,0.000000,0.000000,0.000000,0.000000,0.000000,0.000000,0.000000,0.000000,0.000000,2.365623,0.000000,0.000000,0.000000,1.000000,0.000000,0.033511
27.173289,1,100628.000000,100631.000000,100626.000000,100629.000000,100629.000000,0.000000,0.000000,0.000000,0.000000,0.000000,298.940002,100631.359375,298.997711,0.000000,-46.055256,87.634872,-54.951630,0.006622,0.002117,-0.038990,0.000475,0.001827,0.000795,,0.000000,0.000000,0.000000,0.000000,0.000000,0.000000,0.000000,0.000000,0.000000,0.000000,0.000000,0.000000,0.000000,0.000000,0.000000,2.365128,0.000000,0.000000,0.000000,1.000000,0.000000,0.033593
27.199855,1,100631.000000,100626.000000,100629.000000,100628.000000,100628.000000,0.000000,0.000000,0.000000,0.000000,0.000000,298.950012,100631.351562,298.997650,0.000000,-46.080231,87.635536,-54.973736,-0.002304,-0.004379,-0.039700,-0.000944,0.002297,0.001132,,0.000000,0.000000,0.000000,0.000000,0.000000,0.000000,0.000000,0.000000,0.000000,0.000000,0.000000,0.000000,0.000000,0.000000,0.000000,2.364464,0.000000,0.000000,0.000000,1.000000,0.000000,0.026598
27.234110,1,100626.000000,100629.000000,100628.000000,100629.000000,100629.000000,0.000000,0.000000,0.000000,0.000000,0.000000,298.950012,100631.351562,298.997589,0.000000,-46.064987,87.634628,-54.960209,-0.005913,0.002514,-0.026475,0.001165,0.000861,0.000349,,0.000000,0.000000,0.000000,0.000000,0.000000,0.000000,0.000000,0.000000,0.000000,0.000000,0.000000,0.000000,0.000000,0.000000,0.000000,2.365372,0.000000,0.000000,0.000000,1.000000,0.000000,0.034259
27.267588,1,100629.000000,100628.000000,100629.000000,100629.000000,100629.000000,0.000000,0.000000,0.000000,0.000000,0.000000,298.940002,100631.343750,298.997528,0.000000,-46.044415,87.631973,-54.940521,0.018379,0.001051,-0.031989,0.000894,0.000175,-0.000105,,0.000000,0.000000,0.000000,0.000000,0.000000,0.000000,0.000000,0.000000,0.000000,0.000000,0.000000,0.000000,0.000000,0.000000,0.000000,2.368027,0.000000,0.000000,0.000000,1.000000,0.000000,0.033462
27.298231,1,100628.000000,100629.000000,100629.000000,100627.000000,100627.000000,0.000000,0.000000,0.000000,0.000000,0.000000,298.940002,100631.335938,298.997437,0.000000,-46.080399,87.635780,-54.974033,-0.004073,-0.002082,-0.037407,-0.000686,0.002138,0.000893,,0.000000,0.000000,0.000000,0.000000,0.000000,0.000000,0.000000,0.000000,0.000000,0.000000,0.000000,0.000000,0.000000,0.000000,0.000000,2.364220,0.000000,0.000000,0.000000,1.000000,0.000000,0.030561
27.321822,1,100629.000000,100629.000000,100627.000000,100631.000000,100631.000000,0.000000,0.000000,0.000000,0.000000,0.000000,298.950012,100631.335938,298.997375,0.000000,-46.138824,87.638428,-55.029453,-0.004236,0.004551,-0.030796,-0.001404,0.003045,0.001260,,0.000000,0.000000,0.000000,0.000000,0.000000,0.000000,0.000000,0.000000,0.000000,0.000000,0.000000,0.000000,0.000000,0.000000,0.000000,2.361572,0.000000,0.000000,0.000000,1.000000,0.000000,0.023637
27.345474,1,100629.000000,100627.000000,100631.000000,100628.000000,100628.000000,0.000000,0.000000,0.000000,0.000000,0.000000,298.959991,100631.335938,298.997314,0.000000,-46.110748,87.636444,-55.001453,0.007521,0.000617,-0.028084,0.000657,-0.000086,0.000469,,0.000000,0.000000,0.000000,0.000000,0.000000,0.000000,0.000000,0.000000,0.000000,0.000000,0.000000,0.000000,0.000000,0.000000,0.000000,2.363556,0.000000,0.000000,0.000000,1.000000,0.000000,0.023650
27.369067,1,100627.000000,100631.000000,100628.000000,100624.000000,100624.000000,0.000000,0.000000,0.000000,0.000000,0.000000,298.959991,100631.328125,298.997284,0.000000,-46.082592,87.635536,-54.975773,0.007033,-0.001768,-0.043810,0.001642,0.000061,0.000449,,0.000000,0.000000,0.000000,0.000000,0.000000,0.000000,0.000000,0.000000,0.000000,0.000000,0.000000,0.000000,0.000000,0.000000,0.000000,2.364464,0.000000,0.000000,0.000000,1.000000,0.000000,0.023591
27.397282,1,100631.000000,100628.000000,100624.000000,100626.000000,100626.000000,0.000000,0.000000,0.000000,0.000000,0.000000,298.959991,100631.320312,298.997223,0.000000,-46.077301,87.634872,-54.969902,0.006372,-0.000157,-0.022495,0.000178,0.001443,0.001023,,0.000000,0.000000,0.000000,0.000000,0.000000,0.000000,0.000000,0.000000,0.000000,0.000000,0.000000,0.000000,0.000000,0.000000,0.000000,2.365128,0.000000,0.000000,0.000000,1.000000,0.000000,0.028223
27.429931,1,100628.000000,100624.000000,100626.000000,100626.000000,100626.000000,0.000000,0.000000,0.000000,0.000000,0.000000,298.959991,100631.312500,298.997162,0.000000,-46.097698,87.638268,-54.987652,0.006374,-0.005494,-0.040783,-0.000995,0.002371,0.001544,,0.000000,0.000000,0.000000,0.000000,0.000000,0.000000,0.000000,0.000000,0.000000,0.000000,0.000000,0.000000,0.000000,0.000000,0.000000,2.361732,0.000000,0.000000,0.000000,1.000000,0.000000,0.032686
27.463476,1,100624.000000,100626.000000,100626.000000,100622.000000,100622.000000,0.000000,0.000000,0.000000,0.000000,0.000000,298.959991,100631.296875,298.997131,0.000000,-46.115700,87.637856,-55.005543,0.009656,0.005039,-0.038452,-0.000690,0.001524,0.000761,,0.000000,0.000000,0.000000,0.000000,0.000000,0.000000,0.000000,0.000000,0.000000,0.000000,0.000000,0.000000,0.000000,0.000000,0.000000,2.362144,0.000000,0.000000,0.000000,1.000000,0.000000,0.033540
27.506211,1,100626.000000,100626.000000,100622.000000,100629.000000,100629.000000,0.000000,0.000000,0.000000,0.000000,0.000000,298.940002,100631.296875,298.997040,0.000000,-46.097588,87.635864,-54.990269,0.007963,-0.000063,-0.027020,0.000711,0.001139,0.000557,,0.000000,0.000000,0.000000,0.000000,0.000000,0.000000,0.000000,0.000000,0.000000,0.000000,0.000000,0.000000,0.000000,0.000000,0.000000,2.364136,0.000000,0.000000,0.000000,1.000000,0.000000,0.042693
27.538183,1,100626.000000,100622.000000,100629.000000,100628.000000,100628.000000,0.000000,0.000000,0.000000,0.000000,0.000000,298.940002,100631.289062,298.996979,0.000000,-46.076981,87.634956,-54.968945,0.007441,-0.000629,-0.032512,-0.000072,0.001406,0.000464,,0.000000,0.000000,0.000000,0.000000,0.000000,0.000000,0.000000,0.000000,0.000000,0.000000,0.000000,0.000000,0.000000,0.000000,0.000000,2.365044,0.000000,0.000000,0.000000,1.000000,0.000000,0.031972
27.562207,1,100622.000000,100629.000000,100628.000000,100626.000000,100626.000000,0.000000,0.000000,0.000000,0.000000,0.000000,298.950012,100631.281250,298.996918,0.000000,-46.085087,87.637108,-54.972061,0.001626,-0.003495,-0.036495,-0.001645,0.002195,0.001409,,0.000000,0.000000,0.000000,0.000000,0.000000,0.000000,0.000000,0.000000,0.000000,0.000000,0.000000,0.000000,0.000000,0.000000,0.000000,2.362892,0.000000,0.000000,0.000000,1.000000,0.000000,0.024019
27.585784,1,100629.000000,100628.000000,100626.000000,100623.000000,100623.000000,0.000000,0.000000,0.000000,0.000000,0.000000,298.959991,100631.273438,298.996857,0.000000,-46.100677,87.638023,-54.983788,0.002841,0.003158,-0.037724,-0.000161,0.001932,0.000768,,0.000000,0.000000,0.000000,0.000000,0.000000,0.000000,0.000000,0.000000,0.000000,0.000000,0.000000,0.000000,0.000000,0.000000,0.000000,2.361977,0.000000,0.000000,0.000000,1.000000,0.000000,0.023586
27.612271,1,100628.000000,100626.000000,100623.000000,100631.000000,100631.000000,0.000000,0.000000,0.000000,0.000000,0.000000,298.959991,100631.273438,298.996826,0.000000,-46.064289,87.636200,-54.945576,0.008037,0.000490,-0.033386,0.001494,-0.000112,0.000885,,0.000000,0.000000,0.000000,0.000000,0.000000,0.000000,0.000000,0.000000,0.000000,0.000000,0.000000,0.000000,0.000000,0.000000,0.000000,2.363800,0.000000,0.000000,0.000000,1.000000,0.000000,0.026501
27.635823,1,100626.000000,100623.000000,100631.000000,100630.000000,100630.000000,0.000000,0.000000,0.000000,0.000000,0.000000,298.970001,100631.273438,298.996765,0.000000,-46.049538,87.635040,-54.932529,-0.006588,0.007292,-0.034184,0.000829,-0.000175,0.000581,,0.000000,0.000000,0.000000,0.000000,0.000000,0.000000,0.000000,0.000000,0.000000,0.000000,0.000000,0.000000,0.000000,0.000000,0.000000,2.364960,0.000000,0.000000,0.000000,1.000000,0.000000,0.023544
27.669030,1,100623.000000,100631.000000,100630.000000,100625.000000,100625.000000,0.000000,0.000000,0.000000,0.000000,0.000000,298.959991,100631.265625,298.996735,0.000000,-46.048260,87.634789,-54.931973,-0.006602,-0.006487,-0.032995,-0.000646,0.001380,0.000584,,0.000000,0.000000,0.000000,0.000000,0.000000,0.000000,0.000000,0.000000,0.000000,0.000000,0.000000,0.000000,0.000000,0.000000,0.000000,2.365211,0.000000,0.000000,0.000000,1.000000,0.000000,0.033203
27.698188,1,100631.000000,100630.000000,100625.000000,100624.000000,100624.000000,0.000000,0.000000,0.000000,0.000000,0.000000,298.959991,100631.250000,298.996674,0.000000,-46.069401,87.636612,-54.951145,-0.007583,-0.001865,-0.033478,-0.000449,0.002528,0.000487,,0.000000,0.000000,0.000000,0.000000,0.000000,0.000000,0.000000,0.000000,0.000000,0.000000,0.000000,0.000000,0.000000,0.000000,0.000000,2.363388,0.000000,0.000000,0.000000,1.000000,0.000000,0.029155
27.723578,1,100630.000000,100625.000000,100624.000000,100628.000000,100628.000000,0.000000,0.000000,0.000000,0.000000,0.000000,298.970001,100631.250000,298.996643,0.000000,-46.062729,87.635780,-54.946186,0.007799,-0.000907,-0.034088,0.000703,0.001307,-0.000047,,0.000000,0.000000,0.000000,0.000000,0.000000,0.000000,0.000000,0.000000,0.000000,0.000000,0.000000,0.000000,0.000000,0.000000,0.000000,2.364220,0.000000,0.000000,0.000000,1.000000,0.000000,0.025400
27.749329,1,100625.000000,100624.000000,100628.000000,100631.000000,100631.000000,0.000000,0.000000,0.000000,0.000000,0.000000,298.970001,100631.250000,298.996613,0.000000,-46.032112,87.634712,-54.916744,-0.001740,0.006833,-0.029241,-0.000200,0.001318,0.000572,,0.000000,0.000000,0.000000,0.000000,0.000000,0.000000,0.000000,0.000000,0.000000,0.000000,0.000000,0.000000,0.000000,0.000000,0.000000,2.365288,0.000000,0.000000,0.000000,1.000000,0.000000,0.025752
27.773570,1,100624.000000,100628.000000,100631.000000,100628.000000,100628.000000,0.000000,0.000000,0.000000,0.000000,0.000000,298.980011,100631.242188,298.996582,0.000000,-46.038849,87.634956,-54.922714,-0.004108,-0.005836,-0.034205,-0.000860,0.002326,0.001219,,0.000000,0.000000,0.000000,0.000000,0.000000,0.000000,0.000000,0.000000,0.000000,0.000000,0.000000,0.000000,0.000000,0.000000,0.000000,2.365044,0.000000,0.000000,0.000000,1.000000,0.000000,0.024236
27.802341,1,100628.000000,100631.000000,100628.000000,100627.000000,100627.000000,0.000000,0.000000,0.000000,0.000000,0.000000,298.970001,100631.234375,298.996552,0.000000,-46.050694,87.635696,-54.932526,0.003386,-0.002935,-0.032796,-0.001340,0.001952,0.000989,,0.000000,0.000000,0.000000,0.000000,0.000000,0.000000,0.000000,0.000000,0.000000,0.000000,0.000000,0.000000,0.000000,0.000000,0.000000,2.364304,0.000000,0.000000,0.000000,1.000000,0.000000,0.028798
27.826101,1,100631.000000,100628.000000,100627.000000,100627.000000,100627.000000,0.000000,0.000000,0.000000,0.000000,0.000000,298.980011,100631.234375,298.996521,0.000000,-46.064461,87.636536,-54.944660,-0.001431,0.000654,-0.038585,-0.000689,0.001930,0.000544,,0.000000,0.000000,0.000000,0.000000,0.000000,0.000000,0.000000,0.000000,0.000000,0.000000,0.000000,0.000000,0.000000,0.000000,0.000000,2.363464,0.000000,0.000000,0.000000,1.000000,0.000000,0.023796
27.853564,1,100628.000000,100627.000000,100627.000000,100628.000000,100628.000000,0.000000,0.000000,0.000000,0.000000,0.000000,298.980011,100631.226562,298.996521,0.000000,-46.073273,87.636444,-54.953110,0.008988,0.004523,-0.037584,0.000394,0.001010,0.000322,,0.000000,0.000000,0.000000,0.000000,0.000000,0.000000,0.000000,0.000000,0.000000,0.000000,0.000000,0.000000,0.000000,0.000000,0.000000,2.363556,0.000000,0.000000,0.000000,1.000000,0.000000,0.027439
27.886131,1,100627.000000,100627.000000,100628.000000,100629.000000,100629.000000,0.000000,0.000000,0.000000,0.000000,0.000000,298.970001,100631.226562,298.996490,0.000000,-46.045086,87.634293,-54.926052,0.002788,-0.003122,-0.028020,0.001365,0.000002,-0.000084,,0.000000,0.000000,0.000000,0.000000,0.000000,0.000000,0.000000,0.000000,0.000000,0.000000,0.000000,0.000000,0.000000,0.000000,0.000000,2.365707,0.000000,0.000000,0.000000,1.000000,0.000000,0.032564
27.914109,1,100627.000000,100628.000000,100629.000000,100629.000000,100629.000000,0.000000,0.000000,0.000000,0.000000,0.000000,298.970001,100631.218750,298.996429,0.000000,-46.000542,87.633804,-54.880203,-0.006983,-0.011140,-0.038698,-0.000565,0.001094,0.001002,,0.000000,0.000000,0.000000,0.000000,0.000000,0.000000,0.000000,0.000000,0.000000,0.000000,0.000000,0.000000,0.000000,0.000000,0.000000,2.366196,0.000000,0.000000,0.000000,1.000000,0.000000,0.027989
27.946152,1,100628.000000,100629.000000,100629.000000,100628.000000,100628.000000,0.000000,0.000000,0.000000,0.000000,0.000000,298.970001,100631.218750,298.996399,0.000000,-46.017490,87.634293,-54.897179,0.009704,-0.005084,-0.035852,-0.000803,0.002229,0.001629,,0.000000,0.000000,0.000000,0.000000,0.000000,0.000000,0.000000,0.000000,0.000000,0.000000,0.000000,0.000000,0.000000,0.000000,0.000000,2.365707,0.000000,0.000000,0.000000,1.000000,0.000000,0.032004
27.971454,1,100629.000000,100629.000000,100628.000000,100631.000000,100631.000000,0.000000,0.000000,0.000000,0.000000,0.000000,298.970001,100631.218750,298.996368,0.000000,-46.049484,87.635292,-54.926701,-0.002716,0.003322,-0.035360,-0.000897,0.002228,0.000978,,0.000000,0.000000,0.000000,0.000000,0.000000,0.000000,0.000000,0.000000,0.000000,0.000000,0.000000,0.000000,0.000000,0.000000,0.000000,2.364708,0.000000,0.000000,0.000000,1.000000,0.000000,0.025295
28.002539,1,100629.000000,100628.000000,100631.000000,100628.000000,100628.000000,0.000000,0.000000,0.000000,0.000000,0.000000,298.970001,100631.210938,298.996338,0.000000,-46.025585,87.632805,-54.904205,-0.013047,-0.011994,-0.045362,0.001542,-0.000369,0.000197,,0.000000,0.000000,0.000000,0.000000,0.000000,0.000000,0.000000,0.000000,0.000000,0.000000,0.000000,0.000000,0.000000,0.000000,0.000000,2.367195,0.000000,0.000000,0.000000,1.000000,0.000000,0.031091
28.030163,1,100628.000000,100631.000000,100628.000000,100626.000000,100626.000000,0.000000,0.000000,0.000000,0.000000,0.000000,298.970001,100631.203125,298.996307,0.000000,-45.996948,87.630989,-54.876545,-0.019257,-0.016165,-0.029707,0.000974,0.000704,-0.000057,,0.000000,0.000000,0.000000,0.000000,0.000000,0.000000,0.000000,0.000000,0.000000,0.000000,0.000000,0.000000,0.000000,0.000000,0.000000,2.369011,0.000000,0.000000,0.000000,1.000000,0.000000,0.027618
28.053695,1,100631.000000,100628.000000,100626.000000,100627.000000,100627.000000,0.000000,0.000000,0.000000,0.000000,0.000000,298.980011,100631.203125,298.996277,0.000000,-46.006596,87.632057,-54.886169,-0.009374,-0.007785,-0.033400,-0.000066,0.001554,0.000993,,0.000000,0.000000,0.000000,0.000000,0.000000,0.000000,0.000000,0.000000,0.000000,0.000000,0.000000,0.000000,0.000000,0.000000,0.000000,2.367943,0.000000,0.000000,0.000000,1.000000,0.000000,0.023539
28.080210,1,100628.000000,100626.000000,100627.000000,100629.000000,100629.000000,0.000000,0.000000,0.000000,0.000000,0.000000,298.980011,100631.195312,298.996246,0.000000,-46.046711,87.633629,-54.923450,-0.004357,0.022509,-0.026264,-0.001263,0.002131,0.000676,,0.000000,0.000000,0.000000,0.000000,0.000000,0.000000,0.000000,0.000000,0.000000,0.000000,0.000000,0.000000,0.000000,0.000000,0.000000,2.366371,0.000000,0.000000,0.000000,1.000000,0.000000,0.026502
28.103739,1,100626.000000,100627.000000,100629.000000,100628.000000,100628.000000,0.000000,0.000000,0.000000,0.000000,0.000000,298.980011,100631.195312,298.996246,0.000000,-46.043125,87.633713,-54.919003,0.010092,0.008169,-0.041910,-0.001537,0.000560,0.000549,,0.000000,0.000000,0.000000,0.000000,0.000000,0.000000,0.000000,0.000000,0.000000,0.000000,0.000000,0.000000,0.000000,0.000000,0.000000,2.366287,0.000000,0.000000,0.000000,1.000000,0.000000,0.023534
28.133380,1,100627.000000,100629.000000,100628.000000,100624.000000,100624.000000,0.000000,0.000000,0.000000,0.000000,0.000000,298.980011,100631.187500,298.996216,0.000000,-46.034786,87.633301,-54.910069,0.001215,-0.026001,-0.027373,0.001380,-0.000095,0.000350,,0.000000,0.000000,0.000000,0.000000,0.000000,0.000000,0.000000,0.000000,0.000000,0.000000,0.000000,0.000000,0.000000,0.000000,0.000000,2.366699,0.000000,0.000000,0.000000,1.000000,0.000000,0.029646
28.157236,1,100629.000000,100628.000000,100624.000000,100629.000000,100629.000000,0.000000,0.000000,0.000000,0.000000,0.000000,298.980011,100631.179688,298.996185,0.000000,-46.021236,87.631401,-54.898350,-0.000261,-0.014017,-0.028170,0.000762,0.000790,0.000014,,0.000000,0.000000,0.000000,0.000000,0.000000,0.000000,0.000000,0.000000,0.000000,0.000000,0.000000,0.000000,0.000000,0.000000,0.000000,2.368599,0.000000,0.000000,0.000000,1.000000,0.000000,0.023866
28.181386,1,100628.000000,100624.000000,100629.000000,100631.000000,100631.000000,0.000000,0.000000,0.000000,0.000000,0.000000,298.989990,100631.179688,298.996185,0.000000,-46.018124,87.632141,-54.894566,-0.006516,0.015875,-0.038931,-0.000664,0.001881,0.000597,,0.000000,0.000000,0.000000,0.000000,0.000000,0.000000,0.000000,0.000000,0.000000,0.000000,0.000000,0.000000,0.000000,0.000000,0.000000,2.367859,0.000000,0.000000,0.000000,1.000000,0.000000,0.024140
28.205209,1,100624.000000,100629.000000,100631.000000,100627.000000,100627.000000,0.000000,0.000000,0.000000,0.000000,0.000000,298.989990,100631.179688,298.996185,0.000000,-46.008808,87.630905,-54.885799,0.007159,0.015102,-0.040342,0.000457,0.000217,-0.000042,,0.000000,0.000000,0.000000,0.000000,0.000000,0.000000,0.000000,0.000000,0.000000,0.000000,0.000000,0.000000,0.000000,0.000000,0.000000,2.369095,0.000000,0.000000,0.000000,1.000000,0.000000,0.023827
28.229394,1,100629.000000,100631.000000,100627.000000,100627.000000,100627.000000,0.000000,0.000000,0.000000,0.000000,0.000000,298.989990,100631.171875,298.996185,0.000000,-46.028595,87.631813,-54.901951,0.010984,-0.018379,-0.031235,-0.000471,0.001416,-0.000173,,0.000000,0.000000,0.000000,0.000000,0.000000,0.000000,0.000000,0.000000,0.000000,0.000000,0.000000,0.000000,0.000000,0.000000,0.000000,2.368187,0.000000,0.000000,0.000000,1.000000,0.000000,0.024185
28.253006,1,100631.000000,100627.000000,100627.000000,100628.000000,100628.000000,0.000000,0.000000,0.000000,0.000000,0.000000,299.000000,100631.164062,298.996185,0.000000,-46.037567,87.630493,-54.912132,-0.009237,-0.002012,-0.039725,-0.000148,0.001225,-0.000018,,0.000000,0.000000,0.000000,0.000000,0.000000,0.000000,0.000000,0.000000,0.000000,0.000000,0.000000,0.000000,0.000000,0.000000,0.000000,2.369507,0.000000,0.000000,0.000000,1.000000,0.000000,0.023613
28.277403,1,100627.000000,100627.000000,100628.000000,100629.000000,100629.000000,0.000000,0.000000,0.000000,0.000000,0.000000,299.000000,100631.164062,298.996185,0.000000,-46.050175,87.630737,-54.924370,-0.014072,-0.007059,-0.035933,0.001021,0.000790,0.000242,,0.000000,0.000000,0.000000,0.000000,0.000000,0.000000,0.000000,0.000000,0.000000,0.000000,0.000000,0.000000,0.000000,0.000000,0.000000,2.369263,0.000000,0.000000,0.000000,1.000000,0.000000,0.024396
28.302898,1,100627.000000,100628.000000,100629.000000,100625.000000,100625.000000,0.000000,0.000000,0.000000,0.000000,0.000000,299.000000,100631.156250,298.996185,0.000000,-46.032722,87.629669,-54.907364,0.001370,-0.006409,-0.036814,0.000275,0.001394,0.000762,,0.000000,0.000000,0.000000,0.000000,0.000000,0.000000,0.000000,0.000000,0.000000,0.000000,0.000000,0.000000,0.000000,0.000000,0.000000,2.370331,0.000000,0.000000,0.000000,1.000000,0.000000,0.025493
28.334364,1,100628.000000,100629.000000,100625.000000,100626.000000,100626.000000,0.000000,0.000000,0.000000,0.000000,0.000000,298.989990,100631.148438,298.996185,0.000000,-46.058086,87.631325,-54.929951,0.002476,0.007048,-0.027737,-0.000794,0.003021,0.001099,,0.000000,0.000000,0.000000,0.000000,0.000000,0.000000,0.000000,0.000000,0.000000,0.000000,0.000000,0.000000,0.000000,0.000000,0.000000,2.368675,0.000000,0.000000,0.000000,1.000000,0.000000,0.031491
28.362160,1,100629.000000,100625.000000,100626.000000,100627.000000,100627.000000,0.000000,0.000000,0.000000,0.000000,0.000000,298.989990,100631.148438,298.996185,0.000000,-46.057957,87.630905,-54.931465,0.006670,0.014410,-0.033166,0.001086,-0.000145,-0.000067,,0.000000,0.000000,0.000000,0.000000,0.000000,0.000000,0.000000,0.000000,0.000000,0.000000,0.000000,0.000000,0.000000,0.000000,0.000000,2.369095,0.000000,0.000000,0.000000,1.000000,0.000000,0.027771
28.386424,1,100625.000000,100626.000000,100627.000000,100626.000000,100626.000000,0.000000,0.000000,0.000000,0.000000,0.000000,298.989990,100631.140625,298.996155,0.000000,-46.034286,87.629829,-54.908535,-0.016360,0.014412,-0.035123,0.001478,0.000877,0.000020,,0.000000,0.000000,0.000000,0.000000,0.000000,0.000000,0.000000,0.000000,0.000000,0.000000,0.000000,0.000000,0.000000,0.000000,0.000000,2.370171,0.000000,0.000000,0.000000,1.000000,0.000000,0.024271
28.413912,1,100626.000000,100627.000000,100626.000000,100631.000000,100631.000000,0.000000,0.000000,0.000000,0.000000,0.000000,298.989990,100631.140625,298.996155,0.000000,-46.035316,87.629173,-54.907856,-0.000488,-0.005229,-0.040075,-0.000994,0.001899,0.000766,,0.000000,0.000000,0.000000,0.000000,0.000000,0.000000,0.000000,0.000000,0.000000,0.000000,0.000000,0.000000,0.000000,0.000000,0.000000,2.370827,0.000000,0.000000,0.000000,1.000000,0.000000,0.027485
28.437421,1,100627.000000,100626.000000,100631.000000,100630.000000,100630.000000,0.000000,0.000000,0.000000,0.000000,0.000000,299.000000,100631.132812,298.996155,0.000000,-46.058300,87.630989,-54.930458,-0.001430,0.002336,-0.038713,-0.000165,0.002571,0.001026,,0.000000,0.000000,0.000000,0.000000,0.000000,0.000000,0.000000,0.000000,0.000000,0.000000,0.000000,0.000000,0.000000,0.000000,0.000000,2.369011,0.000000,0.000000,0.000000,1.000000,0.000000,0.023508
28.463917,1,100626.000000,100631.000000,100630.000000,100626.000000,100626.000000,0.000000,0.000000,0.000000,0.000000,0.000000,299.000000,100631.132812,298.996155,0.000000,-46.074554,87.632965,-54.944534,0.002609,0.014451,-0.033230,-0.000826,0.002606,0.001312,,0.000000,0.000000,0.000000,0.000000,0.000000,0.000000,0.000000,0.000000,0.000000,0.000000,0.000000,0.000000,0.000000,0.000000,0.000000,2.367035,0.000000,0.000000,0.000000,1.000000,0.000000,0.026489
28.488857,1,100631.000000,100630.000000,100626.000000,100629.000000,100629.000000,0.000000,0.000000,0.000000,0.000000,0.000000,299.000000,100631.125000,298.996185,0.000000,-46.099216,87.633217,-54.968613,-0.005991,-0.003791,-0.033956,0.001629,-0.000275,-0.000434,,0.000000,0.000000,0.000000,0.000000,0.000000,0.000000,0.000000,0.000000,0.000000,0.000000,0.000000,0.000000,0.000000,0.000000,0.000000,2.366783,0.000000,0.000000,0.000000,1.000000,0.000000,0.024921
28.517446,1,100630.000000,100626.000000,100629.000000,100626.000000,100626.000000,0.000000,0.000000,0.000000,0.000000,0.000000,299.000000,100631.117188,298.996185,0.000000,-46.057125,87.630081,-54.929596,-0.007343,-0.005021,-0.026785,0.000988,0.000055,-0.000124,,0.000000,0.000000,0.000000,0.000000,0.000000,0.000000,0.000000,0.000000,0.000000,0.000000,0.000000,0.000000,0.000000,0.000000,0.000000,2.369919,0.000000,0.000000,0.000000,1.000000,0.000000,0.028609
28.540962,1,100626.000000,100629.000000,100626.000000,100627.000000,100627.000000,0.000000,0.000000,0.000000,0.000000,0.000000,299.000000,100631.117188,298.996185,0.000000,-46.031830,87.628922,-54.905632,0.003808,-0.012739,-0.034840,0.000637,0.001168,0.000668,,0.000000,0.000000,0.000000,0.000000,0.000000,0.000000,0.000000,0.000000,0.000000,0.000000,0.000000,0.000000,0.000000,0.000000,0.000000,2.371078,0.000000,0.000000,0.000000,1.000000,0.000000,0.023521
28.565487,1,100629.000000,100626.000000,100627.000000,100625.000000,100625.000000,0.000000,0.000000,0.000000,0.000000,0.000000,299.000000,100631.109375,298.996185,0.000000,-46.058125,87.631401,-54.929768,-0.001506,0.012587,-0.033003,-0.001135,0.002551,0.001009,,0.000000,0.000000,0.000000,0.000000,0.000000,0.000000,0.000000,0.000000,0.000000,0.000000,0.000000,0.000000,0.000000,0.000000,0.000000,2.368599,0.000000,0.000000,0.000000,1.000000,0.000000,0.024506
28.590964,1,100626.000000,100627.000000,100625.000000,100631.000000,100631.000000,0.000000,0.000000,0.000000,0.000000,0.000000,299.000000,100631.109375,298.996185,0.000000,-46.062542,87.632965,-54.933296,-0.007789,0.015475,-0.031045,-0.000578,0.001490,0.001238,,0.000000,0.000000,0.000000,0.000000,0.000000,0.000000,0.000000,0.000000,0.000000,0.000000,0.000000,0.000000,0.000000,0.000000,0.000000,2.367035,0.000000,0.000000,0.000000,1.000000,0.000000,0.025485
28.615482,1,100627.000000,100625.000000,100631.000000,100630.000000,100630.000000,0.000000,0.000000,0.000000,0.000000,0.000000,299.000000,100631.109375,298.996185,0.000000,-46.092216,87.632637,-54.961506,0.004172,0.003885,-0.033859,-0.000366,0.001423,-0.000119,,0.000000,0.000000,0.000000,0.000000,0.000000,0.000000,0.000000,0.000000,0.000000,0.000000,0.000000,0.000000,0.000000,0.000000,0.000000,2.367363,0.000000,0.000000,0.000000,1.000000,0.000000,0.024526
28.638977,1,100625.000000,100631.000000,100630.000000,100630.000000,100630.000000,0.000000,0.000000,0.000000,0.000000,0.000000,299.000000,100631.101562,298.996216,0.000000,-46.051262,87.631485,-54.921692,0.001210,-0.017062,-0.025093,0.002205,-0.000395,0.000248,,0.000000,0.000000,0.000000,0.000000,0.000000,0.000000,0.000000,0.000000,0.000000,0.000000,0.000000,0.000000,0.000000,0.000000,0.000000,2.368515,0.000000,0.000000,0.000000,1.000000,0.000000,0.023496
28.669782,1,100631.000000,100630.000000,100630.000000,100628.000000,100628.000000,0.000000,0.000000,0.000000,0.000000,0.000000,299.000000,100631.101562,298.996216,0.000000,-46.027752,87.629913,-54.900585,0.002437,-0.007951,-0.038548,0.001118,0.000354,0.000227,,0.000000,0.000000,0.000000,0.000000,0.000000,0.000000,0.000000,0.000000,0.000000,0.000000,0.000000,0.000000,0.000000,0.000000,0.000000,2.370087,0.000000,0.000000,0.000000,1.000000,0.000000,0.030814
28.693480,1,100630.000000,100630.000000,100628.000000,100633.000000,100633.000000,0.000000,0.000000,0.000000,0.000000,0.000000,299.000000,100631.101562,298.996216,0.000000,-46.020466,87.629829,-54.892376,-0.015141,-0.000712,-0.035743,0.000358,0.000205,0.000041,,0.000000,0.000000,0.000000,0.000000,0.000000,0.000000,0.000000,0.000000,0.000000,0.000000,0.000000,0.000000,0.000000,0.000000,0.000000,2.370171,0.000000,0.000000,0.000000,1.000000,0.000000,0.023682
28.718175,1,100630.000000,100628.000000,100633.000000,100628.000000,100628.000000,0.000000,0.000000,0.000000,0.000000,0.000000,299.000000,100631.101562,298.996216,0.000000,-46.028248,87.629173,-54.899311,0.014206,-0.005727,-0.029946,-0.001515,0.002121,0.000363,,0.000000,0.000000,0.000000,0.000000,0.000000,0.000000,0.000000,0.000000,0.000000,0.000000,0.000000,0.000000,0.000000,0.000000,0.000000,2.370827,0.000000,0.000000,0.000000,1.000000,0.000000,0.024696
28.741699,1,100628.000000,100633.000000,100628.000000,100629.000000,100629.000000,0.000000,0.000000,0.000000,0.000000,0.000000,299.000000,100631.093750,298.996216,0.000000,-46.037807,87.631325,-54.907581,0.008965,-0.012413,-0.027375,-0.000258,0.001842,0.000964,,0.000000,0.000000,0.000000,0.000000,0.000000,0.000000,0.000000,0.000000,0.000000,0.000000,0.000000,0.000000,0.000000,0.000000,0.000000,2.368675,0.000000,0.000000,0.000000,1.000000,0.000000,0.023530
28.767197,1,100633.000000,100628.000000,100629.000000,100628.000000,100628.000000,0.000000,0.000000,0.000000,0.000000,0.000000,299.000000,100631.093750,298.996216,0.000000,-46.031330,87.631065,-54.901844,-0.011895,0.003838,-0.036625,-0.000361,0.000870,0.001197,,0.000000,0.000000,0.000000,0.000000,0.000000,0.000000,0.000000,0.000000,0.000000,0.000000,0.000000,0.000000,0.000000,0.000000,0.000000,2.368935,0.000000,0.000000,0.000000,1.000000,0.000000,0.025490
28.791160,1,100628.000000,100629.000000,100628.000000,100632.000000,100632.000000,0.000000,0.000000,0.000000,0.000000,0.000000,299.010010,100631.093750,298.996246,0.000000,-45.985992,87.630493,-54.856327,-0.006605,0.010692,-0.037744,0.001021,0.000011,0.000639,,0.000000,0.000000,0.000000,0.000000,0.000000,0.000000,0.000000,0.000000,0.000000,0.000000,0.000000,0.000000,0.000000,0.000000,0.000000,2.369507,0.000000,0.000000,0.000000,1.000000,0.000000,0.023968
28.819958,1,100629.000000,100628.000000,100632.000000,100629.000000,100629.000000,0.000000,0.000000,0.000000,0.000000,0.000000,299.000000,100631.093750,298.996246,0.000000,-46.005825,87.629829,-54.876263,0.008379,0.008465,-0.025597,-0.000650,0.001892,0.000686,,0.000000,0.000000,0.000000,0.000000,0.000000,0.000000,0.000000,0.000000,0.000000,0.000000,0.000000,0.000000,0.000000,0.000000,0.000000,2.370171,0.000000,0.000000,0.000000,1.000000,0.000000,0.028784
28.850182,1,100628.000000,100632.000000,100629.000000,100631.000000,100631.000000,0.000000,0.000000,0.000000,0.000000,0.000000,299.000000,100631.093750,298.996246,0.000000,-46.029972,87.631065,-54.898094,0.006185,-0.010275,-0.031441,-0.001055,0.002366,0.000927,,0.000000,0.000000,0.000000,0.000000,0.000000,0.000000,0.000000,0.000000,0.000000,0.000000,0.000000,0.000000,0.000000,0.000000,0.000000,2.368935,0.000000,0.000000,0.000000,1.000000,0.000000,0.030236
28.874511,1,100632.000000,100629.000000,100631.000000,100631.000000,100631.000000,0.000000,0.000000,0.000000,0.000000,0.000000,299.000000,100631.093750,298.996246,0.000000,-46.047478,87.632721,-54.914787,-0.003963,-0.009563,-0.032749,-0.000593,0.001428,0.000579,,0.000000,0.000000,0.000000,0.000000,0.000000,0.000000,0.000000,0.000000,0.000000,0.000000,0.000000,0.000000,0.000000,0.000000,0.000000,2.367279,0.000000,0.000000,0.000000,1.000000,0.000000,0.024334
28.899017,1,100629.000000,100631.000000,100631.000000,100630.000000,100630.000000,0.000000,0.000000,0.000000,0.000000,0.000000,299.000000,100631.085938,298.996246,0.000000,-46.026287,87.629501,-54.896160,-0.009992,-0.001917,-0.027943,0.000980,0.000077,0.000071,,0.000000,0.000000,0.000000,0.000000,0.000000,0.000000,0.000000,0.000000,0.000000,0.000000,0.000000,0.000000,0.000000,0.000000,0.000000,2.370499,0.000000,0.000000,0.000000,1.000000,0.000000,0.024503
28.922579,1,100631.000000,100631.000000,100630.000000,100627.000000,100627.000000,0.000000,0.000000,0.000000,0.000000,0.000000,299.010010,100631.085938,298.996277,0.000000,-46.001934,87.629005,-54.870071,0.008780,0.000047,-0.040277,-0.001749,0.002848,0.001062,,0.000000,0.000000,0.000000,0.000000,0.000000,0.000000,0.000000,0.000000,0.000000,0.000000,0.000000,0.000000,0.000000,0.000000,0.000000,2.370995,0.000000,0.000000,0.000000,1.000000,0.000000,0.023552
28.949512,1,100631.000000,100630.000000,100627.000000,100632.000000,100632.000000,0.000000,0.000000,0.000000,0.000000,0.000000,299.000000,100631.085938,298.996277,0.000000,-46.037739,87.631729,-54.904461,0.019926,0.001348,-0.025935,-0.000455,0.002253,0.001272,,0.000000,0.000000,0.000000,0.000000,0.000000,0.000000,0.000000,0.000000,0.000000,0.000000,0.000000,0.000000,0.000000,0.000000,0.000000,2.368271,0.000000,0.000000,0.000000,1.000000,0.000000,0.026939
28.974640,1,100630.000000,100627.000000,100632.000000,100632.000000,100632.000000,0.000000,0.000000,0.000000,0.000000,0.000000,299.010010,100631.085938,298.996307,0.000000,-46.066711,87.633385,-54.930943,-0.003532,0.002159,-0.036961,-0.000385,0.002918,0.000782,,0.000000,0.000000,0.000000,0.000000,0.000000,0.000000,0.000000,0.000000,0.000000,0.000000,0.000000,0.000000,0.000000,0.000000,0.000000,2.366615,0.000000,0.000000,0.000000,1.000000,0.000000,0.025128
29.002167,1,100627.000000,100632.000000,100632.000000,100628.000000,100628.000000,0.000000,0.000000,0.000000,0.000000,0.000000,299.000000,100631.085938,298.996307,0.000000,-46.073685,87.633804,-54.937943,-0.018449,0.001460,-0.042803,0.001905,-0.000629,0.000340,,0.000000,0.000000,0.000000,0.000000,0.000000,0.000000,0.000000,0.000000,0.000000,0.000000,0.000000,0.000000,0.000000,0.000000,0.000000,2.366196,0.000000,0.000000,0.000000,1.000000,0.000000,0.027531
29.026177,1,100632.000000,100632.000000,100628.000000,100628.000000,100628.000000,0.000000,0.000000,0.000000,0.000000,0.000000,299.000000,100631.078125,298.996307,0.000000,-46.049717,87.630081,-54.914211,0.002343,-0.005420,-0.034109,0.000788,-0.000072,-0.000076,,0.000000,0.000000,0.000000,0.000000,0.000000,0.000000,0.000000,0.000000,0.000000,0.000000,0.000000,0.000000,0.000000,0.000000,0.000000,2.369919,0.000000,0.000000,0.000000,1.000000,0.000000,0.024013
29.051672,1,100632.000000,100628.000000,100628.000000,100623.000000,100623.000000,0.000000,0.000000,0.000000,0.000000,0.000000,299.000000,100631.070312,298.996307,0.000000,-46.020668,87.628426,-54.887302,0.010287,0.002695,-0.035074,0.000564,0.000328,0.000042,,0.000000,0.000000,0.000000,0.000000,0.000000,0.000000,0.000000,0.000000,0.000000,0.000000,0.000000,0.000000,0.000000,0.000000,0.000000,2.371574,0.000000,0.000000,0.000000,1.000000,0.000000,0.025497
29.077531,1,100628.000000,100628.000000,100623.000000,100632.000000,100632.000000,0.000000,0.000000,0.000000,0.000000,0.000000,299.000000,100631.070312,298.996307,0.000000,-46.045006,87.629829,-54.908234,0.005535,0.005454,-0.030628,-0.000792,0.001666,0.000587,,0.000000,0.000000,0.000000,0.000000,0.000000,0.000000,0.000000,0.000000,0.000000,0.000000,0.000000,0.000000,0.000000,0.000000,0.000000,2.370171,0.000000,0.000000,0.000000,1.000000,0.000000,0.025855
29.103515,1,100628.000000,100623.000000,100632.000000,100626.000000,100626.000000,0.000000,0.000000,0.000000,0.000000,0.000000,299.000000,100631.062500,298.996307,0.000000,-46.064838,87.630081,-54.926098,-0.007542,0.007345,-0.043182,-0.001500,0.001908,0.000377,,0.000000,0.000000,0.000000,0.000000,0.000000,0.000000,0.000000,0.000000,0.000000,0.000000,0.000000,0.000000,0.000000,0.000000,0.000000,2.369919,0.000000,0.000000,0.000000,1.000000,0.000000,0.025977
29.127904,1,100623.000000,100632.000000,100626.000000,100628.000000,100628.000000,0.000000,0.000000,0.000000,0.000000,0.000000,299.010010,100631.062500,298.996338,0.000000,-46.060783,87.629417,-54.921963,0.009459,-0.023519,-0.023006,0.001155,0.001033,0.000914,,0.000000,0.000000,0.000000,0.000000,0.000000,0.000000,0.000000,0.000000,0.000000,0.000000,0.000000,0.000000,0.000000,0.000000,0.000000,2.370583,0.000000,0.000000,0.000000,1.000000,0.000000,0.024398
29.153785,1,100632.000000,100626.000000,100628.000000,100628.000000,100628.000000,0.000000,0.000000,0.000000,0.000000,0.000000,299.000000,100631.054688,298.996338,0.000000,-46.078922,87.631149,-54.941299,-0.000856,-0.021998,-0.034647,0.000527,0.001294,0.000517,,0.000000,0.000000,0.000000,0.000000,0.000000,0.000000,0.000000,0.000000,0.000000,0.000000,0.000000,0.000000,0.000000,0.000000,0.000000,2.368851,0.000000,0.000000,0.000000,1.000000,0.000000,0.025884
29.186162,1,100626.000000,100628.000000,100628.000000,100629.000000,100629.000000,0.000000,0.000000,0.000000,0.000000,0.000000,299.000000,100631.054688,298.996338,0.000000,-46.059334,87.629753,-54.923729,-0.011321,0.010148,-0.039612,0.000963,0.000512,0.000151,,0.000000,0.000000,0.000000,0.000000,0.000000,0.000000,0.000000,0.000000,0.000000,0.000000,0.000000,0.000000,0.000000,0.000000,0.000000,2.370247,0.000000,0.000000,0.000000,1.000000,0.000000,0.032377
29.220963,1,100628.000000,100628.000000,100629.000000,100628.000000,100628.000000,0.000000,0.000000,0.000000,0.000000,0.000000,298.989990,100631.046875,298.996338,0.000000,-46.041485,87.629417,-54.906528,-0.001326,0.015221,-0.036169,0.000474,0.000535,0.000825,,0.000000,0.000000,0.000000,0.000000,0.000000,0.000000,0.000000,0.000000,0.000000,0.000000,0.000000,0.000000,0.000000,0.000000,0.000000,2.370583,0.000000,0.000000,0.000000,1.000000,0.000000,0.034779
29.253543,1,100628.000000,100629.000000,100628.000000,100631.000000,100631.000000,0.000000,0.000000,0.000000,0.000000,0.000000,298.980011,100631.046875,298.996307,0.000000,-46.050892,87.631065,-54.913616,0.010452,-0.017682,-0.033783,-0.000654,0.001890,0.001019,,0.000000,0.000000,0.000000,0.000000,0.000000,0.000000,0.000000,0.000000,0.000000,0.000000,0.000000,0.000000,0.000000,0.000000,0.000000,2.368935,0.000000,0.000000,0.000000,1.000000,0.000000,0.032602
29.285556,1,100629.000000,100628.000000,100631.000000,100626.000000,100626.000000,0.000000,0.000000,0.000000,0.000000,0.000000,298.980011,100631.046875,298.996307,0.000000,-46.047985,87.631149,-54.910946,0.001090,-0.004162,-0.038397,0.000411,0.000569,0.000480,,0.000000,0.000000,0.000000,0.000000,0.000000,0.000000,0.000000,0.000000,0.000000,0.000000,0.000000,0.000000,0.000000,0.000000,0.000000,2.368851,0.000000,0.000000,0.000000,1.000000,0.000000,0.032008
29.317560,1,100628.000000,100631.000000,100626.000000,100628.000000,100628.000000,0.000000,0.000000,0.000000,0.000000,0.000000,298.970001,100631.039062,298.996277,0.000000,-46.035480,87.628586,-54.899914,-0.003352,0.009909,-0.034923,0.000654,-0.000225,-0.000034,,0.000000,0.000000,0.000000,0.000000,0.000000,0.000000,0.000000,0.000000,0.000000,0.000000,0.000000,0.000000,0.000000,0.000000,0.000000,2.371414,0.000000,0.000000,0.000000,1.000000,0.000000,0.032005
29.341175,1,100631.000000,100626.000000,100628.000000,100628.000000,100628.000000,0.000000,0.000000,0.000000,0.000000,0.000000,298.970001,100631.039062,298.996246,0.000000,-46.041573,87.628014,-54.902008,0.026185,-0.009860,-0.028225,-0.000222,0.001691,0.000572,,0.000000,0.000000,0.000000,0.000000,0.000000,0.000000,0.000000,0.000000,0.000000,0.000000,0.000000,0.000000,0.000000,0.000000,0.000000,2.371986,0.000000,0.000000,0.000000,1.000000,0.000000,0.023628
29.365652,1,100626.000000,100628.000000,100628.000000,100632.000000,100632.000000,0.000000,0.000000,0.000000,0.000000,0.000000,298.980011,100631.039062,298.996216,0.000000,-46.109673,87.631485,-54.967758,-0.009099,0.015551,-0.041058,-0.001006,0.002900,0.001007,,0.000000,0.000000,0.000000,0.000000,0.000000,0.000000,0.000000,0.000000,0.000000,0.000000,0.000000,0.000000,0.000000,0.000000,0.000000,2.368515,0.000000,0.000000,0.000000,1.000000,0.000000,0.024497
29.392365,1,100628.000000,100628.000000,100632.000000,100629.000000,100629.000000,0.000000,0.000000,0.000000,0.000000,0.000000,298.980011,100631.039062,298.996185,0.000000,-46.099442,87.631569,-54.956779,-0.022389,0.020020,-0.037342,0.000175,0.000993,0.000870,,0.000000,0.000000,0.000000,0.000000,0.000000,0.000000,0.000000,0.000000,0.000000,0.000000,0.000000,0.000000,0.000000,0.000000,0.000000,2.368431,0.000000,0.000000,0.000000,1.000000,0.000000,0.026708
29.420376,1,100628.000000,100632.000000,100629.000000,100624.000000,100624.000000,0.000000,0.000000,0.000000,0.000000,0.000000,298.980011,100631.023438,298.996185,0.000000,-46.057495,87.629333,-54.915607,-0.013682,0.009015,-0.030445,0.001414,-0.000350,0.000751,,0.000000,0.000000,0.000000,0.000000,0.000000,0.000000,0.000000,0.000000,0.000000,0.000000,0.000000,0.000000,0.000000,0.000000,0.000000,2.370667,0.000000,0.000000,0.000000,1.000000,0.000000,0.028040
29.444825,1,100632.000000,100629.000000,100624.000000,100628.000000,100628.000000,0.000000,0.000000,0.000000,0.000000,0.000000,298.989990,100631.023438,298.996155,0.000000,-46.059452,87.630241,-54.916481,0.013757,-0.006747,-0.024361,-0.000525,0.001882,0.001250,,0.000000,0.000000,0.000000,0.000000,0.000000,0.000000,0.000000,0.000000,0.000000,0.000000,0.000000,0.000000,0.000000,0.000000,0.000000,2.369759,0.000000,0.000000,0.000000,1.000000,0.000000,0.024440
29.474122,1,100629.000000,100624.000000,100628.000000,100625.000000,100625.000000,0.000000,0.000000,0.000000,0.000000,0.000000,298.980011,100631.015625,298.996155,0.000000,-46.089462,87.631065,-54.947227,-0.003621,0.013046,-0.031692,-0.001059,0.003070,0.000899,,0.000000,0.000000,0.000000,0.000000,0.000000,0.000000,0.000000,0.000000,0.000000,0.000000,0.000000,0.000000,0.000000,0.000000,0.000000,2.368935,0.000000,0.000000,0.000000,1.000000,0.000000,0.029282
29.499888,1,100624.000000,100628.000000,100625.000000,100629.000000,100629.000000,0.000000,0.000000,0.000000,0.000000,0.000000,298.980011,100631.015625,298.996124,0.000000,-46.120289,87.632637,-54.975880,-0.011591,0.004667,-0.038911,-0.001070,0.002113,0.000942,,0.000000,0.000000,0.000000,0.000000,0.000000,0.000000,0.000000,0.000000,0.000000,0.000000,0.000000,0.000000,0.000000,0.000000,0.000000,2.367363,0.000000,0.000000,0.000000,1.000000,0.000000,0.025762
29.524368,1,100628.000000,100625.000000,100629.000000,100626.000000,100626.000000,0.000000,0.000000,0.000000,0.000000,0.000000,298.989990,100631.007812,298.996124,0.000000,-46.094326,87.631149,-54.949959,0.004989,-0.014466,-0.028654,0.000837,0.000946,-0.000010,,0.000000,0.000000,0.000000,0.000000,0.000000,0.000000,0.000000,0.000000,0.000000,0.000000,0.000000,0.000000,0.000000,0.000000,0.000000,2.368851,0.000000,0.000000,0.000000,1.000000,0.000000,0.024491
29.557885,1,100625.000000,100629.000000,100626.000000,100629.000000,100629.000000,0.000000,0.000000,0.000000,0.000000,0.000000,298.980011,100631.007812,298.996094,0.000000,-46.068840,87.630409,-54.926704,0.003314,-0.006242,-0.040464,0.000859,0.000952,0.000668,,0.000000,0.000000,0.000000,0.000000,0.000000,0.000000,0.000000,0.000000,0.000000,0.000000,0.000000,0.000000,0.000000,0.000000,0.000000,2.369591,0.000000,0.000000,0.000000,1.000000,0.000000,0.033474
29.587504,1,100629.000000,100626.000000,100629.000000,100626.000000,100626.000000,0.000000,0.000000,0.000000,0.000000,0.000000,298.980011,100631.000000,298.996094,0.000000,-46.076847,87.631653,-54.934990,0.000480,0.014013,-0.032961,-0.001032,0.002613,0.001741,,0.000000,0.000000,0.000000,0.000000,0.000000,0.000000,0.000000,0.000000,0.000000,0.000000,0.000000,0.000000,0.000000,0.000000,0.000000,2.368347,0.000000,0.000000,0.000000,1.000000,0.000000,0.029621
29.618184,1,100626.000000,100629.000000,100626.000000,100627.000000,100627.000000,0.000000,0.000000,0.000000,0.000000,0.000000,298.970001,100630.992188,298.996063,0.000000,-46.100780,87.634377,-54.954197,-0.005863,0.014783,-0.038383,-0.001417,0.002125,0.000788,,0.000000,0.000000,0.000000,0.000000,0.000000,0.000000,0.000000,0.000000,0.000000,0.000000,0.000000,0.000000,0.000000,0.000000,0.000000,2.365623,0.000000,0.000000,0.000000,1.000000,0.000000,0.030672
29.641825,1,100629.000000,100626.000000,100627.000000,100628.000000,100628.000000,0.000000,0.000000,0.000000,0.000000,0.000000,298.980011,100630.992188,298.996033,0.000000,-46.114799,87.632805,-54.967564,0.004372,-0.013622,-0.029800,0.000400,0.000499,-0.000020,,0.000000,0.000000,0.000000,0.000000,0.000000,0.000000,0.000000,0.000000,0.000000,0.000000,0.000000,0.000000,0.000000,0.000000,0.000000,2.367195,0.000000,0.000000,0.000000,1.000000,0.000000,0.023659
29.667326,1,100626.000000,100627.000000,100628.000000,100626.000000,100626.000000,0.000000,0.000000,0.000000,0.000000,0.000000,298.980011,100630.984375,298.996002,0.000000,-46.101444,87.631653,-54.956989,0.001925,-0.008311,-0.034133,0.001436,0.000547,0.000119,,0.000000,0.000000,0.000000,0.000000,0.000000,0.000000,0.000000,0.000000,0.000000,0.000000,0.000000,0.000000,0.000000,0.000000,0.000000,2.368347,0.000000,0.000000,0.000000,1.000000,0.000000,0.025497
29.691862,1,100627.000000,100628.000000,100626.000000,100631.000000,100631.000000,0.000000,0.000000,0.000000,0.000000,0.000000,298.989990,100630.984375,298.996002,0.000000,-46.077896,87.630821,-54.936699,-0.008555,0.011410,-0.036823,0.001596,0.000635,0.000042,,0.000000,0.000000,0.000000,0.000000,0.000000,0.000000,0.000000,0.000000,0.000000,0.000000,0.000000,0.000000,0.000000,0.000000,0.000000,2.369179,0.000000,0.000000,0.000000,1.000000,0.000000,0.024535
29.716369,1,100628.000000,100626.000000,100631.000000,100629.000000,100629.000000,0.000000,0.000000,0.000000,0.000000,0.000000,298.989990,100630.984375,298.996002,0.000000,-46.061348,87.630081,-54.921211,0.004935,0.000400,-0.026619,-0.000893,0.002362,0.001017,,0.000000,0.000000,0.000000,0.000000,0.000000,0.000000,0.000000,0.000000,0.000000,0.000000,0.000000,0.000000,0.000000,0.000000,0.000000,2.369919,0.000000,0.000000,0.000000,1.000000,0.000000,0.024510
29.739874,1,100626.000000,100631.000000,100629.000000,100631.000000,100631.000000,0.000000,0.000000,0.000000,0.000000,0.000000,299.000000,100630.984375,298.996002,0.000000,-46.091640,87.631065,-54.948299,0.004990,-0.010827,-0.034978,-0.001116,0.001848,0.000632,,0.000000,0.000000,0.000000,0.000000,0.000000,0.000000,0.000000,0.000000,0.000000,0.000000,0.000000,0.000000,0.000000,0.000000,0.000000,2.368935,0.000000,0.000000,0.000000,1.000000,0.000000,0.023506
29.765622,1,100631.000000,100629.000000,100631.000000,100631.000000,100631.000000,0.000000,0.000000,0.000000,0.000000,0.000000,299.000000,100630.984375,298.996002,0.000000,-46.114815,87.632965,-54.972244,-0.011085,-0.005516,-0.035611,0.000510,0.001611,0.000780,,0.000000,0.000000,0.000000,0.000000,0.000000,0.000000,0.000000,0.000000,0.000000,0.000000,0.000000,0.000000,0.000000,0.000000,0.000000,2.367035,0.000000,0.000000,0.000000,1.000000,0.000000,0.025745
29.789951,1,100629.000000,100631.000000,100631.000000,100625.000000,100625.000000,0.000000,0.000000,0.000000,0.000000,0.000000,299.000000,100630.976562,298.996002,0.000000,-46.082787,87.630737,-54.943691,-0.011706,-0.001886,-0.027702,0.000982,0.001102,-0.000024,,0.000000,0.000000,0.000000,0.000000,0.000000,0.000000,0.000000,0.000000,0.000000,0.000000,0.000000,0.000000,0.000000,0.000000,0.000000,2.369263,0.000000,0.000000,0.000000,1.000000,0.000000,0.024345
29.813617,1,100631.000000,100631.000000,100625.000000,100628.000000,100628.000000,0.000000,0.000000,0.000000,0.000000,0.000000,299.000000,100630.968750,298.996033,0.000000,-46.061863,87.629753,-54.924282,0.010066,0.010367,-0.035516,0.001308,-0.000035,0.000331,,0.000000,0.000000,0.000000,0.000000,0.000000,0.000000,0.000000,0.000000,0.000000,0.000000,0.000000,0.000000,0.000000,0.000000,0.000000,2.370247,0.000000,0.000000,0.000000,1.000000,0.000000,0.023665
29.837485,1,100631.000000,100625.000000,100628.000000,100629.000000,100629.000000,0.000000,0.000000,0.000000,0.000000,0.000000,299.000000,100630.968750,298.996033,0.000000,-46.069740,87.629669,-54.931221,0.006530,0.001292,-0.035879,-0.000202,0.001279,0.000224,,0.000000,0.000000,0.000000,0.000000,0.000000,0.000000,0.000000,0.000000,0.000000,0.000000,0.000000,0.000000,0.000000,0.000000,0.000000,2.370331,0.000000,0.000000,0.000000,1.000000,0.000000,0.023869
29.861628,1,100625.000000,100628.000000,100629.000000,100628.000000,100628.000000,0.000000,0.000000,0.000000,0.000000,0.000000,299.010010,100630.968750,298.996033,0.000000,-46.085835,87.630241,-54.947151,0.004490,-0.004088,-0.034720,0.000334,0.000724,-0.000008,,0.000000,0.000000,0.000000,0.000000,0.000000,0.000000,0.000000,0.000000,0.000000,0.000000,0.000000,0.000000,0.000000,0.000000,0.000000,2.369759,0.000000,0.000000,0.000000,1.000000,0.000000,0.024147
29.886165,1,100628.000000,100629.000000,100628.000000,100631.000000,100631.000000,0.000000,0.000000,0.000000,0.000000,0.000000,299.010010,100630.968750,298.996063,0.000000,-46.109264,87.631325,-54.970463,0.002939,-0.000189,-0.029408,-0.000200,0.001711,0.000581,,0.000000,0.000000,0.000000,0.000000,0.000000,0.000000,0.000000,0.000000,0.000000,0.000000,0.000000,0.000000,0.000000,0.000000,0.000000,2.368675,0.000000,0.000000,0.000000,1.000000,0.000000,0.024533
29.909677,1,100629.000000,100628.000000,100631.000000,100634.000000,100634.000000,0.000000,0.000000,0.000000,0.000000,0.000000,299.010010,100630.968750,298.996063,0.000000,-46.085819,87.629417,-54.947201,-0.002330,0.003750,-0.041010,0.000908,0.000363,0.000724,,0.000000,0.000000,0.000000,0.000000,0.000000,0.000000,0.000000,0.000000,0.000000,0.000000,0.000000,0.000000,0.000000,0.000000,0.000000,2.370583,0.000000,0.000000,0.000000,1.000000,0.000000,0.023512
29.936229,1,100628.000000,100631.000000,100634.000000,100627.000000,100627.000000,0.000000,0.000000,0.000000,0.000000,0.000000,299.010010,100630.960938,298.996094,0.000000,-46.087730,87.628922,-54.949017,0.012494,-0.011107,-0.025211,-0.000930,0.002336,0.000677,,0.000000,0.000000,0.000000,0.000000,0.000000,0.000000,0.000000,0.000000,0.000000,0.000000,0.000000,0.000000,0.000000,0.000000,0.000000,2.371078,0.000000,0.000000,0.000000,1.000000,0.000000,0.026543
29.967728,1,100631.000000,100634.000000,100627.000000,100625.000000,100625.000000,0.000000,0.000000,0.000000,0.000000,0.000000,299.000000,100630.960938,298.996094,0.000000,-46.100288,87.629829,-54.962120,0.008825,-0.010424,-0.030262,0.000578,0.001874,0.000960,,0.000000,0.000000,0.000000,0.000000,0.000000,0.000000,0.000000,0.000000,0.000000,0.000000,0.000000,0.000000,0.000000,0.000000,0.000000,2.370171,0.000000,0.000000,0.000000,1.000000,0.000000,0.031490
29.992179,1,100634.000000,100627.000000,100625.000000,100627.000000,100627.000000,0.000000,0.000000,0.000000,0.000000,0.000000,299.010010,100630.953125,298.996124,0.000000,-46.112698,87.632057,-54.973804,0.001877,0.015150,-0.029131,-0.000408,0.002610,0.001012,,0.000000,0.000000,0.000000,0.000000,0.000000,0.000000,0.000000,0.000000,0.000000,0.000000,0.000000,0.000000,0.000000,0.000000,0.000000,2.367943,0.000000,0.000000,0.000000,1.000000,0.000000,0.024455
30.016687,1,100627.000000,100625.000000,100627.000000,100625.000000,100625.000000,0.000000,0.000000,0.000000,0.000000,0.000000,299.000000,100630.945312,298.996124,0.000000,-46.127121,87.632477,-54.986366,-0.006426,0.005774,-0.035131,-0.001092,0.000889,0.000056,,0.000000,0.000000,0.000000,0.000000,0.000000,0.000000,0.000000,0.000000,0.000000,0.000000,0.000000,0.000000,0.000000,0.000000,0.000000,2.367523,0.000000,0.000000,0.000000,1.000000,0.000000,0.024507
30.040234,1,100625.000000,100627.000000,100625.000000,100629.000000,100629.000000,0.000000,0.000000,0.000000,0.000000,0.000000,299.010010,100630.945312,298.996124,0.000000,-46.107452,87.631065,-54.966606,0.004406,-0.011278,-0.035997,0.000382,0.000649,0.000322,,0.000000,0.000000,0.000000,0.000000,0.000000,0.000000,0.000000,0.000000,0.000000,0.000000,0.000000,0.000000,0.000000,0.000000,0.000000,2.368935,0.000000,0.000000,0.000000,1.000000,0.000000,0.023539
30.069732,1,100627.000000,100625.000000,100629.000000,100626.000000,100626.000000,0.000000,0.000000,0.000000,0.000000,0.000000,299.000000,100630.937500,298.996124,0.000000,-46.079689,87.630325,-54.942162,0.001920,-0.006985,-0.031786,0.001881,0.001121,0.000571,,0.000000,0.000000,0.000000,0.000000,0.000000,0.000000,0.000000,0.000000,0.000000,0.000000,0.000000,0.000000,0.000000,0.000000,0.000000,2.369675,0.000000,0.000000,0.000000,1.000000,0.000000,0.029497
30.093638,1,100625.000000,100629.000000,100626.000000,100631.000000,100631.000000,0.000000,0.000000,0.000000,0.000000,0.000000,299.010010,100630.937500,298.996155,0.000000,-46.091106,87.630081,-54.953320,0.004784,0.001031,-0.050697,-0.000716,0.002044,0.000780,,0.000000,0.000000,0.000000,0.000000,0.000000,0.000000,0.000000,0.000000,0.000000,0.000000,0.000000,0.000000,0.000000,0.000000,0.000000,2.369919,0.000000,0.000000,0.000000,1.000000,0.000000,0.023908
30.117692,1,100629.000000,100626.000000,100631.000000,100629.000000,100629.000000,0.000000,0.000000,0.000000,0.000000,0.000000,299.010010,100630.937500,298.996155,0.000000,-46.124981,87.632309,-54.984085,-0.003722,0.010881,-0.033630,-0.001917,0.001579,0.000676,,0.000000,0.000000,0.000000,0.000000,0.000000,0.000000,0.000000,0.000000,0.000000,0.000000,0.000000,0.000000,0.000000,0.000000,0.000000,2.367691,0.000000,0.000000,0.000000,1.000000,0.000000,0.024053
30.142371,1,100626.000000,100631.000000,100629.000000,100634.000000,100634.000000,0.000000,0.000000,0.000000,0.000000,0.000000,299.010010,100630.937500,298.996185,0.000000,-46.141281,87.632309,-54.999115,0.010711,-0.005079,-0.032219,-0.001151,0.002130,0.001290,,0.000000,0.000000,0.000000,0.000000,0.000000,0.000000,0.000000,0.000000,0.000000,0.000000,0.000000,0.000000,0.000000,0.000000,0.000000,2.367691,0.000000,0.000000,0.000000,1.000000,0.000000,0.024684
30.171098,1,100631.000000,100629.000000,100634.000000,100629.000000,100629.000000,0.000000,0.000000,0.000000,0.000000,0.000000,299.010010,100630.937500,298.996216,0.000000,-46.110260,87.631653,-54.970612,0.011124,-0.004549,-0.033903,0.000499,0.001333,0.000790,,0.000000,0.000000,0.000000,0.000000,0.000000,0.000000,0.000000,0.000000,0.000000,0.000000,0.000000,0.000000,0.000000,0.000000,0.000000,2.368347,0.000000,0.000000,0.000000,1.000000,0.000000,0.028726
30.197680,1,100629.000000,100634.000000,100629.000000,100627.000000,100627.000000,0.000000,0.000000,0.000000,0.000000,0.000000,299.000000,100630.929688,298.996216,0.000000,-46.090958,87.630905,-54.952614,-0.012038,0.006221,-0.037787,0.000594,0.000685,0.000668,,0.000000,0.000000,0.000000,0.000000,0.000000,0.000000,0.000000,0.000000,0.000000,0.000000,0.000000,0.000000,0.000000,0.000000,0.000000,2.369095,0.000000,0.000000,0.000000,1.000000,0.000000,0.026588
30.221378,1,100634.000000,100629.000000,100627.000000,100634.000000,100634.000000,0.000000,0.000000,0.000000,0.000000,0.000000,299.010010,100630.937500,298.996216,0.000000,-46.082062,87.629417,-54.944122,-0.005908,0.002081,-0.045695,0.000688,-0.000384,0.000456,,0.000000,0.000000,0.000000,0.000000,0.000000,0.000000,0.000000,0.000000,0.000000,0.000000,0.000000,0.000000,0.000000,0.000000,0.000000,2.370583,0.000000,0.000000,0.000000,1.000000,0.000000,0.023698
30.254123,1,100629.000000,100627.000000,100634.000000,100629.000000,100629.000000,0.000000,0.000000,0.000000,0.000000,0.000000,299.000000,100630.929688,298.996216,0.000000,-46.118385,87.631569,-54.977692,0.003510,-0.009438,-0.025311,-0.000684,0.002468,0.000886,,0.000000,0.000000,0.000000,0.000000,0.000000,0.000000,0.000000,0.000000,0.000000,0.000000,0.000000,0.000000,0.000000,0.000000,0.000000,2.368431,0.000000,0.000000,0.000000,1.000000,0.000000,0.032776
30.287859,1,100627.000000,100634.000000,100629.000000,100629.000000,100629.000000,0.000000,0.000000,0.000000,0.000000,0.000000,298.989990,100630.929688,298.996216,0.000000,-46.126469,87.632805,-54.984528,0.005908,0.004683,-0.031467,-0.000693,0.002049,0.001214,,0.000000,0.000000,0.000000,0.000000,0.000000,0.000000,0.000000,0.000000,0.000000,0.000000,0.000000,0.000000,0.000000,0.000000,0.000000,2.367195,0.000000,0.000000,0.000000,1.000000,0.000000,0.033703
30.312173,1,100634.000000,100629.000000,100629.000000,100630.000000,100630.000000,0.000000,0.000000,0.000000,0.000000,0.000000,298.989990,100630.929688,298.996216,0.000000,-46.124470,87.632721,-54.983879,-0.004931,0.014439,-0.032599,0.000785,-0.000622,0.000022,,0.000000,0.000000,0.000000,0.000000,0.000000,0.000000,0.000000,0.000000,0.000000,0.000000,0.000000,0.000000,0.000000,0.000000,0.000000,2.367279,0.000000,0.000000,0.000000,1.000000,0.000000,0.024316
30.336691,1,100629.000000,100629.000000,100630.000000,100626.000000,100626.000000,0.000000,0.000000,0.000000,0.000000,0.000000,298.989990,100630.921875,298.996216,0.000000,-46.076756,87.629089,-54.939209,0.007787,-0.015619,-0.028126,0.001163,0.001059,0.001222,,0.000000,0.000000,0.000000,0.000000,0.000000,0.000000,0.000000,0.000000,0.000000,0.000000,0.000000,0.000000,0.000000,0.000000,0.000000,2.370911,0.000000,0.000000,0.000000,1.000000,0.000000,0.024500
30.368201,1,100629.000000,100630.000000,100626.000000,100631.000000,100631.000000,0.000000,0.000000,0.000000,0.000000,0.000000,298.989990,100630.921875,298.996185,0.000000,-46.092854,87.630905,-54.954327,-0.005454,-0.013729,-0.045495,-0.000118,0.002374,0.001426,,0.000000,0.000000,0.000000,0.000000,0.000000,0.000000,0.000000,0.000000,0.000000,0.000000,0.000000,0.000000,0.000000,0.000000,0.000000,2.369095,0.000000,0.000000,0.000000,1.000000,0.000000,0.031520
30.392297,1,100630.000000,100626.000000,100631.000000,100631.000000,100631.000000,0.000000,0.000000,0.000000,0.000000,0.000000,298.989990,100630.921875,298.996185,0.000000,-46.105839,87.632721,-54.967487,-0.011333,0.017675,-0.040173,-0.000713,0.001816,0.001550,,0.000000,0.000000,0.000000,0.000000,0.000000,0.000000,0.000000,0.000000,0.000000,0.000000,0.000000,0.000000,0.000000,0.000000,0.000000,2.367279,0.000000,0.000000,0.000000,1.000000,0.000000,0.024113
30.417783,1,100626.000000,100631.000000,100631.000000,100630.000000,100630.000000,0.000000,0.000000,0.000000,0.000000,0.000000,299.000000,100630.921875,298.996185,0.000000,-46.083801,87.631569,-54.945637,0.013535,0.002521,-0.036406,0.000590,0.000151,0.000236,,0.000000,0.000000,0.000000,0.000000,0.000000,0.000000,0.000000,0.000000,0.000000,0.000000,0.000000,0.000000,0.000000,0.000000,0.000000,2.368431,0.000000,0.000000,0.000000,1.000000,0.000000,0.025503
30.449262,1,100631.000000,100631.000000,100630.000000,100629.000000,100629.000000,0.000000,0.000000,0.000000,0.000000,0.000000,298.989990,100630.921875,298.996185,0.000000,-46.076504,87.630905,-54.937939,0.015839,-0.010768,-0.021513,0.000780,0.000760,0.000031,,0.000000,0.000000,0.000000,0.000000,0.000000,0.000000,0.000000,0.000000,0.000000,0.000000,0.000000,0.000000,0.000000,0.000000,0.000000,2.369095,0.000000,0.000000,0.000000,1.000000,0.000000,0.031457
30.485797,1,100631.000000,100630.000000,100629.000000,100629.000000,100629.000000,0.000000,0.000000,0.000000,0.000000,0.000000,298.980011,100630.921875,298.996155,0.000000,-46.064472,87.630577,-54.928886,-0.013482,-0.013234,-0.034376,0.000585,0.001460,0.001006,,0.000000,0.000000,0.000000,0.000000,0.000000,0.000000,0.000000,0.000000,0.000000,0.000000,0.000000,0.000000,0.000000,0.000000,0.000000,2.369423,0.000000,0.000000,0.000000,1.000000,0.000000,0.036505
30.509432,1,100630.000000,100629.000000,100629.000000,100626.000000,100626.000000,0.000000,0.000000,0.000000,0.000000,0.000000,298.980011,100630.914062,298.996155,0.000000,-46.103054,87.632561,-54.965187,-0.008745,0.011468,-0.042230,-0.000626,0.002127,0.000604,,0.000000,0.000000,0.000000,0.000000,0.000000,0.000000,0.000000,0.000000,0.000000,0.000000,0.000000,0.000000,0.000000,0.000000,0.000000,2.367439,0.000000,0.000000,0.000000,1.000000,0.000000,0.023645
30.538307,1,100629.000000,100629.000000,100626.000000,100628.000000,100628.000000,0.000000,0.000000,0.000000,0.000000,0.000000,298.980011,100630.906250,298.996124,0.000000,-46.089745,87.631401,-54.952854,0.011135,0.015747,-0.028187,-0.000067,0.001105,0.000385,,0.000000,0.000000,0.000000,0.000000,0.000000,0.000000,0.000000,0.000000,0.000000,0.000000,0.000000,0.000000,0.000000,0.000000,0.000000,2.368599,0.000000,0.000000,0.000000,1.000000,0.000000,0.028893
30.562190,1,100629.000000,100626.000000,100628.000000,100625.000000,100625.000000,0.000000,0.000000,0.000000,0.000000,0.000000,298.989990,100630.906250,298.996124,0.000000,-46.087154,87.630081,-54.951656,0.005682,0.003269,-0.029764,0.001333,0.001009,0.000273,,0.000000,0.000000,0.000000,0.000000,0.000000,0.000000,0.000000,0.000000,0.000000,0.000000,0.000000,0.000000,0.000000,0.000000,0.000000,2.369919,0.000000,0.000000,0.000000,1.000000,0.000000,0.023870
30.588163,1,100626.000000,100628.000000,100625.000000,100625.000000,100625.000000,0.000000,0.000000,0.000000,0.000000,0.000000,298.989990,100630.898438,298.996124,0.000000,-46.067993,87.629585,-54.934109,-0.016508,-0.002344,-0.048100,0.000623,0.001000,0.000838,,0.000000,0.000000,0.000000,0.000000,0.000000,0.000000,0.000000,0.000000,0.000000,0.000000,0.000000,0.000000,0.000000,0.000000,0.000000,2.370415,0.000000,0.000000,0.000000,1.000000,0.000000,0.025976
30.618136,1,100628.000000,100625.000000,100625.000000,100633.000000,100633.000000,0.000000,0.000000,0.000000,0.000000,0.000000,298.989990,100630.898438,298.996124,0.000000,-46.069778,87.629005,-54.935074,-0.016051,-0.002824,-0.026134,-0.000427,0.000652,0.000441,,0.000000,0.000000,0.000000,0.000000,0.000000,0.000000,0.000000,0.000000,0.000000,0.000000,0.000000,0.000000,0.000000,0.000000,0.000000,2.370995,0.000000,0.000000,0.000000,1.000000,0.000000,0.030006
30.647067,1,100625.000000,100625.000000,100633.000000,100634.000000,100634.000000,0.000000,0.000000,0.000000,0.000000,0.000000,298.980011,100630.898438,298.996094,0.000000,-46.085690,87.630821,-54.949146,0.016424,0.002879,-0.036135,-0.000920,0.002194,0.000991,,0.000000,0.000000,0.000000,0.000000,0.000000,0.000000,0.000000,0.000000,0.000000,0.000000,0.000000,0.000000,0.000000,0.000000,0.000000,2.369179,0.000000,0.000000,0.000000,1.000000,0.000000,0.028885
30.677804,1,100625.000000,100633.000000,100634.000000,100631.000000,100631.000000,0.000000,0.000000,0.000000,0.000000,0.000000,298.980011,100630.898438,298.996063,0.000000,-46.071213,87.630905,-54.935863,0.012097,0.010746,-0.040904,0.000194,0.000215,0.001126,,0.000000,0.000000,0.000000,0.000000,0.000000,0.000000,0.000000,0.000000,0.000000,0.000000,0.000000,0.000000,0.000000,0.000000,0.000000,2.369095,0.000000,0.000000,0.000000,1.000000,0.000000,0.030750
30.704902,1,100633.000000,100634.000000,100631.000000,100631.000000,100631.000000,0.000000,0.000000,0.000000,0.000000,0.000000,298.980011,100630.898438,298.996063,0.000000,-46.043911,87.628586,-54.911449,-0.017114,-0.011801,-0.029200,0.001116,0.000278,0.000137,,0.000000,0.000000,0.000000,0.000000,0.000000,0.000000,0.000000,0.000000,0.000000,0.000000,0.000000,0.000000,0.000000,0.000000,0.000000,2.371414,0.000000,0.000000,0.000000,1.000000,0.000000,0.027105
30.738219,1,100634.000000,100631.000000,100631.000000,100629.000000,100629.000000,0.000000,0.000000,0.000000,0.000000,0.000000,298.970001,100630.898438,298.996033,0.000000,-46.074379,87.629913,-54.940109,-0.005202,-0.012541,-0.024938,-0.000040,0.002284,0.000311,,0.000000,0.000000,0.000000,0.000000,0.000000,0.000000,0.000000,0.000000,0.000000,0.000000,0.000000,0.000000,0.000000,0.000000,0.000000,2.370087,0.000000,0.000000,0.000000,1.000000,0.000000,0.033340
30.771619,1,100631.000000,100631.000000,100629.000000,100625.000000,100625.000000,0.000000,0.000000,0.000000,0.000000,0.000000,298.970001,100630.890625,298.996002,0.000000,-46.073792,87.631233,-54.940205,0.005426,-0.003352,-0.031773,-0.000836,0.002989,0.001257,,0.000000,0.000000,0.000000,0.000000,0.000000,0.000000,0.000000,0.000000,0.000000,0.000000,0.000000,0.000000,0.000000,0.000000,0.000000,2.368767,0.000000,0.000000,0.000000,1.000000,0.000000,0.033372
30.795107,1,100631.000000,100629.000000,100625.000000,100632.000000,100632.000000,0.000000,0.000000,0.000000,0.000000,0.000000,298.970001,100630.890625,298.995972,0.000000,-46.099781,87.633385,-54.964954,0.000630,0.019483,-0.029386,0.000590,0.001461,0.000695,,0.000000,0.000000,0.000000,0.000000,0.000000,0.000000,0.000000,0.000000,0.000000,0.000000,0.000000,0.000000,0.000000,0.000000,0.000000,2.366615,0.000000,0.000000,0.000000,1.000000,0.000000,0.023522
30.818570,1,100629.000000,100625.000000,100632.000000,100630.000000,100630.000000,0.000000,0.000000,0.000000,0.000000,0.000000,298.980011,100630.890625,298.995941,0.000000,-46.037666,87.629417,-54.906391,0.001680,-0.015512,-0.029875,0.001149,-0.000216,0.000090,,0.000000,0.000000,0.000000,0.000000,0.000000,0.000000,0.000000,0.000000,0.000000,0.000000,0.000000,0.000000,0.000000,0.000000,0.000000,2.370583,0.000000,0.000000,0.000000,1.000000,0.000000,0.023474
30.844011,1,100625.000000,100632.000000,100630.000000,100631.000000,100631.000000,0.000000,0.000000,0.000000,0.000000,0.000000,298.980011,100630.890625,298.995941,0.000000,-46.042591,87.629417,-54.912350,-0.000476,-0.027254,-0.032372,0.000378,0.000591,0.000974,,0.000000,0.000000,0.000000,0.000000,0.000000,0.000000,0.000000,0.000000,0.000000,0.000000,0.000000,0.000000,0.000000,0.000000,0.000000,2.370583,0.000000,0.000000,0.000000,1.000000,0.000000,0.025446
30.874106,1,100632.000000,100630.000000,100631.000000,100634.000000,100634.000000,0.000000,0.000000,0.000000,0.000000,0.000000,298.980011,100630.898438,298.995911,0.000000,-46.012074,87.628922,-54.883808,0.002901,0.013800,-0.027543,0.000325,0.002098,0.001280,,0.000000,0.000000,0.000000,0.000000,0.000000,0.000000,0.000000,0.000000,0.000000,0.000000,0.000000,0.000000,0.000000,0.000000,0.000000,2.371078,0.000000,0.000000,0.000000,1.000000,0.000000,0.030092
30.898162,1,100630.000000,100631.000000,100634.000000,100626.000000,100626.000000,0.000000,0.000000,0.000000,0.000000,0.000000,298.980011,100630.890625,298.995880,0.000000,-46.027348,87.630157,-54.897736,0.005323,0.015068,-0.039057,-0.001548,0.002283,0.001035,,0.000000,0.000000,0.000000,0.000000,0.000000,0.000000,0.000000,0.000000,0.000000,0.000000,0.000000,0.000000,0.000000,0.000000,0.000000,2.369843,0.000000,0.000000,0.000000,1.000000,0.000000,0.024015
30.921758,1,100631.000000,100634.000000,100626.000000,100631.000000,100631.000000,0.000000,0.000000,0.000000,0.000000,0.000000,298.989990,100630.890625,298.995880,0.000000,-46.043457,87.631065,-54.912346,0.004502,0.002015,-0.015434,0.000379,0.001304,0.000661,,0.000000,0.000000,0.000000,0.000000,0.000000,0.000000,0.000000,0.000000,0.000000,0.000000,0.000000,0.000000,0.000000,0.000000,0.000000,2.368935,0.000000,0.000000,0.000000,1.000000,0.000000,0.023600
30.949778,1,100634.000000,100626.000000,100631.000000,100628.000000,100628.000000,0.000000,0.000000,0.000000,0.000000,0.000000,298.989990,100630.890625,298.995880,0.000000,-46.052063,87.631065,-54.922371,-0.008753,-0.017980,-0.038784,0.001797,0.000068,0.000091,,0.000000,0.000000,0.000000,0.000000,0.000000,0.000000,0.000000,0.000000,0.000000,0.000000,0.000000,0.000000,0.000000,0.000000,0.000000,2.368935,0.000000,0.000000,0.000000,1.000000,0.000000,0.028018
30.974056,1,100626.000000,100631.000000,100628.000000,100629.000000,100629.000000,0.000000,0.000000,0.000000,0.000000,0.000000,298.989990,100630.882812,298.995880,0.000000,-46.035255,87.629417,-54.907837,-0.015918,-0.003576,-0.032678,0.001003,0.000669,0.000338,,0.000000,0.000000,0.000000,0.000000,0.000000,0.000000,0.000000,0.000000,0.000000,0.000000,0.000000,0.000000,0.000000,0.000000,0.000000,2.370583,0.000000,0.000000,0.000000,1.000000,0.000000,0.024272
30.997799,1,100631.000000,100628.000000,100629.000000,100626.000000,100626.000000,0.000000,0.000000,0.000000,0.000000,0.000000,298.989990,100630.882812,298.995850,0.000000,-46.034981,87.630081,-54.906551,0.010248,0.010477,-0.036427,-0.001261,0.001787,0.001222,,0.000000,0.000000,0.000000,0.000000,0.000000,0.000000,0.000000,0.000000,0.000000,0.000000,0.000000,0.000000,0.000000,0.000000,0.000000,2.369919,0.000000,0.000000,0.000000,1.000000,0.000000,0.023745
31.021842,1,100628.000000,100629.000000,100626.000000,100628.000000,100628.000000,0.000000,0.000000,0.000000,0.000000,0.000000,299.000000,100630.875000,298.995880,0.000000,-46.060097,87.631897,-54.930901,0.015562,0.016398,-0.030237,0.000658,0.001154,0.001045,,0.000000,0.000000,0.000000,0.000000,0.000000,0.000000,0.000000,0.000000,0.000000,0.000000,0.000000,0.000000,0.000000,0.000000,0.000000,2.368103,0.000000,0.000000,0.000000,1.000000,0.000000,0.024051
31.045829,1,100629.000000,100626.000000,100628.000000,100626.000000,100626.000000,0.000000,0.000000,0.000000,0.000000,0.000000,299.000000,100630.875000,298.995880,0.000000,-46.055077,87.632233,-54.926556,-0.001842,-0.009766,-0.024589,0.000155,0.001733,0.000572,,0.000000,0.000000,0.000000,0.000000,0.000000,0.000000,0.000000,0.000000,0.000000,0.000000,0.000000,0.000000,0.000000,0.000000,0.000000,2.367767,0.000000,0.000000,0.000000,1.000000,0.000000,0.023982
31.071332,1,100626.000000,100628.000000,100626.000000,100628.000000,100628.000000,0.000000,0.000000,0.000000,0.000000,0.000000,299.000000,100630.867188,298.995880,0.000000,-46.044830,87.630493,-54.918079,-0.011112,-0.007199,-0.032074,0.001443,0.000490,0.000344,,0.000000,0.000000,0.000000,0.000000,0.000000,0.000000,0.000000,0.000000,0.000000,0.000000,0.000000,0.000000,0.000000,0.000000,0.000000,2.369507,0.000000,0.000000,0.000000,1.000000,0.000000,0.025496
31.096695,1,100628.000000,100626.000000,100628.000000,100632.000000,100632.000000,0.000000,0.000000,0.000000,0.000000,0.000000,299.000000,100630.867188,298.995880,0.000000,-46.043114,87.630081,-54.916939,0.001221,-0.011892,-0.033917,-0.000690,0.001930,0.000626,,0.000000,0.000000,0.000000,0.000000,0.000000,0.000000,0.000000,0.000000,0.000000,0.000000,0.000000,0.000000,0.000000,0.000000,0.000000,2.369919,0.000000,0.000000,0.000000,1.000000,0.000000,0.025345
31.120213,1,100626.000000,100628.000000,100632.000000,100630.000000,100630.000000,0.000000,0.000000,0.000000,0.000000,0.000000,299.000000,100630.867188,298.995880,0.000000,-46.043240,87.630493,-54.918312,0.019477,0.011042,-0.037218,-0.000149,0.001795,0.000834,,0.000000,0.000000,0.000000,0.000000,0.000000,0.000000,0.000000,0.000000,0.000000,0.000000,0.000000,0.000000,0.000000,0.000000,0.000000,2.369507,0.000000,0.000000,0.000000,1.000000,0.000000,0.023537
31.144239,1,100628.000000,100632.000000,100630.000000,100629.000000,100629.000000,0.000000,0.000000,0.000000,0.000000,0.000000,299.010010,100630.867188,298.995911,0.000000,-46.075642,87.631569,-54.949085,0.012050,0.020657,-0.037786,-0.000906,0.001666,0.000819,,0.000000,0.000000,0.000000,0.000000,0.000000,0.000000,0.000000,0.000000,0.000000,0.000000,0.000000,0.000000,0.000000,0.000000,0.000000,2.368431,0.000000,0.000000,0.000000,1.000000,0.000000,0.024023
31.171458,1,100632.000000,100630.000000,100629.000000,100624.000000,100624.000000,0.000000,0.000000,0.000000,0.000000,0.000000,299.000000,100630.859375,298.995911,0.000000,-46.077415,87.632393,-54.949677,-0.014634,-0.008255,-0.042294,0.000985,0.000132,-0.000126,,0.000000,0.000000,0.000000,0.000000,0.000000,0.000000,0.000000,0.000000,0.000000,0.000000,0.000000,0.000000,0.000000,0.000000,0.000000,2.367607,0.000000,0.000000,0.000000,1.000000,0.000000,0.027224
31.195844,1,100630.000000,100629.000000,100624.000000,100631.000000,100631.000000,0.000000,0.000000,0.000000,0.000000,0.000000,299.010010,100630.859375,298.995911,0.000000,-46.069870,87.630661,-54.943214,-0.023679,-0.024997,-0.021412,0.000789,0.000017,0.000464,,0.000000,0.000000,0.000000,0.000000,0.000000,0.000000,0.000000,0.000000,0.000000,0.000000,0.000000,0.000000,0.000000,0.000000,0.000000,2.369339,0.000000,0.000000,0.000000,1.000000,0.000000,0.024369
31.220327,1,100629.000000,100624.000000,100631.000000,100629.000000,100629.000000,0.000000,0.000000,0.000000,0.000000,0.000000,299.010010,100630.859375,298.995941,0.000000,-46.037388,87.629829,-54.915146,-0.001726,-0.021019,-0.033363,0.001061,0.000750,0.000466,,0.000000,0.000000,0.000000,0.000000,0.000000,0.000000,0.000000,0.000000,0.000000,0.000000,0.000000,0.000000,0.000000,0.000000,0.000000,2.370171,0.000000,0.000000,0.000000,1.000000,0.000000,0.024526
31.250116,1,100624.000000,100631.000000,100629.000000,100629.000000,100629.000000,0.000000,0.000000,0.000000,0.000000,0.000000,299.000000,100630.851562,298.995941,0.000000,-46.044449,87.631149,-54.921425,0.009264,0.029865,-0.037416,-0.000366,0.001471,0.001286,,0.000000,0.000000,0.000000,0.000000,0.000000,0.000000,0.000000,0.000000,0.000000,0.000000,0.000000,0.000000,0.000000,0.000000,0.000000,2.368851,0.000000,0.000000,0.000000,1.000000,0.000000,0.029802
31.274111,1,100631.000000,100629.000000,100629.000000,100630.000000,100630.000000,0.000000,0.000000,0.000000,0.000000,0.000000,299.010010,100630.851562,298.995972,0.000000,-46.050251,87.632561,-54.926487,0.015840,0.030274,-0.034031,-0.000062,0.002448,0.000820,,0.000000,0.000000,0.000000,0.000000,0.000000,0.000000,0.000000,0.000000,0.000000,0.000000,0.000000,0.000000,0.000000,0.000000,0.000000,2.367439,0.000000,0.000000,0.000000,1.000000,0.000000,0.024000
31.299553,1,100629.000000,100629.000000,100630.000000,100630.000000,100630.000000,0.000000,0.000000,0.000000,0.000000,0.000000,299.000000,100630.851562,298.995972,0.000000,-46.059956,87.633057,-54.935890,0.001609,-0.013653,-0.037787,0.000064,0.001385,0.000596,,0.000000,0.000000,0.000000,0.000000,0.000000,0.000000,0.000000,0.000000,0.000000,0.000000,0.000000,0.000000,0.000000,0.000000,0.000000,2.366943,0.000000,0.000000,0.000000,1.000000,0.000000,0.025445
31.324963,1,100629.000000,100630.000000,100630.000000,100626.000000,100626.000000,0.000000,0.000000,0.000000,0.000000,0.000000,299.010010,100630.851562,298.995972,0.000000,-46.060150,87.632393,-54.936703,-0.026301,-0.018526,-0.033468,0.001010,0.000372,0.000165,,0.000000,0.000000,0.000000,0.000000,0.000000,0.000000,0.000000,0.000000,0.000000,0.000000,0.000000,0.000000,0.000000,0.000000,0.000000,2.367607,0.000000,0.000000,0.000000,1.000000,0.000000,0.025360
31.358144,1,100630.000000,100630.000000,100626.000000,100630.000000,100630.000000,0.000000,0.000000,0.000000,0.000000,0.000000,299.000000,100630.843750,298.995972,0.000000,-46.021549,87.630661,-54.900856,-0.010341,-0.005571,-0.042740,0.001310,0.000394,0.000238,,0.000000,0.000000,0.000000,0.000000,0.000000,0.000000,0.000000,0.000000,0.000000,0.000000,0.000000,0.000000,0.000000,0.000000,0.000000,2.369339,0.000000,0.000000,0.000000,1.000000,0.000000,0.033199
31.381857,1,100630.000000,100626.000000,100630.000000,100631.000000,100631.000000,0.000000,0.000000,0.000000,0.000000,0.000000,299.000000,100630.843750,298.996002,0.000000,-46.007751,87.629501,-54.888260,0.004583,0.019347,-0.024492,0.001450,-0.000547,-0.000064,,0.000000,0.000000,0.000000,0.000000,0.000000,0.000000,0.000000,0.000000,0.000000,0.000000,0.000000,0.000000,0.000000,0.000000,0.000000,2.370499,0.000000,0.000000,0.000000,1.000000,0.000000,0.023699
31.405506,1,100626.000000,100630.000000,100631.000000,100628.000000,100628.000000,0.000000,0.000000,0.000000,0.000000,0.000000,299.000000,100630.843750,298.996002,0.000000,-46.046745,87.631065,-54.924980,0.022869,0.020459,-0.027185,-0.000970,0.001487,0.000350,,0.000000,0.000000,0.000000,0.000000,0.000000,0.000000,0.000000,0.000000,0.000000,0.000000,0.000000,0.000000,0.000000,0.000000,0.000000,2.368935,0.000000,0.000000,0.000000,1.000000,0.000000,0.023656
31.429875,1,100630.000000,100631.000000,100628.000000,100632.000000,100632.000000,0.000000,0.000000,0.000000,0.000000,0.000000,299.000000,100630.843750,298.996002,0.000000,-46.050426,87.631485,-54.928032,-0.000302,-0.009972,-0.030602,-0.000078,0.001083,0.000785,,0.000000,0.000000,0.000000,0.000000,0.000000,0.000000,0.000000,0.000000,0.000000,0.000000,0.000000,0.000000,0.000000,0.000000,0.000000,2.368515,0.000000,0.000000,0.000000,1.000000,0.000000,0.024364
31.455556,1,100631.000000,100628.000000,100632.000000,100627.000000,100627.000000,0.000000,0.000000,0.000000,0.000000,0.000000,299.010010,100630.843750,298.996002,0.000000,-46.063690,87.631813,-54.940689,-0.023298,-0.027372,-0.024744,-0.001692,0.003260,0.000585,,0.000000,0.000000,0.000000,0.000000,0.000000,0.000000,0.000000,0.000000,0.000000,0.000000,0.000000,0.000000,0.000000,0.000000,0.000000,2.368187,0.000000,0.000000,0.000000,1.000000,0.000000,0.025684
31.480345,1,100628.000000,100632.000000,100627.000000,100631.000000,100631.000000,0.000000,0.000000,0.000000,0.000000,0.000000,299.010010,100630.843750,298.996033,0.000000,-46.038448,87.629753,-54.916897,-0.007161,0.013443,-0.030565,0.001012,0.000452,0.000347,,0.000000,0.000000,0.000000,0.000000,0.000000,0.000000,0.000000,0.000000,0.000000,0.000000,0.000000,0.000000,0.000000,0.000000,0.000000,2.370247,0.000000,0.000000,0.000000,1.000000,0.000000,0.024759
31.504972,1,100632.000000,100627.000000,100631.000000,100627.000000,100627.000000,0.000000,0.000000,0.000000,0.000000,0.000000,299.010010,100630.835938,298.996033,0.000000,-46.030968,87.629829,-54.911339,0.023699,0.009655,-0.036413,0.001046,0.001501,0.000379,,0.000000,0.000000,0.000000,0.000000,0.000000,0.000000,0.000000,0.000000,0.000000,0.000000,0.000000,0.000000,0.000000,0.000000,0.000000,2.370171,0.000000,0.000000,0.000000,1.000000,0.000000,0.024634
31.537464,1,100627.000000,100631.000000,100627.000000,100627.000000,100627.000000,0.000000,0.000000,0.000000,0.000000,0.000000,299.000000,100630.835938,298.996063,0.000000,-46.044750,87.631653,-54.925331,0.020046,0.023988,-0.031677,-0.001141,0.003446,0.001313,,0.000000,0.000000,0.000000,0.000000,0.000000,0.000000,0.000000,0.000000,0.000000,0.000000,0.000000,0.000000,0.000000,0.000000,0.000000,2.368347,0.000000,0.000000,0.000000,1.000000,0.000000,0.032506
31.569602,1,100631.000000,100627.000000,100627.000000,100630.000000,100630.000000,0.000000,0.000000,0.000000,0.000000,0.000000,298.989990,100630.828125,298.996033,0.000000,-46.098743,87.633057,-54.977573,-0.013716,0.011628,-0.038685,-0.000504,0.002130,0.000348,,0.000000,0.000000,0.000000,0.000000,0.000000,0.000000,0.000000,0.000000,0.000000,0.000000,0.000000,0.000000,0.000000,0.000000,0.000000,2.366943,0.000000,0.000000,0.000000,1.000000,0.000000,0.032136
31.593550,1,100627.000000,100627.000000,100630.000000,100623.000000,100623.000000,0.000000,0.000000,0.000000,0.000000,0.000000,298.989990,100630.820312,298.996033,0.000000,-46.052078,87.628845,-54.933704,-0.010015,-0.032701,-0.030260,0.002233,-0.000369,-0.000065,,0.000000,0.000000,0.000000,0.000000,0.000000,0.000000,0.000000,0.000000,0.000000,0.000000,0.000000,0.000000,0.000000,0.000000,0.000000,2.371155,0.000000,0.000000,0.000000,1.000000,0.000000,0.023952
31.617143,1,100627.000000,100630.000000,100623.000000,100631.000000,100631.000000,0.000000,0.000000,0.000000,0.000000,0.000000,299.000000,100630.820312,298.996033,0.000000,-46.044308,87.628510,-54.927189,0.018074,0.005794,-0.025379,0.000841,0.000501,0.000864,,0.000000,0.000000,0.000000,0.000000,0.000000,0.000000,0.000000,0.000000,0.000000,0.000000,0.000000,0.000000,0.000000,0.000000,0.000000,2.371490,0.000000,0.000000,0.000000,1.000000,0.000000,0.023587
31.641583,1,100630.000000,100623.000000,100631.000000,100633.000000,100633.000000,0.000000,0.000000,0.000000,0.000000,0.000000,299.000000,100630.828125,298.996033,0.000000,-46.048195,87.629417,-54.930851,0.013542,0.014384,-0.043579,-0.000558,0.001905,0.000887,,0.000000,0.000000,0.000000,0.000000,0.000000,0.000000,0.000000,0.000000,0.000000,0.000000,0.000000,0.000000,0.000000,0.000000,0.000000,2.370583,0.000000,0.000000,0.000000,1.000000,0.000000,0.024447
31.669940,1,100623.000000,100631.000000,100633.000000,100631.000000,100631.000000,0.000000,0.000000,0.000000,0.000000,0.000000,299.000000,100630.828125,298.996063,0.000000,-46.048038,87.629669,-54.931168,0.002996,-0.001113,-0.029863,-0.000748,0.002337,0.001272,,0.000000,0.000000,0.000000,0.000000,0.000000,0.000000,0.000000,0.000000,0.000000,0.000000,0.000000,0.000000,0.000000,0.000000,0.000000,2.370331,0.000000,0.000000,0.000000,1.000000,0.000000,0.028339
31.693488,1,100631.000000,100633.000000,100631.000000,100630.000000,100630.000000,0.000000,0.000000,0.000000,0.000000,0.000000,299.000000,100630.828125,298.996063,0.000000,-46.066635,87.630989,-54.948063,-0.010881,-0.022878,-0.033596,-0.000278,0.001992,0.000873,,0.000000,0.000000,0.000000,0.000000,0.000000,0.000000,0.000000,0.000000,0.000000,0.000000,0.000000,0.000000,0.000000,0.000000,0.000000,2.369011,0.000000,0.000000,0.000000,1.000000,0.000000,0.023562
31.717932,1,100633.000000,100631.000000,100630.000000,100628.000000,100628.000000,0.000000,0.000000,0.000000,0.000000,0.000000,299.000000,100630.820312,298.996063,0.000000,-46.037178,87.629089,-54.921768,-0.015531,-0.014372,-0.031391,0.001528,0.000523,0.000243,,0.000000,0.000000,0.000000,0.000000,0.000000,0.000000,0.000000,0.000000,0.000000,0.000000,0.000000,0.000000,0.000000,0.000000,0.000000,2.370911,0.000000,0.000000,0.000000,1.000000,0.000000,0.024452
31.741605,1,100631.000000,100630.000000,100628.000000,100632.000000,100632.000000,0.000000,0.000000,0.000000,0.000000,0.000000,299.010010,100630.820312,298.996063,0.000000,-46.053806,87.629913,-54.937977,-0.001024,0.001384,-0.037022,-0.001487,0.002962,0.000608,,0.000000,0.000000,0.000000,0.000000,0.000000,0.000000,0.000000,0.000000,0.000000,0.000000,0.000000,0.000000,0.000000,0.000000,0.000000,2.370087,0.000000,0.000000,0.000000,1.000000,0.000000,0.023674
31.765908,1,100630.000000,100628.000000,100632.000000,100630.000000,100630.000000,0.000000,0.000000,0.000000,0.000000,0.000000,299.010010,100630.820312,298.996094,0.000000,-46.095436,87.631065,-54.979015,0.012514,0.025900,-0.034557,-0.000459,0.002364,0.000499,,0.000000,0.000000,0.000000,0.000000,0.000000,0.000000,0.000000,0.000000,0.000000,0.000000,0.000000,0.000000,0.000000,0.000000,0.000000,2.368935,0.000000,0.000000,0.000000,1.000000,0.000000,0.024308
31.789420,1,100628.000000,100632.000000,100630.000000,100626.000000,100626.000000,0.000000,0.000000,0.000000,0.000000,0.000000,299.010010,100630.820312,298.996094,0.000000,-46.098854,87.632233,-54.981480,0.010399,0.012305,-0.034193,-0.001138,0.001972,0.000556,,0.000000,0.000000,0.000000,0.000000,0.000000,0.000000,0.000000,0.000000,0.000000,0.000000,0.000000,0.000000,0.000000,0.000000,0.000000,2.367767,0.000000,0.000000,0.000000,1.000000,0.000000,0.023502
31.813931,1,100632.000000,100630.000000,100626.000000,100624.000000,100624.000000,0.000000,0.000000,0.000000,0.000000,0.000000,299.010010,100630.812500,298.996124,0.000000,-46.092812,87.631729,-54.975372,-0.000011,-0.020796,-0.028542,-0.000137,0.000866,0.000825,,0.000000,0.000000,0.000000,0.000000,0.000000,0.000000,0.000000,0.000000,0.000000,0.000000,0.000000,0.000000,0.000000,0.000000,0.000000,2.368271,0.000000,0.000000,0.000000,1.000000,0.000000,0.024516
31.839214,1,100630.000000,100626.000000,100624.000000,100630.000000,100630.000000,0.000000,0.000000,0.000000,0.000000,0.000000,299.010010,100630.804688,298.996124,0.000000,-46.094269,87.631897,-54.978939,0.002648,-0.015776,-0.034295,0.001581,0.000786,0.000651,,0.000000,0.000000,0.000000,0.000000,0.000000,0.000000,0.000000,0.000000,0.000000,0.000000,0.000000,0.000000,0.000000,0.000000,0.000000,2.368103,0.000000,0.000000,0.000000,1.000000,0.000000,0.025278
31.872575,1,100626.000000,100624.000000,100630.000000,100633.000000,100633.000000,0.000000,0.000000,0.000000,0.000000,0.000000,299.000000,100630.812500,298.996124,0.000000,-46.066719,87.629669,-54.953243,0.005304,0.008012,-0.026049,0.001189,0.000309,0.000058,,0.000000,0.000000,0.000000,0.000000,0.000000,0.000000,0.000000,0.000000,0.000000,0.000000,0.000000,0.000000,0.000000,0.000000,0.000000,2.370331,0.000000,0.000000,0.000000,1.000000,0.000000,0.033365
31.897042,1,100624.000000,100630.000000,100633.000000,100632.000000,100632.000000,0.000000,0.000000,0.000000,0.000000,0.000000,299.000000,100630.812500,298.996155,0.000000,-46.052521,87.629089,-54.941113,0.013175,0.014093,-0.034748,-0.000153,0.000727,0.000707,,0.000000,0.000000,0.000000,0.000000,0.000000,0.000000,0.000000,0.000000,0.000000,0.000000,0.000000,0.000000,0.000000,0.000000,0.000000,2.370911,0.000000,0.000000,0.000000,1.000000,0.000000,0.024468
31.921531,1,100630.000000,100633.000000,100632.000000,100633.000000,100633.000000,0.000000,0.000000,0.000000,0.000000,0.000000,299.010010,100630.812500,298.996155,0.000000,-46.113380,87.631401,-54.999382,0.006057,0.003116,-0.035990,-0.001303,0.002880,0.000398,,0.000000,0.000000,0.000000,0.000000,0.000000,0.000000,0.000000,0.000000,0.000000,0.000000,0.000000,0.000000,0.000000,0.000000,0.000000,2.368599,0.000000,0.000000,0.000000,1.000000,0.000000,0.024489
31.953044,1,100633.000000,100632.000000,100633.000000,100630.000000,100630.000000,0.000000,0.000000,0.000000,0.000000,0.000000,299.000000,100630.812500,298.996155,0.000000,-46.114788,87.632141,-55.001850,-0.018156,-0.005773,-0.043106,0.002317,-0.000299,-0.000076,,0.000000,0.000000,0.000000,0.000000,0.000000,0.000000,0.000000,0.000000,0.000000,0.000000,0.000000,0.000000,0.000000,0.000000,0.000000,2.367859,0.000000,0.000000,0.000000,1.000000,0.000000,0.031515
31.977197,1,100632.000000,100633.000000,100630.000000,100631.000000,100631.000000,0.000000,0.000000,0.000000,0.000000,0.000000,299.000000,100630.812500,298.996155,0.000000,-46.094196,87.631401,-54.982239,-0.012760,0.000479,-0.033964,0.000706,0.001564,0.001189,,0.000000,0.000000,0.000000,0.000000,0.000000,0.000000,0.000000,0.000000,0.000000,0.000000,0.000000,0.000000,0.000000,0.000000,0.000000,2.368599,0.000000,0.000000,0.000000,1.000000,0.000000,0.024147
32.001720,1,100633.000000,100630.000000,100631.000000,100624.000000,100624.000000,0.000000,0.000000,0.000000,0.000000,0.000000,299.000000,100630.804688,298.996185,0.000000,-46.052799,87.628677,-54.943810,0.007221,0.008194,-0.033978,0.001190,0.000072,0.000256,,0.000000,0.000000,0.000000,0.000000,0.000000,0.000000,0.000000,0.000000,0.000000,0.000000,0.000000,0.000000,0.000000,0.000000,0.000000,2.371323,0.000000,0.000000,0.000000,1.000000,0.000000,0.024525
32.025229,1,100630.000000,100631.000000,100624.000000,100624.000000,100624.000000,0.000000,0.000000,0.000000,0.000000,0.000000,299.010010,100630.796875,298.996185,0.000000,-46.069889,87.629333,-54.960762,0.017607,0.005338,-0.035238,-0.001012,0.001526,0.000831,,0.000000,0.000000,0.000000,0.000000,0.000000,0.000000,0.000000,0.000000,0.000000,0.000000,0.000000,0.000000,0.000000,0.000000,0.000000,2.370667,0.000000,0.000000,0.000000,1.000000,0.000000,0.023511
32.053949,1,100631.000000,100624.000000,100624.000000,100622.000000,100622.000000,0.000000,0.000000,0.000000,0.000000,0.000000,299.000000,100630.789062,298.996185,0.000000,-46.094719,87.631485,-54.984203,0.006179,0.004887,-0.033629,-0.001379,0.002774,0.000652,,0.000000,0.000000,0.000000,0.000000,0.000000,0.000000,0.000000,0.000000,0.000000,0.000000,0.000000,0.000000,0.000000,0.000000,0.000000,2.368515,0.000000,0.000000,0.000000,1.000000,0.000000,0.028721
32.086143,1,100624.000000,100624.000000,100622.000000,100626.000000,100626.000000,0.000000,0.000000,0.000000,0.000000,0.000000,298.989990,100630.781250,298.996185,0.000000,-46.097820,87.631897,-54.986500,-0.010430,-0.009848,-0.032617,-0.000805,0.002073,0.000990,,0.000000,0.000000,0.000000,0.000000,0.000000,0.000000,0.000000,0.000000,0.000000,0.000000,0.000000,0.000000,0.000000,0.000000,0.000000,2.368103,0.000000,0.000000,0.000000,1.000000,0.000000,0.032204
32.114114,1,100624.000000,100622.000000,100626.000000,100628.000000,100628.000000,0.000000,0.000000,0.000000,0.000000,0.000000,298.989990,100630.781250,298.996185,0.000000,-46.100704,87.632393,-54.989906,-0.006702,-0.005807,-0.031862,0.000192,0.000572,0.000700,,0.000000,0.000000,0.000000,0.000000,0.000000,0.000000,0.000000,0.000000,0.000000,0.000000,0.000000,0.000000,0.000000,0.000000,0.000000,2.367607,0.000000,0.000000,0.000000,1.000000,0.000000,0.027993
32.150134,1,100622.000000,100626.000000,100628.000000,100625.000000,100625.000000,0.000000,0.000000,0.000000,0.000000,0.000000,298.980011,100630.773438,298.996155,0.000000,-46.086781,87.630989,-54.978321,0.010507,0.019039,-0.034914,0.000004,0.001057,0.000795,,0.000000,0.000000,0.000000,0.000000,0.000000,0.000000,0.000000,0.000000,0.000000,0.000000,0.000000,0.000000,0.000000,0.000000,0.000000,2.369011,0.000000,0.000000,0.000000,1.000000,0.000000,0.036003
32.181997,1,100626.000000,100628.000000,100625.000000,100627.000000,100627.000000,0.000000,0.000000,0.000000,0.000000,0.000000,298.980011,100630.773438,298.996155,0.000000,-46.106503,87.632057,-54.995853,0.008132,0.009020,-0.037394,-0.000753,0.002091,0.000994,,0.000000,0.000000,0.000000,0.000000,0.000000,0.000000,0.000000,0.000000,0.000000,0.000000,0.000000,0.000000,0.000000,0.000000,0.000000,2.367943,0.000000,0.000000,0.000000,1.000000,0.000000,0.031827
32.206239,1,100628.000000,100625.000000,100627.000000,100628.000000,100628.000000,0.000000,0.000000,0.000000,0.000000,0.000000,298.980011,100630.765625,298.996124,0.000000,-46.119415,87.632057,-55.007877,-0.015346,-0.012332,-0.029888,-0.000254,0.001215,0.000590,,0.000000,0.000000,0.000000,0.000000,0.000000,0.000000,0.000000,0.000000,0.000000,0.000000,0.000000,0.000000,0.000000,0.000000,0.000000,2.367943,0.000000,0.000000,0.000000,1.000000,0.000000,0.024226
32.230021,1,100625.000000,100627.000000,100628.000000,100630.000000,100630.000000,0.000000,0.000000,0.000000,0.000000,0.000000,298.989990,100630.765625,298.996124,0.000000,-46.101429,87.629913,-54.993290,-0.005732,-0.008204,-0.025701,0.000748,-0.000166,0.000589,,0.000000,0.000000,0.000000,0.000000,0.000000,0.000000,0.000000,0.000000,0.000000,0.000000,0.000000,0.000000,0.000000,0.000000,0.000000,2.370087,0.000000,0.000000,0.000000,1.000000,0.000000,0.023805
32.256257,1,100627.000000,100628.000000,100630.000000,100626.000000,100626.000000,0.000000,0.000000,0.000000,0.000000,0.000000,298.989990,100630.765625,298.996124,0.000000,-46.105717,87.630905,-54.996624,0.000312,0.009362,-0.030460,-0.000392,0.002442,0.001209,,0.000000,0.000000,0.000000,0.000000,0.000000,0.000000,0.000000,0.000000,0.000000,0.000000,0.000000,0.000000,0.000000,0.000000,0.000000,2.369095,0.000000,0.000000,0.000000,1.000000,0.000000,0.026238
32.280399,1,100628.000000,100630.000000,100626.000000,100635.000000,100635.000000,0.000000,0.000000,0.000000,0.000000,0.000000,298.989990,100630.765625,298.996094,0.000000,-46.104355,87.631485,-54.996101,0.015106,0.015482,-0.029328,-0.000042,0.001898,0.000767,,0.000000,0.000000,0.000000,0.000000,0.000000,0.000000,0.000000,0.000000,0.000000,0.000000,0.000000,0.000000,0.000000,0.000000,0.000000,2.368515,0.000000,0.000000,0.000000,1.000000,0.000000,0.024161
32.306308,1,100630.000000,100626.000000,100635.000000,100623.000000,100623.000000,0.000000,0.000000,0.000000,0.000000,0.000000,298.989990,100630.757812,298.996094,0.000000,-46.145397,87.633217,-55.035988,0.001491,-0.008239,-0.036798,-0.001214,0.002812,0.000994,,0.000000,0.000000,0.000000,0.000000,0.000000,0.000000,0.000000,0.000000,0.000000,0.000000,0.000000,0.000000,0.000000,0.000000,0.000000,2.366783,0.000000,0.000000,0.000000,1.000000,0.000000,0.025886
32.330110,1,100626.000000,100635.000000,100623.000000,100627.000000,100627.000000,0.000000,0.000000,0.000000,0.000000,0.000000,299.000000,100630.757812,298.996094,0.000000,-46.134045,87.633469,-55.025196,-0.014438,-0.010651,-0.039900,0.000180,0.001496,0.000823,,0.000000,0.000000,0.000000,0.000000,0.000000,0.000000,0.000000,0.000000,0.000000,0.000000,0.000000,0.000000,0.000000,0.000000,0.000000,2.366531,0.000000,0.000000,0.000000,1.000000,0.000000,0.023882
32.354157,1,100635.000000,100623.000000,100627.000000,100629.000000,100629.000000,0.000000,0.000000,0.000000,0.000000,0.000000,299.000000,100630.750000,298.996094,0.000000,-46.105503,87.631569,-54.998802,-0.012589,-0.000688,-0.036792,0.001563,-0.000185,0.000555,,0.000000,0.000000,0.000000,0.000000,0.000000,0.000000,0.000000,0.000000,0.000000,0.000000,0.000000,0.000000,0.000000,0.000000,0.000000,2.368431,0.000000,0.000000,0.000000,1.000000,0.000000,0.024002
32.378156,1,100623.000000,100627.000000,100629.000000,100629.000000,100629.000000,0.000000,0.000000,0.000000,0.000000,0.000000,299.000000,100630.750000,298.996124,0.000000,-46.087330,87.629997,-54.981705,0.014608,-0.000968,-0.030002,0.000798,0.000667,0.000310,,0.000000,0.000000,0.000000,0.000000,0.000000,0.000000,0.000000,0.000000,0.000000,0.000000,0.000000,0.000000,0.000000,0.000000,0.000000,2.370003,0.000000,0.000000,0.000000,1.000000,0.000000,0.023999
32.406041,1,100627.000000,100629.000000,100629.000000,100629.000000,100629.000000,0.000000,0.000000,0.000000,0.000000,0.000000,299.000000,100630.750000,298.996124,0.000000,-46.078648,87.629173,-54.974751,0.018857,0.000346,-0.034153,-0.001056,0.002301,0.000834,,0.000000,0.000000,0.000000,0.000000,0.000000,0.000000,0.000000,0.000000,0.000000,0.000000,0.000000,0.000000,0.000000,0.000000,0.000000,2.370827,0.000000,0.000000,0.000000,1.000000,0.000000,0.027867
32.429553,1,100629.000000,100629.000000,100629.000000,100629.000000,100629.000000,0.000000,0.000000,0.000000,0.000000,0.000000,299.010010,100630.750000,298.996124,0.000000,-46.129936,87.632393,-55.023293,-0.001884,0.015331,-0.037849,-0.000809,0.002776,0.001102,,0.000000,0.000000,0.000000,0.000000,0.000000,0.000000,0.000000,0.000000,0.000000,0.000000,0.000000,0.000000,0.000000,0.000000,0.000000,2.367607,0.000000,0.000000,0.000000,1.000000,0.000000,0.023501
32.454043,1,100629.000000,100629.000000,100629.000000,100625.000000,100625.000000,0.000000,0.000000,0.000000,0.000000,0.000000,299.010010,100630.742188,298.996155,0.000000,-46.139904,87.632805,-55.032883,-0.011415,-0.006506,-0.039274,-0.001030,0.001833,0.001564,,0.000000,0.000000,0.000000,0.000000,0.000000,0.000000,0.000000,0.000000,0.000000,0.000000,0.000000,0.000000,0.000000,0.000000,0.000000,2.367195,0.000000,0.000000,0.000000,1.000000,0.000000,0.024492
32.477703,1,100629.000000,100629.000000,100625.000000,100627.000000,100627.000000,0.000000,0.000000,0.000000,0.000000,0.000000,299.010010,100630.734375,298.996155,0.000000,-46.112404,87.631401,-55.006935,0.010541,-0.009481,-0.027363,0.000499,0.000798,0.000452,,0.000000,0.000000,0.000000,0.000000,0.000000,0.000000,0.000000,0.000000,0.000000,0.000000,0.000000,0.000000,0.000000,0.000000,0.000000,2.368599,0.000000,0.000000,0.000000,1.000000,0.000000,0.023647
32.502065,1,100629.000000,100625.000000,100627.000000,100626.000000,100626.000000,0.000000,0.000000,0.000000,0.000000,0.000000,299.010010,100630.734375,298.996185,0.000000,-46.100605,87.631233,-54.996407,0.010989,0.005197,-0.038387,0.000721,0.000775,-0.000070,,0.000000,0.000000,0.000000,0.000000,0.000000,0.000000,0.000000,0.000000,0.000000,0.000000,0.000000,0.000000,0.000000,0.000000,0.000000,2.368767,0.000000,0.000000,0.000000,1.000000,0.000000,0.024373
32.525677,1,100625.000000,100627.000000,100626.000000,100627.000000,100627.000000,0.000000,0.000000,0.000000,0.000000,0.000000,299.019989,100630.726562,298.996185,0.000000,-46.098286,87.630989,-54.994637,0.007622,0.017466,-0.030348,0.000485,0.000916,0.000836,,0.000000,0.000000,0.000000,0.000000,0.000000,0.000000,0.000000,0.000000,0.000000,0.000000,0.000000,0.000000,0.000000,0.000000,0.000000,2.369011,0.000000,0.000000,0.000000,1.000000,0.000000,0.023603
32.549207,1,100627.000000,100626.000000,100627.000000,100630.000000,100630.000000,0.000000,0.000000,0.000000,0.000000,0.000000,299.019989,100630.726562,298.996216,0.000000,-46.101208,87.631973,-54.995995,0.007291,0.010570,-0.041765,-0.001323,0.002396,0.000695,,0.000000,0.000000,0.000000,0.000000,0.000000,0.000000,0.000000,0.000000,0.000000,0.000000,0.000000,0.000000,0.000000,0.000000,0.000000,2.368027,0.000000,0.000000,0.000000,1.000000,0.000000,0.023544
32.573250,1,100626.000000,100627.000000,100630.000000,100632.000000,100632.000000,0.000000,0.000000,0.000000,0.000000,0.000000,299.019989,100630.726562,298.996246,0.000000,-46.131847,87.633301,-55.026016,0.007025,-0.002489,-0.037733,-0.001366,0.002409,0.000803,,0.000000,0.000000,0.000000,0.000000,0.000000,0.000000,0.000000,0.000000,0.000000,0.000000,0.000000,0.000000,0.000000,0.000000,0.000000,2.366699,0.000000,0.000000,0.000000,1.000000,0.000000,0.024035
32.598047,1,100627.000000,100630.000000,100632.000000,100630.000000,100630.000000,0.000000,0.000000,0.000000,0.000000,0.000000,299.019989,100630.726562,298.996277,0.000000,-46.140491,87.634293,-55.033447,-0.007170,-0.007310,-0.033270,-0.001409,0.003010,0.000911,,0.000000,0.000000,0.000000,0.000000,0.000000,0.000000,0.000000,0.000000,0.000000,0.000000,0.000000,0.000000,0.000000,0.000000,0.000000,2.365707,0.000000,0.000000,0.000000,1.000000,0.000000,0.024805
32.623235,1,100630.000000,100632.000000,100630.000000,100628.000000,100628.000000,0.000000,0.000000,0.000000,0.000000,0.000000,299.019989,100630.726562,298.996307,0.000000,-46.123749,87.632965,-55.018497,0.001339,0.002527,-0.031849,0.000115,0.000372,0.000408,,0.000000,0.000000,0.000000,0.000000,0.000000,0.000000,0.000000,0.000000,0.000000,0.000000,0.000000,0.000000,0.000000,0.000000,0.000000,2.367035,0.000000,0.000000,0.000000,1.000000,0.000000,0.025188
32.649253,1,100632.000000,100630.000000,100628.000000,100627.000000,100627.000000,0.000000,0.000000,0.000000,0.000000,0.000000,299.019989,100630.718750,298.996338,0.000000,-46.107052,87.631973,-55.003044,0.004091,0.011582,-0.037584,0.000528,0.000408,0.000673,,0.000000,0.000000,0.000000,0.000000,0.000000,0.000000,0.000000,0.000000,0.000000,0.000000,0.000000,0.000000,0.000000,0.000000,0.000000,2.368027,0.000000,0.000000,0.000000,1.000000,0.000000,0.026021
32.673294,1,100630.000000,100628.000000,100627.000000,100628.000000,100628.000000,0.000000,0.000000,0.000000,0.000000,0.000000,299.019989,100630.718750,298.996338,0.000000,-46.126839,87.632721,-55.022465,0.004003,0.000550,-0.026176,-0.000693,0.002001,0.000515,,0.000000,0.000000,0.000000,0.000000,0.000000,0.000000,0.000000,0.000000,0.000000,0.000000,0.000000,0.000000,0.000000,0.000000,0.000000,2.367279,0.000000,0.000000,0.000000,1.000000,0.000000,0.024043
32.698402,1,100628.000000,100627.000000,100628.000000,100628.000000,100628.000000,0.000000,0.000000,0.000000,0.000000,0.000000,299.019989,100630.710938,298.996368,0.000000,-46.136215,87.632233,-55.033146,-0.002697,-0.014714,-0.028313,-0.000423,0.002077,0.000707,,0.000000,0.000000,0.000000,0.000000,0.000000,0.000000,0.000000,0.000000,0.000000,0.000000,0.000000,0.000000,0.000000,0.000000,0.000000,2.367767,0.000000,0.000000,0.000000,1.000000,0.000000,0.025106
32.721913,1,100627.000000,100628.000000,100628.000000,100626.000000,100626.000000,0.000000,0.000000,0.000000,0.000000,0.000000,299.019989,100630.710938,298.996399,0.000000,-46.146427,87.633141,-55.043125,-0.006119,0.002148,-0.034113,0.000680,0.001411,0.000781,,0.000000,0.000000,0.000000,0.000000,0.000000,0.000000,0.000000,0.000000,0.000000,0.000000,0.000000,0.000000,0.000000,0.000000,0.000000,2.366859,0.000000,0.000000,0.000000,1.000000,0.000000,0.023511
32.749042,1,100628.000000,100628.000000,100626.000000,100631.000000,100631.000000,0.000000,0.000000,0.000000,0.000000,0.000000,299.019989,100630.710938,298.996429,0.000000,-46.110462,87.631813,-55.010139,0.006594,0.006360,-0.035287,0.001194,0.000317,0.000315,,0.000000,0.000000,0.000000,0.000000,0.000000,0.000000,0.000000,0.000000,0.000000,0.000000,0.000000,0.000000,0.000000,0.000000,0.000000,2.368187,0.000000,0.000000,0.000000,1.000000,0.000000,0.027124
32.773392,1,100628.000000,100626.000000,100631.000000,100630.000000,100630.000000,0.000000,0.000000,0.000000,0.000000,0.000000,299.019989,100630.710938,298.996460,0.000000,-46.115528,87.631065,-55.015820,-0.000430,0.006311,-0.036053,0.000158,0.000462,0.000023,,0.000000,0.000000,0.000000,0.000000,0.000000,0.000000,0.000000,0.000000,0.000000,0.000000,0.000000,0.000000,0.000000,0.000000,0.000000,2.368935,0.000000,0.000000,0.000000,1.000000,0.000000,0.024349
32.797897,1,100626.000000,100631.000000,100630.000000,100632.000000,100632.000000,0.000000,0.000000,0.000000,0.000000,0.000000,299.019989,100630.710938,298.996460,0.000000,-46.115856,87.630989,-55.016426,0.001653,-0.006494,-0.031813,0.000093,0.002208,0.000486,,0.000000,0.000000,0.000000,0.000000,0.000000,0.000000,0.000000,0.000000,0.000000,0.000000,0.000000,0.000000,0.000000,0.000000,0.000000,2.369011,0.000000,0.000000,0.000000,1.000000,0.000000,0.024502
32.822081,1,100631.000000,100630.000000,100632.000000,100631.000000,100631.000000,0.000000,0.000000,0.000000,0.000000,0.000000,299.019989,100630.710938,298.996490,0.000000,-46.154099,87.632637,-55.053452,0.005105,-0.008384,-0.033255,-0.001584,0.002429,0.001139,,0.000000,0.000000,0.000000,0.000000,0.000000,0.000000,0.000000,0.000000,0.000000,0.000000,0.000000,0.000000,0.000000,0.000000,0.000000,2.367363,0.000000,0.000000,0.000000,1.000000,0.000000,0.024193
32.854102,1,100630.000000,100632.000000,100631.000000,100627.000000,100627.000000,0.000000,0.000000,0.000000,0.000000,0.000000,299.010010,100630.703125,298.996521,0.000000,-46.148197,87.632309,-55.047974,-0.006271,0.001018,-0.039256,-0.001108,0.000914,0.000887,,0.000000,0.000000,0.000000,0.000000,0.000000,0.000000,0.000000,0.000000,0.000000,0.000000,0.000000,0.000000,0.000000,0.000000,0.000000,2.367691,0.000000,0.000000,0.000000,1.000000,0.000000,0.032017
32.878027,1,100632.000000,100631.000000,100627.000000,100630.000000,100630.000000,0.000000,0.000000,0.000000,0.000000,0.000000,299.019989,100630.703125,298.996552,0.000000,-46.116783,87.630821,-55.017494,0.007509,-0.000831,-0.028383,0.000801,0.000590,0.000238,,0.000000,0.000000,0.000000,0.000000,0.000000,0.000000,0.000000,0.000000,0.000000,0.000000,0.000000,0.000000,0.000000,0.000000,0.000000,2.369179,0.000000,0.000000,0.000000,1.000000,0.000000,0.023935
32.902079,1,100631.000000,100627.000000,100630.000000,100628.000000,100628.000000,0.000000,0.000000,0.000000,0.000000,0.000000,299.019989,100630.703125,298.996552,0.000000,-46.128181,87.631065,-55.028759,0.007244,0.002466,-0.029806,0.000801,0.001312,0.000153,,0.000000,0.000000,0.000000,0.000000,0.000000,0.000000,0.000000,0.000000,0.000000,0.000000,0.000000,0.000000,0.000000,0.000000,0.000000,2.368935,0.000000,0.000000,0.000000,1.000000,0.000000,0.024047
32.926015,1,100627.000000,100630.000000,100628.000000,100635.000000,100635.000000,0.000000,0.000000,0.000000,0.000000,0.000000,299.019989,100630.710938,298.996582,0.000000,-46.150639,87.632637,-55.052296,-0.006985,0.009442,-0.036659,-0.000812,0.002465,0.000515,,0.000000,0.000000,0.000000,0.000000,0.000000,0.000000,0.000000,0.000000,0.000000,0.000000,0.000000,0.000000,0.000000,0.000000,0.000000,2.367363,0.000000,0.000000,0.000000,1.000000,0.000000,0.023912
32.950100,1,100630.000000,100628.000000,100635.000000,100628.000000,100628.000000,0.000000,0.000000,0.000000,0.000000,0.000000,299.019989,100630.703125,298.996613,0.000000,-46.167957,87.633629,-55.067528,-0.005044,0.006131,-0.041286,-0.001139,0.002489,0.000776,,0.000000,0.000000,0.000000,0.000000,0.000000,0.000000,0.000000,0.000000,0.000000,0.000000,0.000000,0.000000,0.000000,0.000000,0.000000,2.366371,0.000000,0.000000,0.000000,1.000000,0.000000,0.024108
32.973783,1,100628.000000,100635.000000,100628.000000,100625.000000,100625.000000,0.000000,0.000000,0.000000,0.000000,0.000000,299.019989,100630.695312,298.996643,0.000000,-46.121777,87.630157,-55.025639,0.003474,-0.003918,-0.022345,0.001411,0.000194,-0.000033,,0.000000,0.000000,0.000000,0.000000,0.000000,0.000000,0.000000,0.000000,0.000000,0.000000,0.000000,0.000000,0.000000,0.000000,0.000000,2.369843,0.000000,0.000000,0.000000,1.000000,0.000000,0.023677
32.998111,1,100635.000000,100628.000000,100625.000000,100624.000000,100624.000000,0.000000,0.000000,0.000000,0.000000,0.000000,299.019989,100630.695312,298.996674,0.000000,-46.117554,87.631233,-55.021759,0.007797,-0.001688,-0.027656,0.000728,0.000014,0.000947,,0.000000,0.000000,0.000000,0.000000,0.000000,0.000000,0.000000,0.000000,0.000000,0.000000,0.000000,0.000000,0.000000,0.000000,0.000000,2.368767,0.000000,0.000000,0.000000,1.000000,0.000000,0.024332
33.023580,1,100628.000000,100625.000000,100624.000000,100627.000000,100627.000000,0.000000,0.000000,0.000000,0.000000,0.000000,299.019989,100630.687500,298.996674,0.000000,-46.103088,87.630241,-55.008492,-0.014352,0.002818,-0.035965,0.000850,0.000103,0.000164,,0.000000,0.000000,0.000000,0.000000,0.000000,0.000000,0.000000,0.000000,0.000000,0.000000,0.000000,0.000000,0.000000,0.000000,0.000000,2.369759,0.000000,0.000000,0.000000,1.000000,0.000000,0.025475
33.055065,1,100625.000000,100624.000000,100627.000000,100630.000000,100630.000000,0.000000,0.000000,0.000000,0.000000,0.000000,299.010010,100630.687500,298.996704,0.000000,-46.103939,87.630493,-55.010090,0.008681,0.001406,-0.036045,-0.000611,0.002239,0.000633,,0.000000,0.000000,0.000000,0.000000,0.000000,0.000000,0.000000,0.000000,0.000000,0.000000,0.000000,0.000000,0.000000,0.000000,0.000000,2.369507,0.000000,0.000000,0.000000,1.000000,0.000000,0.031477
33.078570,1,100624.000000,100627.000000,100630.000000,100631.000000,100631.000000,0.000000,0.000000,0.000000,0.000000,0.000000,299.019989,100630.687500,298.996735,0.000000,-46.122108,87.631729,-55.026592,0.008888,-0.007902,-0.036062,-0.000656,0.001959,0.000496,,0.000000,0.000000,0.000000,0.000000,0.000000,0.000000,0.000000,0.000000,0.000000,0.000000,0.000000,0.000000,0.000000,0.000000,0.000000,2.368271,0.000000,0.000000,0.000000,1.000000,0.000000,0.023502
33.102182,1,100627.000000,100630.000000,100631.000000,100629.000000,100629.000000,0.000000,0.000000,0.000000,0.000000,0.000000,299.019989,100630.687500,298.996735,0.000000,-46.143707,87.634125,-55.048012,0.005853,-0.004578,-0.032909,-0.000576,0.002046,0.001085,,0.000000,0.000000,0.000000,0.000000,0.000000,0.000000,0.000000,0.000000,0.000000,0.000000,0.000000,0.000000,0.000000,0.000000,0.000000,2.365875,0.000000,0.000000,0.000000,1.000000,0.000000,0.023617
33.126114,1,100630.000000,100631.000000,100629.000000,100632.000000,100632.000000,0.000000,0.000000,0.000000,0.000000,0.000000,299.019989,100630.687500,298.996765,0.000000,-46.122231,87.632805,-55.027637,-0.015158,-0.002286,-0.042021,0.000529,-0.000170,0.000623,,0.000000,0.000000,0.000000,0.000000,0.000000,0.000000,0.000000,0.000000,0.000000,0.000000,0.000000,0.000000,0.000000,0.000000,0.000000,2.367195,0.000000,0.000000,0.000000,1.000000,0.000000,0.023933
33.157044,1,100631.000000,100629.000000,100632.000000,100630.000000,100630.000000,0.000000,0.000000,0.000000,0.000000,0.000000,299.010010,100630.687500,298.996796,0.000000,-46.090546,87.630737,-54.998112,-0.002003,0.005139,-0.035582,0.001002,0.000241,0.000759,,0.000000,0.000000,0.000000,0.000000,0.000000,0.000000,0.000000,0.000000,0.000000,0.000000,0.000000,0.000000,0.000000,0.000000,0.000000,2.369263,0.000000,0.000000,0.000000,1.000000,0.000000,0.030927
33.190125,1,100629.000000,100632.000000,100630.000000,100628.000000,100628.000000,0.000000,0.000000,0.000000,0.000000,0.000000,299.000000,100630.687500,298.996796,0.000000,-46.110512,87.631325,-55.017208,0.006420,0.006723,-0.021125,-0.001303,0.002418,0.001019,,0.000000,0.000000,0.000000,0.000000,0.000000,0.000000,0.000000,0.000000,0.000000,0.000000,0.000000,0.000000,0.000000,0.000000,0.000000,2.368675,0.000000,0.000000,0.000000,1.000000,0.000000,0.033078
33.222853,1,100632.000000,100630.000000,100628.000000,100626.000000,100626.000000,0.000000,0.000000,0.000000,0.000000,0.000000,298.989990,100630.679688,298.996796,0.000000,-46.120941,87.631897,-55.028397,0.005931,-0.003527,-0.035376,-0.000713,0.002569,0.001032,,0.000000,0.000000,0.000000,0.000000,0.000000,0.000000,0.000000,0.000000,0.000000,0.000000,0.000000,0.000000,0.000000,0.000000,0.000000,2.368103,0.000000,0.000000,0.000000,1.000000,0.000000,0.032694
33.250640,1,100630.000000,100628.000000,100626.000000,100632.000000,100632.000000,0.000000,0.000000,0.000000,0.000000,0.000000,298.989990,100630.679688,298.996765,0.000000,-46.125332,87.632637,-55.033291,-0.002954,0.006782,-0.039584,0.000147,0.001212,0.000576,,0.000000,0.000000,0.000000,0.000000,0.000000,0.000000,0.000000,0.000000,0.000000,0.000000,0.000000,0.000000,0.000000,0.000000,0.000000,2.367363,0.000000,0.000000,0.000000,1.000000,0.000000,0.027817
33.274169,1,100628.000000,100626.000000,100632.000000,100628.000000,100628.000000,0.000000,0.000000,0.000000,0.000000,0.000000,299.000000,100630.679688,298.996765,0.000000,-46.090317,87.630905,-55.000080,0.006609,-0.001363,-0.040849,0.000654,0.000621,0.000624,,0.000000,0.000000,0.000000,0.000000,0.000000,0.000000,0.000000,0.000000,0.000000,0.000000,0.000000,0.000000,0.000000,0.000000,0.000000,2.369095,0.000000,0.000000,0.000000,1.000000,0.000000,0.023531
33.299457,1,100626.000000,100632.000000,100628.000000,100630.000000,100630.000000,0.000000,0.000000,0.000000,0.000000,0.000000,299.000000,100630.679688,298.996796,0.000000,-46.130039,87.631813,-55.039543,0.006385,0.001957,-0.035400,-0.000465,0.002361,0.000692,,0.000000,0.000000,0.000000,0.000000,0.000000,0.000000,0.000000,0.000000,0.000000,0.000000,0.000000,0.000000,0.000000,0.000000,0.000000,2.368187,0.000000,0.000000,0.000000,1.000000,0.000000,0.025295
33.323889,1,100632.000000,100628.000000,100630.000000,100622.000000,100622.000000,0.000000,0.000000,0.000000,0.000000,0.000000,299.000000,100630.671875,298.996796,0.000000,-46.119919,87.632057,-55.029160,0.009246,0.010751,-0.033381,-0.000337,0.001281,0.000330,,0.000000,0.000000,0.000000,0.000000,0.000000,0.000000,0.000000,0.000000,0.000000,0.000000,0.000000,0.000000,0.000000,0.000000,0.000000,2.367943,0.000000,0.000000,0.000000,1.000000,0.000000,0.024422
33.347939,1,100628.000000,100630.000000,100622.000000,100628.000000,100628.000000,0.000000,0.000000,0.000000,0.000000,0.000000,299.000000,100630.664062,298.996796,0.000000,-46.106228,87.631325,-55.015884,-0.010647,0.004775,-0.026363,0.000181,0.001105,0.000933,,0.000000,0.000000,0.000000,0.000000,0.000000,0.000000,0.000000,0.000000,0.000000,0.000000,0.000000,0.000000,0.000000,0.000000,0.000000,2.368675,0.000000,0.000000,0.000000,1.000000,0.000000,0.024054
33.373441,1,100630.000000,100622.000000,100628.000000,100628.000000,100628.000000,0.000000,0.000000,0.000000,0.000000,0.000000,299.000000,100630.664062,298.996796,0.000000,-46.132969,87.631065,-55.041916,-0.003026,-0.004003,-0.029962,0.000530,0.000752,0.000227,,0.000000,0.000000,0.000000,0.000000,0.000000,0.000000,0.000000,0.000000,0.000000,0.000000,0.000000,0.000000,0.000000,0.000000,0.000000,2.368935,0.000000,0.000000,0.000000,1.000000,0.000000,0.025499
33.398157,1,100622.000000,100628.000000,100628.000000,100630.000000,100630.000000,0.000000,0.000000,0.000000,0.000000,0.000000,299.000000,100630.664062,298.996796,0.000000,-46.106148,87.631897,-55.016190,0.003138,0.000557,-0.031797,-0.001582,0.002927,0.001427,,0.000000,0.000000,0.000000,0.000000,0.000000,0.000000,0.000000,0.000000,0.000000,0.000000,0.000000,0.000000,0.000000,0.000000,0.000000,2.368103,0.000000,0.000000,0.000000,1.000000,0.000000,0.024727
33.423936,1,100628.000000,100628.000000,100630.000000,100634.000000,100634.000000,0.000000,0.000000,0.000000,0.000000,0.000000,299.000000,100630.664062,298.996796,0.000000,-46.123833,87.631973,-55.033966,-0.005289,0.002717,-0.036708,0.000654,0.001011,0.000502,,0.000000,0.000000,0.000000,0.000000,0.000000,0.000000,0.000000,0.000000,0.000000,0.000000,0.000000,0.000000,0.000000,0.000000,0.000000,2.368027,0.000000,0.000000,0.000000,1.000000,0.000000,0.025777
33.457299,1,100628.000000,100630.000000,100634.000000,100631.000000,100631.000000,0.000000,0.000000,0.000000,0.000000,0.000000,299.000000,100630.664062,298.996796,0.000000,-46.109589,87.632233,-55.019848,-0.005486,-0.002041,-0.035854,-0.000182,0.001235,0.000050,,0.000000,0.000000,0.000000,0.000000,0.000000,0.000000,0.000000,0.000000,0.000000,0.000000,0.000000,0.000000,0.000000,0.000000,0.000000,2.367767,0.000000,0.000000,0.000000,1.000000,0.000000,0.033362
33.482222,1,100630.000000,100634.000000,100631.000000,100626.000000,100626.000000,0.000000,0.000000,0.000000,0.000000,0.000000,299.000000,100630.664062,298.996796,0.000000,-46.122093,87.632805,-55.032578,0.007646,0.004804,-0.035327,-0.000469,0.002178,0.001146,,0.000000,0.000000,0.000000,0.000000,0.000000,0.000000,0.000000,0.000000,0.000000,0.000000,0.000000,0.000000,0.000000,0.000000,0.000000,2.367195,0.000000,0.000000,0.000000,1.000000,0.000000,0.024905
33.506202,1,100634.000000,100631.000000,100626.000000,100627.000000,100627.000000,0.000000,0.000000,0.000000,0.000000,0.000000,299.000000,100630.656250,298.996796,0.000000,-46.060333,87.631485,-54.973557,0.002509,-0.005166,-0.037174,0.001009,0.000857,0.000969,,0.000000,0.000000,0.000000,0.000000,0.000000,0.000000,0.000000,0.000000,0.000000,0.000000,0.000000,0.000000,0.000000,0.000000,0.000000,2.368515,0.000000,0.000000,0.000000,1.000000,0.000000,0.023979
33.530301,1,100631.000000,100626.000000,100627.000000,100623.000000,100623.000000,0.000000,0.000000,0.000000,0.000000,0.000000,299.010010,100630.648438,298.996826,0.000000,-46.048309,87.630409,-54.960693,-0.015227,0.000948,-0.029882,0.000636,0.000395,0.000566,,0.000000,0.000000,0.000000,0.000000,0.000000,0.000000,0.000000,0.000000,0.000000,0.000000,0.000000,0.000000,0.000000,0.000000,0.000000,2.369591,0.000000,0.000000,0.000000,1.000000,0.000000,0.024129
33.557399,1,100626.000000,100627.000000,100623.000000,100626.000000,100626.000000,0.000000,0.000000,0.000000,0.000000,0.000000,299.000000,100630.648438,298.996826,0.000000,-46.034081,87.629753,-54.948479,-0.004616,-0.000549,-0.030899,0.000170,0.000824,0.000582,,0.000000,0.000000,0.000000,0.000000,0.000000,0.000000,0.000000,0.000000,0.000000,0.000000,0.000000,0.000000,0.000000,0.000000,0.000000,2.370247,0.000000,0.000000,0.000000,1.000000,0.000000,0.027095
33.590149,1,100627.000000,100623.000000,100626.000000,100625.000000,100625.000000,0.000000,0.000000,0.000000,0.000000,0.000000,298.989990,100630.640625,298.996826,0.000000,-46.070583,87.632141,-54.982540,0.002771,-0.007416,-0.029285,-0.001209,0.002775,0.000807,,0.000000,0.000000,0.000000,0.000000,0.000000,0.000000,0.000000,0.000000,0.000000,0.000000,0.000000,0.000000,0.000000,0.000000,0.000000,2.367859,0.000000,0.000000,0.000000,1.000000,0.000000,0.032757
33.623596,1,100623.000000,100626.000000,100625.000000,100629.000000,100629.000000,0.000000,0.000000,0.000000,0.000000,0.000000,298.980011,100630.640625,298.996796,0.000000,-46.107891,87.633545,-55.019714,-0.003279,0.004028,-0.040886,0.000628,0.001477,0.000590,,0.000000,0.000000,0.000000,0.000000,0.000000,0.000000,0.000000,0.000000,0.000000,0.000000,0.000000,0.000000,0.000000,0.000000,0.000000,2.366455,0.000000,0.000000,0.000000,1.000000,0.000000,0.033472
33.650130,1,100626.000000,100625.000000,100629.000000,100627.000000,100627.000000,0.000000,0.000000,0.000000,0.000000,0.000000,298.989990,100630.632812,298.996796,0.000000,-46.074360,87.631729,-54.988487,0.008251,-0.002299,-0.040030,0.001602,0.000037,0.000267,,0.000000,0.000000,0.000000,0.000000,0.000000,0.000000,0.000000,0.000000,0.000000,0.000000,0.000000,0.000000,0.000000,0.000000,0.000000,2.368271,0.000000,0.000000,0.000000,1.000000,0.000000,0.026544
33.683613,1,100625.000000,100629.000000,100627.000000,100628.000000,100628.000000,0.000000,0.000000,0.000000,0.000000,0.000000,298.980011,100630.632812,298.996765,0.000000,-46.055218,87.629669,-54.972946,0.003512,-0.009653,-0.021166,0.000126,0.001288,0.000584,,0.000000,0.000000,0.000000,0.000000,0.000000,0.000000,0.000000,0.000000,0.000000,0.000000,0.000000,0.000000,0.000000,0.000000,0.000000,2.370331,0.000000,0.000000,0.000000,1.000000,0.000000,0.033437
33.723850,1,100629.000000,100627.000000,100628.000000,100631.000000,100631.000000,0.000000,0.000000,0.000000,0.000000,0.000000,298.970001,100630.632812,298.996735,0.000000,-46.091591,87.631897,-55.009251,0.006496,-0.005633,-0.033775,-0.000988,0.002685,0.001308,,0.000000,0.000000,0.000000,0.000000,0.000000,0.000000,0.000000,0.000000,0.000000,0.000000,0.000000,0.000000,0.000000,0.000000,0.000000,2.368103,0.000000,0.000000,0.000000,1.000000,0.000000,0.040243
33.757313,1,100627.000000,100628.000000,100631.000000,100625.000000,100625.000000,0.000000,0.000000,0.000000,0.000000,0.000000,298.959991,100630.625000,298.996704,0.000000,-46.117146,87.635292,-55.031105,0.007034,0.009675,-0.037117,-0.000320,0.001597,0.000799,,0.000000,0.000000,0.000000,0.000000,0.000000,0.000000,0.000000,0.000000,0.000000,0.000000,0.000000,0.000000,0.000000,0.000000,0.000000,2.364708,0.000000,0.000000,0.000000,1.000000,0.000000,0.033471
33.786187,1,100628.000000,100631.000000,100625.000000,100626.000000,100626.000000,0.000000,0.000000,0.000000,0.000000,0.000000,298.959991,100630.617188,298.996674,0.000000,-46.099537,87.632965,-55.015980,0.002048,-0.005018,-0.031934,0.000576,0.000588,0.000137,,0.000000,0.000000,0.000000,0.000000,0.000000,0.000000,0.000000,0.000000,0.000000,0.000000,0.000000,0.000000,0.000000,0.000000,0.000000,2.367035,0.000000,0.000000,0.000000,1.000000,0.000000,0.028835
33.818182,1,100631.000000,100625.000000,100626.000000,100627.000000,100627.000000,0.000000,0.000000,0.000000,0.000000,0.000000,298.959991,100630.617188,298.996643,0.000000,-46.091702,87.632141,-55.009583,-0.010953,-0.002396,-0.034225,0.000298,0.001279,0.000584,,0.000000,0.000000,0.000000,0.000000,0.000000,0.000000,0.000000,0.000000,0.000000,0.000000,0.000000,0.000000,0.000000,0.000000,0.000000,2.367859,0.000000,0.000000,0.000000,1.000000,0.000000,0.032009
33.846119,1,100625.000000,100626.000000,100627.000000,100621.000000,100621.000000,0.000000,0.000000,0.000000,0.000000,0.000000,298.959991,100630.609375,298.996613,0.000000,-46.089817,87.631485,-55.008007,0.008811,0.005994,-0.028080,-0.000146,0.001512,0.000384,,0.000000,0.000000,0.000000,0.000000,0.000000,0.000000,0.000000,0.000000,0.000000,0.000000,0.000000,0.000000,0.000000,0.000000,0.000000,2.368515,0.000000,0.000000,0.000000,1.000000,0.000000,0.027980
33.878146,1,100626.000000,100627.000000,100621.000000,100627.000000,100627.000000,0.000000,0.000000,0.000000,0.000000,0.000000,298.959991,100630.601562,298.996552,0.000000,-46.114243,87.632477,-55.031483,0.007602,-0.002710,-0.023006,-0.000436,0.001443,0.000344,,0.000000,0.000000,0.000000,0.000000,0.000000,0.000000,0.000000,0.000000,0.000000,0.000000,0.000000,0.000000,0.000000,0.000000,0.000000,2.367523,0.000000,0.000000,0.000000,1.000000,0.000000,0.031993
33.906163,1,100627.000000,100621.000000,100627.000000,100622.000000,100622.000000,0.000000,0.000000,0.000000,0.000000,0.000000,298.959991,100630.593750,298.996521,0.000000,-46.098305,87.631653,-55.018288,0.003540,-0.000482,-0.044861,0.001136,0.000481,0.000693,,0.000000,0.000000,0.000000,0.000000,0.000000,0.000000,0.000000,0.000000,0.000000,0.000000,0.000000,0.000000,0.000000,0.000000,0.000000,2.368347,0.000000,0.000000,0.000000,1.000000,0.000000,0.028013
33.939655,1,100621.000000,100627.000000,100622.000000,100626.000000,100626.000000,0.000000,0.000000,0.000000,0.000000,0.000000,298.959991,100630.593750,298.996490,0.000000,-46.118900,87.631729,-55.038845,-0.012628,0.004222,-0.048712,0.000816,0.000562,0.000144,,0.000000,0.000000,0.000000,0.000000,0.000000,0.000000,0.000000,0.000000,0.000000,0.000000,0.000000,0.000000,0.000000,0.000000,0.000000,2.368271,0.000000,0.000000,0.000000,1.000000,0.000000,0.033495
33.970161,1,100627.000000,100622.000000,100626.000000,100625.000000,100625.000000,0.000000,0.000000,0.000000,0.000000,0.000000,298.950012,100630.585938,298.996429,0.000000,-46.094803,87.632057,-55.013664,0.004271,-0.001655,-0.037260,-0.000669,0.001488,0.000700,,0.000000,0.000000,0.000000,0.000000,0.000000,0.000000,0.000000,0.000000,0.000000,0.000000,0.000000,0.000000,0.000000,0.000000,0.000000,2.367943,0.000000,0.000000,0.000000,1.000000,0.000000,0.030511
34.002140,1,100622.000000,100626.000000,100625.000000,100625.000000,100625.000000,0.000000,0.000000,0.000000,0.000000,0.000000,298.950012,100630.578125,298.996399,0.000000,-46.117149,87.633301,-55.035610,0.002133,0.000945,-0.033628,-0.000300,0.001512,0.000721,,0.000000,0.000000,0.000000,0.000000,0.000000,0.000000,0.000000,0.000000,0.000000,0.000000,0.000000,0.000000,0.000000,0.000000,0.000000,2.366699,0.000000,0.000000,0.000000,1.000000,0.000000,0.031986
34.026108,1,100626.000000,100625.000000,100625.000000,100628.000000,100628.000000,0.000000,0.000000,0.000000,0.000000,0.000000,298.959991,100630.578125,298.996368,0.000000,-46.108105,87.632141,-55.028194,-0.004183,0.004052,-0.030634,0.001359,0.000563,0.000226,,0.000000,0.000000,0.000000,0.000000,0.000000,0.000000,0.000000,0.000000,0.000000,0.000000,0.000000,0.000000,0.000000,0.000000,0.000000,2.367859,0.000000,0.000000,0.000000,1.000000,0.000000,0.024006
34.049576,1,100625.000000,100625.000000,100628.000000,100630.000000,100630.000000,0.000000,0.000000,0.000000,0.000000,0.000000,298.970001,100630.578125,298.996338,0.000000,-46.068233,87.628761,-54.990574,0.004188,-0.012071,-0.028389,0.001212,0.000135,0.000799,,0.000000,0.000000,0.000000,0.000000,0.000000,0.000000,0.000000,0.000000,0.000000,0.000000,0.000000,0.000000,0.000000,0.000000,0.000000,2.371239,0.000000,0.000000,0.000000,1.000000,0.000000,0.023470
34.083069,1,100625.000000,100628.000000,100630.000000,100623.000000,100623.000000,0.000000,0.000000,0.000000,0.000000,0.000000,298.959991,100630.570312,298.996307,0.000000,-46.084743,87.630661,-55.007164,0.004966,-0.010193,-0.029583,-0.000145,0.001488,0.000899,,0.000000,0.000000,0.000000,0.000000,0.000000,0.000000,0.000000,0.000000,0.000000,0.000000,0.000000,0.000000,0.000000,0.000000,0.000000,2.369339,0.000000,0.000000,0.000000,1.000000,0.000000,0.033443
34.114139,1,100628.000000,100630.000000,100623.000000,100623.000000,100623.000000,0.000000,0.000000,0.000000,0.000000,0.000000,298.959991,100630.562500,298.996246,0.000000,-46.126064,87.632393,-55.047123,0.005557,0.005565,-0.036669,-0.000732,0.002413,0.000667,,0.000000,0.000000,0.000000,0.000000,0.000000,0.000000,0.000000,0.000000,0.000000,0.000000,0.000000,0.000000,0.000000,0.000000,0.000000,2.367607,0.000000,0.000000,0.000000,1.000000,0.000000,0.031087
34.146104,1,100630.000000,100623.000000,100623.000000,100629.000000,100629.000000,0.000000,0.000000,0.000000,0.000000,0.000000,298.950012,100630.562500,298.996216,0.000000,-46.128563,87.632057,-55.049576,-0.001477,0.011013,-0.027210,-0.000762,0.002087,0.000346,,0.000000,0.000000,0.000000,0.000000,0.000000,0.000000,0.000000,0.000000,0.000000,0.000000,0.000000,0.000000,0.000000,0.000000,0.000000,2.367943,0.000000,0.000000,0.000000,1.000000,0.000000,0.031991
34.182099,1,100623.000000,100623.000000,100629.000000,100627.000000,100627.000000,0.000000,0.000000,0.000000,0.000000,0.000000,298.950012,100630.554688,298.996155,0.000000,-46.100502,87.629669,-55.023891,0.008153,-0.003134,-0.032103,0.000978,0.000124,0.000079,,0.000000,0.000000,0.000000,0.000000,0.000000,0.000000,0.000000,0.000000,0.000000,0.000000,0.000000,0.000000,0.000000,0.000000,0.000000,2.370331,0.000000,0.000000,0.000000,1.000000,0.000000,0.035997
34.210118,1,100623.000000,100629.000000,100627.000000,100630.000000,100630.000000,0.000000,0.000000,0.000000,0.000000,0.000000,298.950012,100630.554688,298.996124,0.000000,-46.102207,87.629753,-55.027195,-0.005391,-0.002451,-0.040268,-0.001240,0.003181,0.001217,,0.000000,0.000000,0.000000,0.000000,0.000000,0.000000,0.000000,0.000000,0.000000,0.000000,0.000000,0.000000,0.000000,0.000000,0.000000,2.370247,0.000000,0.000000,0.000000,1.000000,0.000000,0.028001
34.238134,1,100629.000000,100627.000000,100630.000000,100625.000000,100625.000000,0.000000,0.000000,0.000000,0.000000,0.000000,298.950012,100630.546875,298.996063,0.000000,-46.130936,87.630821,-55.054752,-0.001697,0.002892,-0.029079,-0.000226,0.002030,0.000229,,0.000000,0.000000,0.000000,0.000000,0.000000,0.000000,0.000000,0.000000,0.000000,0.000000,0.000000,0.000000,0.000000,0.000000,0.000000,2.369179,0.000000,0.000000,0.000000,1.000000,0.000000,0.028018
34.261587,1,100627.000000,100630.000000,100625.000000,100629.000000,100629.000000,0.000000,0.000000,0.000000,0.000000,0.000000,298.959991,100630.546875,298.996033,0.000000,-46.135502,87.631233,-55.059460,0.003156,-0.002650,-0.030803,-0.000136,0.001873,0.000588,,0.000000,0.000000,0.000000,0.000000,0.000000,0.000000,0.000000,0.000000,0.000000,0.000000,0.000000,0.000000,0.000000,0.000000,0.000000,2.368767,0.000000,0.000000,0.000000,1.000000,0.000000,0.023470
34.290126,1,100630.000000,100625.000000,100629.000000,100631.000000,100631.000000,0.000000,0.000000,0.000000,0.000000,0.000000,298.959991,100630.546875,298.996002,0.000000,-46.108055,87.629997,-55.033985,-0.004783,-0.002551,-0.036346,0.000856,0.000762,0.000990,,0.000000,0.000000,0.000000,0.000000,0.000000,0.000000,0.000000,0.000000,0.000000,0.000000,0.000000,0.000000,0.000000,0.000000,0.000000,2.370003,0.000000,0.000000,0.000000,1.000000,0.000000,0.028512
34.313842,1,100625.000000,100629.000000,100631.000000,100624.000000,100624.000000,0.000000,0.000000,0.000000,0.000000,0.000000,298.970001,100630.539062,298.995972,0.000000,-46.106945,87.630409,-55.034195,-0.009521,0.005866,-0.039668,0.001289,0.000407,0.000268,,0.000000,0.000000,0.000000,0.000000,0.000000,0.000000,0.000000,0.000000,0.000000,0.000000,0.000000,0.000000,0.000000,0.000000,0.000000,2.369591,0.000000,0.000000,0.000000,1.000000,0.000000,0.023691
34.341349,1,100629.000000,100631.000000,100624.000000,100624.000000,100624.000000,0.000000,0.000000,0.000000,0.000000,0.000000,298.970001,100630.539062,298.995941,0.000000,-46.125134,87.629753,-55.051109,-0.004831,-0.001708,-0.036894,-0.001334,0.002112,0.000850,,0.000000,0.000000,0.000000,0.000000,0.000000,0.000000,0.000000,0.000000,0.000000,0.000000,0.000000,0.000000,0.000000,0.000000,0.000000,2.370247,0.000000,0.000000,0.000000,1.000000,0.000000,0.027547
34.370097,1,100631.000000,100624.000000,100624.000000,100630.000000,100630.000000,0.000000,0.000000,0.000000,0.000000,0.000000,298.970001,100630.531250,298.995911,0.000000,-46.132328,87.631973,-55.055763,0.005593,-0.010212,-0.029862,-0.000532,0.001723,0.000779,,0.000000,0.000000,0.000000,0.000000,0.000000,0.000000,0.000000,0.000000,0.000000,0.000000,0.000000,0.000000,0.000000,0.000000,0.000000,2.368027,0.000000,0.000000,0.000000,1.000000,0.000000,0.028761
34.402094,1,100624.000000,100624.000000,100630.000000,100625.000000,100625.000000,0.000000,0.000000,0.000000,0.000000,0.000000,298.959991,100630.531250,298.995880,0.000000,-46.130402,87.631233,-55.054932,0.000352,0.003116,-0.024157,0.000706,0.001732,0.000654,,0.000000,0.000000,0.000000,0.000000,0.000000,0.000000,0.000000,0.000000,0.000000,0.000000,0.000000,0.000000,0.000000,0.000000,0.000000,2.368767,0.000000,0.000000,0.000000,1.000000,0.000000,0.031997
34.426129,1,100624.000000,100630.000000,100625.000000,100627.000000,100627.000000,0.000000,0.000000,0.000000,0.000000,0.000000,298.970001,100630.523438,298.995850,0.000000,-46.117962,87.630325,-55.044941,-0.010825,0.007924,-0.031898,-0.000977,0.001534,0.000619,,0.000000,0.000000,0.000000,0.000000,0.000000,0.000000,0.000000,0.000000,0.000000,0.000000,0.000000,0.000000,0.000000,0.000000,0.000000,2.369675,0.000000,0.000000,0.000000,1.000000,0.000000,0.024013
34.451565,1,100630.000000,100625.000000,100627.000000,100626.000000,100626.000000,0.000000,0.000000,0.000000,0.000000,0.000000,298.970001,100630.523438,298.995850,0.000000,-46.118980,87.630409,-55.046009,-0.002171,0.002716,-0.042006,-0.000203,0.001254,0.000448,,0.000000,0.000000,0.000000,0.000000,0.000000,0.000000,0.000000,0.000000,0.000000,0.000000,0.000000,0.000000,0.000000,0.000000,0.000000,2.369591,0.000000,0.000000,0.000000,1.000000,0.000000,0.025456
34.482036,1,100625.000000,100627.000000,100626.000000,100623.000000,100623.000000,0.000000,0.000000,0.000000,0.000000,0.000000,298.970001,100630.515625,298.995819,0.000000,-46.152649,87.632393,-55.078072,0.004647,-0.000529,-0.033731,0.000483,0.001478,0.000407,,0.000000,0.000000,0.000000,0.000000,0.000000,0.000000,0.000000,0.000000,0.000000,0.000000,0.000000,0.000000,0.000000,0.000000,0.000000,2.367607,0.000000,0.000000,0.000000,1.000000,0.000000,0.030436
34.514184,1,100627.000000,100626.000000,100623.000000,100630.000000,100630.000000,0.000000,0.000000,0.000000,0.000000,0.000000,298.959991,100630.515625,298.995789,0.000000,-46.140160,87.633141,-55.064804,0.002192,0.004697,-0.038324,-0.000377,0.001826,0.001290,,0.000000,0.000000,0.000000,0.000000,0.000000,0.000000,0.000000,0.000000,0.000000,0.000000,0.000000,0.000000,0.000000,0.000000,0.000000,2.366859,0.000000,0.000000,0.000000,1.000000,0.000000,0.032150
34.546113,1,100626.000000,100623.000000,100630.000000,100628.000000,100628.000000,0.000000,0.000000,0.000000,0.000000,0.000000,298.959991,100630.507812,298.995728,0.000000,-46.120544,87.632393,-55.045864,-0.006725,0.005313,-0.028860,0.001015,0.000459,0.000452,,0.000000,0.000000,0.000000,0.000000,0.000000,0.000000,0.000000,0.000000,0.000000,0.000000,0.000000,0.000000,0.000000,0.000000,0.000000,2.367607,0.000000,0.000000,0.000000,1.000000,0.000000,0.031952
34.572671,1,100623.000000,100630.000000,100628.000000,100628.000000,100628.000000,0.000000,0.000000,0.000000,0.000000,0.000000,298.959991,100630.507812,298.995697,0.000000,-46.076302,87.629585,-55.003929,0.007106,-0.009658,-0.034862,0.001421,0.000092,-0.000006,,0.000000,0.000000,0.000000,0.000000,0.000000,0.000000,0.000000,0.000000,0.000000,0.000000,0.000000,0.000000,0.000000,0.000000,0.000000,2.370415,0.000000,0.000000,0.000000,1.000000,0.000000,0.026557
34.614107,1,100630.000000,100628.000000,100628.000000,100625.000000,100625.000000,0.000000,0.000000,0.000000,0.000000,0.000000,298.950012,100630.500000,298.995667,0.000000,-46.113873,87.632057,-55.039814,0.005956,0.002135,-0.029829,-0.001225,0.002267,0.000599,,0.000000,0.000000,0.000000,0.000000,0.000000,0.000000,0.000000,0.000000,0.000000,0.000000,0.000000,0.000000,0.000000,0.000000,0.000000,2.367943,0.000000,0.000000,0.000000,1.000000,0.000000,0.041438
34.637612,1,100628.000000,100628.000000,100625.000000,100633.000000,100633.000000,0.000000,0.000000,0.000000,0.000000,0.000000,298.959991,100630.507812,298.995636,0.000000,-46.132137,87.633965,-55.056889,-0.010759,-0.001477,-0.038349,-0.000705,0.002420,0.001157,,0.000000,0.000000,0.000000,0.000000,0.000000,0.000000,0.000000,0.000000,0.000000,0.000000,0.000000,0.000000,0.000000,0.000000,0.000000,2.366035,0.000000,0.000000,0.000000,1.000000,0.000000,0.023503
34.663028,1,100628.000000,100625.000000,100633.000000,100629.000000,100629.000000,0.000000,0.000000,0.000000,0.000000,0.000000,298.959991,100630.507812,298.995605,0.000000,-46.127205,87.633141,-55.053696,0.006031,0.003986,-0.031652,0.000828,0.000646,0.000733,,0.000000,0.000000,0.000000,0.000000,0.000000,0.000000,0.000000,0.000000,0.000000,0.000000,0.000000,0.000000,0.000000,0.000000,0.000000,2.366859,0.000000,0.000000,0.000000,1.000000,0.000000,0.025432
34.693459,1,100625.000000,100633.000000,100629.000000,100624.000000,100624.000000,0.000000,0.000000,0.000000,0.000000,0.000000,298.959991,100630.500000,298.995544,0.000000,-46.089111,87.632637,-55.017933,0.008428,0.009220,-0.029784,0.000425,0.000113,0.000563,,0.000000,0.000000,0.000000,0.000000,0.000000,0.000000,0.000000,0.000000,0.000000,0.000000,0.000000,0.000000,0.000000,0.000000,0.000000,2.367363,0.000000,0.000000,0.000000,1.000000,0.000000,0.030434
34.722111,1,100633.000000,100629.000000,100624.000000,100629.000000,100629.000000,0.000000,0.000000,0.000000,0.000000,0.000000,298.959991,100630.492188,298.995514,0.000000,-46.141438,87.634048,-55.067463,0.010867,0.002597,-0.038591,-0.001061,0.002530,0.000621,,0.000000,0.000000,0.000000,0.000000,0.000000,0.000000,0.000000,0.000000,0.000000,0.000000,0.000000,0.000000,0.000000,0.000000,0.000000,2.365952,0.000000,0.000000,0.000000,1.000000,0.000000,0.028632
34.750119,1,100629.000000,100624.000000,100629.000000,100624.000000,100624.000000,0.000000,0.000000,0.000000,0.000000,0.000000,298.959991,100630.492188,298.995483,0.000000,-46.149101,87.635117,-55.073246,-0.000527,-0.004915,-0.026587,-0.001853,0.001934,0.000812,,0.000000,0.000000,0.000000,0.000000,0.000000,0.000000,0.000000,0.000000,0.000000,0.000000,0.000000,0.000000,0.000000,0.000000,0.000000,2.364883,0.000000,0.000000,0.000000,1.000000,0.000000,0.028001
34.774094,1,100624.000000,100629.000000,100624.000000,100630.000000,100630.000000,0.000000,0.000000,0.000000,0.000000,0.000000,298.970001,100630.492188,298.995453,0.000000,-46.172058,87.636940,-55.095951,-0.003992,-0.009722,-0.036989,-0.002105,0.003172,0.001170,,0.000000,0.000000,0.000000,0.000000,0.000000,0.000000,0.000000,0.000000,0.000000,0.000000,0.000000,0.000000,0.000000,0.000000,0.000000,2.363060,0.000000,0.000000,0.000000,1.000000,0.000000,0.024007
34.798121,1,100629.000000,100624.000000,100630.000000,100629.000000,100629.000000,0.000000,0.000000,0.000000,0.000000,0.000000,298.970001,100630.484375,298.995422,0.000000,-46.151394,87.635208,-55.078255,0.005618,0.010012,-0.034664,0.000888,0.000383,0.000788,,0.000000,0.000000,0.000000,0.000000,0.000000,0.000000,0.000000,0.000000,0.000000,0.000000,0.000000,0.000000,0.000000,0.000000,0.000000,2.364792,0.000000,0.000000,0.000000,1.000000,0.000000,0.024002
34.822162,1,100624.000000,100630.000000,100629.000000,100631.000000,100631.000000,0.000000,0.000000,0.000000,0.000000,0.000000,298.980011,100630.484375,298.995422,0.000000,-46.127918,87.634628,-55.057198,-0.002409,0.005872,-0.036963,0.000995,0.000499,0.000128,,0.000000,0.000000,0.000000,0.000000,0.000000,0.000000,0.000000,0.000000,0.000000,0.000000,0.000000,0.000000,0.000000,0.000000,0.000000,2.365372,0.000000,0.000000,0.000000,1.000000,0.000000,0.024019
34.845634,1,100630.000000,100629.000000,100631.000000,100626.000000,100626.000000,0.000000,0.000000,0.000000,0.000000,0.000000,298.980011,100630.484375,298.995392,0.000000,-46.139511,87.634872,-55.068016,-0.001227,-0.010265,-0.035394,0.001297,0.000427,0.000695,,0.000000,0.000000,0.000000,0.000000,0.000000,0.000000,0.000000,0.000000,0.000000,0.000000,0.000000,0.000000,0.000000,0.000000,0.000000,2.365128,0.000000,0.000000,0.000000,1.000000,0.000000,0.023509
34.871071,1,100629.000000,100631.000000,100626.000000,100629.000000,100629.000000,0.000000,0.000000,0.000000,0.000000,0.000000,298.980011,100630.484375,298.995392,0.000000,-46.164085,87.637276,-55.090958,0.006196,-0.005251,-0.032773,-0.001942,0.002902,0.001714,,0.000000,0.000000,0.000000,0.000000,0.000000,0.000000,0.000000,0.000000,0.000000,0.000000,0.000000,0.000000,0.000000,0.000000,0.000000,2.362724,0.000000,0.000000,0.000000,1.000000,0.000000,0.025444
34.901516,1,100631.000000,100626.000000,100629.000000,100627.000000,100627.000000,0.000000,0.000000,0.000000,0.000000,0.000000,298.980011,100630.476562,298.995361,0.000000,-46.158192,87.639099,-55.084267,0.008848,0.000312,-0.036907,-0.000928,0.002493,0.001306,,0.000000,0.000000,0.000000,0.000000,0.000000,0.000000,0.000000,0.000000,0.000000,0.000000,0.000000,0.000000,0.000000,0.000000,0.000000,2.360901,0.000000,0.000000,0.000000,1.000000,0.000000,0.030476
34.925630,1,100626.000000,100629.000000,100627.000000,100629.000000,100629.000000,0.000000,0.000000,0.000000,0.000000,0.000000,298.980011,100630.476562,298.995361,0.000000,-46.139835,87.636696,-55.070305,0.012074,0.008776,-0.037304,0.002230,-0.000095,0.000359,,0.000000,0.000000,0.000000,0.000000,0.000000,0.000000,0.000000,0.000000,0.000000,0.000000,0.000000,0.000000,0.000000,0.000000,0.000000,2.363304,0.000000,0.000000,0.000000,1.000000,0.000000,0.024134
34.949174,1,100629.000000,100627.000000,100629.000000,100628.000000,100628.000000,0.000000,0.000000,0.000000,0.000000,0.000000,298.980011,100630.476562,298.995361,0.000000,-46.104992,87.635208,-55.038372,0.007580,0.000016,-0.037060,0.001843,0.000154,0.000254,,0.000000,0.000000,0.000000,0.000000,0.000000,0.000000,0.000000,0.000000,0.000000,0.000000,0.000000,0.000000,0.000000,0.000000,0.000000,2.364792,0.000000,0.000000,0.000000,1.000000,0.000000,0.023492
34.982122,1,100627.000000,100629.000000,100628.000000,100626.000000,100626.000000,0.000000,0.000000,0.000000,0.000000,0.000000,298.980011,100630.468750,298.995331,0.000000,-46.123112,87.635208,-55.055756,0.005828,0.001194,-0.034636,-0.000113,0.001265,0.000149,,0.000000,0.000000,0.000000,0.000000,0.000000,0.000000,0.000000,0.000000,0.000000,0.000000,0.000000,0.000000,0.000000,0.000000,0.000000,2.364792,0.000000,0.000000,0.000000,1.000000,0.000000,0.032934
35.010103,1,100629.000000,100628.000000,100626.000000,100630.000000,100630.000000,0.000000,0.000000,0.000000,0.000000,0.000000,298.980011,100630.468750,298.995331,0.000000,-46.142155,87.636612,-55.073238,0.004344,-0.002024,-0.039720,-0.001414,0.002825,0.000937,,0.000000,0.000000,0.000000,0.000000,0.000000,0.000000,0.000000,0.000000,0.000000,0.000000,0.000000,0.000000,0.000000,0.000000,0.000000,2.363388,0.000000,0.000000,0.000000,1.000000,0.000000,0.027986
35.038102,1,100628.000000,100626.000000,100630.000000,100627.000000,100627.000000,0.000000,0.000000,0.000000,0.000000,0.000000,298.970001,100630.468750,298.995300,0.000000,-46.150467,87.637108,-55.080997,-0.008372,0.001290,-0.033459,0.000302,0.000894,0.000745,,0.000000,0.000000,0.000000,0.000000,0.000000,0.000000,0.000000,0.000000,0.000000,0.000000,0.000000,0.000000,0.000000,0.000000,0.000000,2.362892,0.000000,0.000000,0.000000,1.000000,0.000000,0.027993
35.061544,1,100626.000000,100630.000000,100627.000000,100628.000000,100628.000000,0.000000,0.000000,0.000000,0.000000,0.000000,298.980011,100630.460938,298.995270,0.000000,-46.125702,87.635536,-55.058193,0.001442,0.002240,-0.030453,0.000463,0.000571,0.000170,,0.000000,0.000000,0.000000,0.000000,0.000000,0.000000,0.000000,0.000000,0.000000,0.000000,0.000000,0.000000,0.000000,0.000000,0.000000,2.364464,0.000000,0.000000,0.000000,1.000000,0.000000,0.023456
35.087260,1,100630.000000,100627.000000,100628.000000,100630.000000,100630.000000,0.000000,0.000000,0.000000,0.000000,0.000000,298.980011,100630.460938,298.995270,0.000000,-46.111507,87.634377,-55.045742,0.003655,-0.001088,-0.029972,0.000514,0.001459,0.000480,,0.000000,0.000000,0.000000,0.000000,0.000000,0.000000,0.000000,0.000000,0.000000,0.000000,0.000000,0.000000,0.000000,0.000000,0.000000,2.365623,0.000000,0.000000,0.000000,1.000000,0.000000,0.025634
35.118119,1,100627.000000,100628.000000,100630.000000,100629.000000,100629.000000,0.000000,0.000000,0.000000,0.000000,0.000000,298.980011,100630.460938,298.995239,0.000000,-46.133545,87.636032,-55.067291,-0.004584,0.000363,-0.042415,-0.000134,0.002137,0.000678,,0.000000,0.000000,0.000000,0.000000,0.000000,0.000000,0.000000,0.000000,0.000000,0.000000,0.000000,0.000000,0.000000,0.000000,0.000000,2.363968,0.000000,0.000000,0.000000,1.000000,0.000000,0.030926
35.150130,1,100628.000000,100630.000000,100629.000000,100633.000000,100633.000000,0.000000,0.000000,0.000000,0.000000,0.000000,298.970001,100630.468750,298.995209,0.000000,-46.167896,87.636444,-55.099957,-0.008567,-0.005871,-0.033194,-0.000129,0.001114,0.000133,,0.000000,0.000000,0.000000,0.000000,0.000000,0.000000,0.000000,0.000000,0.000000,0.000000,0.000000,0.000000,0.000000,0.000000,0.000000,2.363556,0.000000,0.000000,0.000000,1.000000,0.000000,0.031993
35.174109,1,100630.000000,100629.000000,100633.000000,100630.000000,100630.000000,0.000000,0.000000,0.000000,0.000000,0.000000,298.980011,100630.460938,298.995209,0.000000,-46.141167,87.635536,-55.075832,0.006270,-0.004710,-0.032616,0.000603,0.000712,0.000684,,0.000000,0.000000,0.000000,0.000000,0.000000,0.000000,0.000000,0.000000,0.000000,0.000000,0.000000,0.000000,0.000000,0.000000,0.000000,2.364464,0.000000,0.000000,0.000000,1.000000,0.000000,0.024011
35.197671,1,100629.000000,100633.000000,100630.000000,100629.000000,100629.000000,0.000000,0.000000,0.000000,0.000000,0.000000,298.980011,100630.460938,298.995209,0.000000,-46.122952,87.634956,-55.058567,0.003712,0.008912,-0.033317,0.000003,0.001407,0.000676,,0.000000,0.000000,0.000000,0.000000,0.000000,0.000000,0.000000,0.000000,0.000000,0.000000,0.000000,0.000000,0.000000,0.000000,0.000000,2.365044,0.000000,0.000000,0.000000,1.000000,0.000000,0.023428
35.226109,1,100633.000000,100630.000000,100629.000000,100625.000000,100625.000000,0.000000,0.000000,0.000000,0.000000,0.000000,298.980011,100630.460938,298.995178,0.000000,-46.131241,87.635620,-55.066578,0.006652,0.003188,-0.033415,-0.001415,0.002957,0.001485,,0.000000,0.000000,0.000000,0.000000,0.000000,0.000000,0.000000,0.000000,0.000000,0.000000,0.000000,0.000000,0.000000,0.000000,0.000000,2.364380,0.000000,0.000000,0.000000,1.000000,0.000000,0.028555
35.254144,1,100630.000000,100629.000000,100625.000000,100630.000000,100630.000000,0.000000,0.000000,0.000000,0.000000,0.000000,298.980011,100630.460938,298.995178,0.000000,-46.156292,87.637360,-55.090038,-0.005180,-0.003447,-0.032927,-0.001104,0.002346,0.000391,,0.000000,0.000000,0.000000,0.000000,0.000000,0.000000,0.000000,0.000000,0.000000,0.000000,0.000000,0.000000,0.000000,0.000000,0.000000,2.362640,0.000000,0.000000,0.000000,1.000000,0.000000,0.028005
35.282101,1,100629.000000,100625.000000,100630.000000,100624.000000,100624.000000,0.000000,0.000000,0.000000,0.000000,0.000000,298.980011,100630.453125,298.995148,0.000000,-46.161968,87.637360,-55.095818,0.000869,-0.005685,-0.031321,-0.000015,0.001196,0.000686,,0.000000,0.000000,0.000000,0.000000,0.000000,0.000000,0.000000,0.000000,0.000000,0.000000,0.000000,0.000000,0.000000,0.000000,0.000000,2.362640,0.000000,0.000000,0.000000,1.000000,0.000000,0.027996
35.314159,1,100625.000000,100630.000000,100624.000000,100630.000000,100630.000000,0.000000,0.000000,0.000000,0.000000,0.000000,298.970001,100630.453125,298.995117,0.000000,-46.144493,87.637024,-55.078892,0.006114,0.008974,-0.038866,0.000861,0.000750,0.000762,,0.000000,0.000000,0.000000,0.000000,0.000000,0.000000,0.000000,0.000000,0.000000,0.000000,0.000000,0.000000,0.000000,0.000000,0.000000,2.362976,0.000000,0.000000,0.000000,1.000000,0.000000,0.032005
35.347682,1,100630.000000,100624.000000,100630.000000,100628.000000,100628.000000,0.000000,0.000000,0.000000,0.000000,0.000000,298.970001,100630.445312,298.995087,0.000000,-46.122330,87.634712,-55.059418,-0.001635,0.003729,-0.036242,0.001282,-0.000011,0.000138,,0.000000,0.000000,0.000000,0.000000,0.000000,0.000000,0.000000,0.000000,0.000000,0.000000,0.000000,0.000000,0.000000,0.000000,0.000000,2.365288,0.000000,0.000000,0.000000,1.000000,0.000000,0.033501
35.382194,1,100624.000000,100630.000000,100628.000000,100629.000000,100629.000000,0.000000,0.000000,0.000000,0.000000,0.000000,298.959991,100630.445312,298.995056,0.000000,-46.103451,87.634544,-55.040012,-0.003269,-0.006124,-0.032646,0.001016,-0.000399,0.000633,,0.000000,0.000000,0.000000,0.000000,0.000000,0.000000,0.000000,0.000000,0.000000,0.000000,0.000000,0.000000,0.000000,0.000000,0.000000,2.365456,0.000000,0.000000,0.000000,1.000000,0.000000,0.034516
35.407468,1,100630.000000,100628.000000,100629.000000,100630.000000,100630.000000,0.000000,0.000000,0.000000,0.000000,0.000000,298.959991,100630.445312,298.995026,0.000000,-46.159210,87.636276,-55.094879,0.003448,0.005255,-0.037452,-0.000178,0.002184,0.000687,,0.000000,0.000000,0.000000,0.000000,0.000000,0.000000,0.000000,0.000000,0.000000,0.000000,0.000000,0.000000,0.000000,0.000000,0.000000,2.363724,0.000000,0.000000,0.000000,1.000000,0.000000,0.025333
35.442287,1,100628.000000,100629.000000,100630.000000,100632.000000,100632.000000,0.000000,0.000000,0.000000,0.000000,0.000000,298.959991,100630.445312,298.994995,0.000000,-46.134312,87.636696,-55.069534,-0.000489,0.013462,-0.027487,-0.000354,0.000930,0.000309,,0.000000,0.000000,0.000000,0.000000,0.000000,0.000000,0.000000,0.000000,0.000000,0.000000,0.000000,0.000000,0.000000,0.000000,0.000000,2.363304,0.000000,0.000000,0.000000,1.000000,0.000000,0.034833
35.466210,1,100629.000000,100630.000000,100632.000000,100629.000000,100629.000000,0.000000,0.000000,0.000000,0.000000,0.000000,298.959991,100630.445312,298.994965,0.000000,-46.097595,87.634956,-55.035690,-0.002149,0.005523,-0.034396,0.001148,0.000970,0.000783,,0.000000,0.000000,0.000000,0.000000,0.000000,0.000000,0.000000,0.000000,0.000000,0.000000,0.000000,0.000000,0.000000,0.000000,0.000000,2.365044,0.000000,0.000000,0.000000,1.000000,0.000000,0.023857
35.491938,1,100630.000000,100632.000000,100629.000000,100629.000000,100629.000000,0.000000,0.000000,0.000000,0.000000,0.000000,298.959991,100630.445312,298.994934,0.000000,-46.112984,87.635620,-55.050827,0.005232,-0.003834,-0.034449,-0.000015,0.001756,0.001081,,0.000000,0.000000,0.000000,0.000000,0.000000,0.000000,0.000000,0.000000,0.000000,0.000000,0.000000,0.000000,0.000000,0.000000,0.000000,2.364380,0.000000,0.000000,0.000000,1.000000,0.000000,0.025717
35.522616,1,100632.000000,100629.000000,100629.000000,100627.000000,100627.000000,0.000000,0.000000,0.000000,0.000000,0.000000,298.970001,100630.445312,298.994904,0.000000,-46.133026,87.637604,-55.068954,-0.004580,-0.000803,-0.042416,-0.001337,0.002388,0.000783,,0.000000,0.000000,0.000000,0.000000,0.000000,0.000000,0.000000,0.000000,0.000000,0.000000,0.000000,0.000000,0.000000,0.000000,0.000000,2.362396,0.000000,0.000000,0.000000,1.000000,0.000000,0.030637
35.546188,1,100629.000000,100629.000000,100627.000000,100628.000000,100628.000000,0.000000,0.000000,0.000000,0.000000,0.000000,298.970001,100630.437500,298.994873,0.000000,-46.139656,87.637520,-55.076275,-0.003492,0.006507,-0.030085,0.000275,0.001303,0.000243,,0.000000,0.000000,0.000000,0.000000,0.000000,0.000000,0.000000,0.000000,0.000000,0.000000,0.000000,0.000000,0.000000,0.000000,0.000000,2.362480,0.000000,0.000000,0.000000,1.000000,0.000000,0.023622
35.570337,1,100629.000000,100627.000000,100628.000000,100627.000000,100627.000000,0.000000,0.000000,0.000000,0.000000,0.000000,298.970001,100630.437500,298.994873,0.000000,-46.109489,87.635452,-55.046082,0.006606,0.005253,-0.034119,-0.000470,0.000938,0.000601,,0.000000,0.000000,0.000000,0.000000,0.000000,0.000000,0.000000,0.000000,0.000000,0.000000,0.000000,0.000000,0.000000,0.000000,0.000000,2.364548,0.000000,0.000000,0.000000,1.000000,0.000000,0.024044
35.594135,1,100627.000000,100628.000000,100627.000000,100627.000000,100627.000000,0.000000,0.000000,0.000000,0.000000,0.000000,298.980011,100630.429688,298.994843,0.000000,-46.101105,87.635292,-55.039082,-0.005600,-0.009006,-0.036819,0.000890,0.000942,-0.000007,,0.000000,0.000000,0.000000,0.000000,0.000000,0.000000,0.000000,0.000000,0.000000,0.000000,0.000000,0.000000,0.000000,0.000000,0.000000,2.364708,0.000000,0.000000,0.000000,1.000000,0.000000,0.023912
35.622620,1,100628.000000,100627.000000,100627.000000,100628.000000,100628.000000,0.000000,0.000000,0.000000,0.000000,0.000000,298.980011,100630.429688,298.994843,0.000000,-46.122002,87.636444,-55.060093,-0.016030,0.003879,-0.037186,0.000195,0.001907,0.000463,,0.000000,0.000000,0.000000,0.000000,0.000000,0.000000,0.000000,0.000000,0.000000,0.000000,0.000000,0.000000,0.000000,0.000000,0.000000,2.363556,0.000000,0.000000,0.000000,1.000000,0.000000,0.028423
35.646190,1,100627.000000,100627.000000,100628.000000,100624.000000,100624.000000,0.000000,0.000000,0.000000,0.000000,0.000000,298.980011,100630.421875,298.994812,0.000000,-46.129921,87.637024,-55.065704,-0.002268,-0.002998,-0.027772,-0.001052,0.001627,0.000820,,0.000000,0.000000,0.000000,0.000000,0.000000,0.000000,0.000000,0.000000,0.000000,0.000000,0.000000,0.000000,0.000000,0.000000,0.000000,2.362976,0.000000,0.000000,0.000000,1.000000,0.000000,0.023624
35.670594,1,100627.000000,100628.000000,100624.000000,100630.000000,100630.000000,0.000000,0.000000,0.000000,0.000000,0.000000,298.980011,100630.421875,298.994812,0.000000,-46.094376,87.634125,-55.032627,0.007133,0.000630,-0.036588,-0.000504,0.001273,0.000206,,0.000000,0.000000,0.000000,0.000000,0.000000,0.000000,0.000000,0.000000,0.000000,0.000000,0.000000,0.000000,0.000000,0.000000,0.000000,2.365875,0.000000,0.000000,0.000000,1.000000,0.000000,0.024317
35.694614,1,100628.000000,100624.000000,100630.000000,100629.000000,100629.000000,0.000000,0.000000,0.000000,0.000000,0.000000,298.989990,100630.421875,298.994812,0.000000,-46.091728,87.634453,-55.031460,0.007375,0.002331,-0.031544,0.001423,0.000477,0.000357,,0.000000,0.000000,0.000000,0.000000,0.000000,0.000000,0.000000,0.000000,0.000000,0.000000,0.000000,0.000000,0.000000,0.000000,0.000000,2.365547,0.000000,0.000000,0.000000,1.000000,0.000000,0.023896
35.718367,1,100624.000000,100630.000000,100629.000000,100631.000000,100631.000000,0.000000,0.000000,0.000000,0.000000,0.000000,298.989990,100630.421875,298.994812,0.000000,-46.058876,87.633217,-54.999657,-0.011307,0.003363,-0.036596,-0.000861,0.002912,0.000839,,0.000000,0.000000,0.000000,0.000000,0.000000,0.000000,0.000000,0.000000,0.000000,0.000000,0.000000,0.000000,0.000000,0.000000,0.000000,2.366783,0.000000,0.000000,0.000000,1.000000,0.000000,0.023976
35.742781,1,100630.000000,100629.000000,100631.000000,100628.000000,100628.000000,0.000000,0.000000,0.000000,0.000000,0.000000,299.000000,100630.421875,298.994812,0.000000,-46.081841,87.633469,-55.022221,-0.000732,-0.005948,-0.025721,-0.000569,0.001255,0.000480,,0.000000,0.000000,0.000000,0.000000,0.000000,0.000000,0.000000,0.000000,0.000000,0.000000,0.000000,0.000000,0.000000,0.000000,0.000000,2.366531,0.000000,0.000000,0.000000,1.000000,0.000000,0.024386
35.766523,1,100629.000000,100631.000000,100628.000000,100626.000000,100626.000000,0.000000,0.000000,0.000000,0.000000,0.000000,299.000000,100630.414062,298.994812,0.000000,-46.107052,87.635292,-55.044701,0.001739,-0.011853,-0.032859,-0.000679,0.002055,0.001099,,0.000000,0.000000,0.000000,0.000000,0.000000,0.000000,0.000000,0.000000,0.000000,0.000000,0.000000,0.000000,0.000000,0.000000,0.000000,2.364708,0.000000,0.000000,0.000000,1.000000,0.000000,0.023761
35.792793,1,100631.000000,100628.000000,100626.000000,100628.000000,100628.000000,0.000000,0.000000,0.000000,0.000000,0.000000,298.989990,100630.414062,298.994812,0.000000,-46.103981,87.635956,-55.042194,0.006092,-0.002279,-0.031366,0.000802,0.001476,0.000729,,0.000000,0.000000,0.000000,0.000000,0.000000,0.000000,0.000000,0.000000,0.000000,0.000000,0.000000,0.000000,0.000000,0.000000,0.000000,2.364044,0.000000,0.000000,0.000000,1.000000,0.000000,0.026241
35.816523,1,100628.000000,100626.000000,100628.000000,100632.000000,100632.000000,0.000000,0.000000,0.000000,0.000000,0.000000,299.000000,100630.414062,298.994812,0.000000,-46.071922,87.633057,-55.013130,0.001129,0.001840,-0.040548,0.000767,0.000212,0.000370,,0.000000,0.000000,0.000000,0.000000,0.000000,0.000000,0.000000,0.000000,0.000000,0.000000,0.000000,0.000000,0.000000,0.000000,0.000000,2.366943,0.000000,0.000000,0.000000,1.000000,0.000000,0.023765
35.842926,1,100626.000000,100628.000000,100632.000000,100628.000000,100628.000000,0.000000,0.000000,0.000000,0.000000,0.000000,299.000000,100630.414062,298.994812,0.000000,-46.061657,87.631897,-55.004635,-0.006455,-0.004037,-0.038571,0.000863,-0.000224,0.000148,,0.000000,0.000000,0.000000,0.000000,0.000000,0.000000,0.000000,0.000000,0.000000,0.000000,0.000000,0.000000,0.000000,0.000000,0.000000,2.368103,0.000000,0.000000,0.000000,1.000000,0.000000,0.026402
35.874224,1,100628.000000,100632.000000,100628.000000,100632.000000,100632.000000,0.000000,0.000000,0.000000,0.000000,0.000000,298.989990,100630.414062,298.994812,0.000000,-46.031216,87.630241,-54.974949,-0.002271,-0.009366,-0.031631,-0.000095,0.000559,0.000417,,0.000000,0.000000,0.000000,0.000000,0.000000,0.000000,0.000000,0.000000,0.000000,0.000000,0.000000,0.000000,0.000000,0.000000,0.000000,2.369759,0.000000,0.000000,0.000000,1.000000,0.000000,0.031297
35.898135,1,100632.000000,100628.000000,100632.000000,100631.000000,100631.000000,0.000000,0.000000,0.000000,0.000000,0.000000,298.989990,100630.414062,298.994812,0.000000,-46.054253,87.632477,-54.996246,0.007800,0.002051,-0.033402,-0.000976,0.002462,0.001008,,0.000000,0.000000,0.000000,0.000000,0.000000,0.000000,0.000000,0.000000,0.000000,0.000000,0.000000,0.000000,0.000000,0.000000,0.000000,2.367523,0.000000,0.000000,0.000000,1.000000,0.000000,0.023908
35.922360,1,100628.000000,100632.000000,100631.000000,100633.000000,100633.000000,0.000000,0.000000,0.000000,0.000000,0.000000,298.989990,100630.421875,298.994812,0.000000,-46.071404,87.633301,-55.013767,0.006583,0.011575,-0.033892,0.000571,0.001393,0.000773,,0.000000,0.000000,0.000000,0.000000,0.000000,0.000000,0.000000,0.000000,0.000000,0.000000,0.000000,0.000000,0.000000,0.000000,0.000000,2.366699,0.000000,0.000000,0.000000,1.000000,0.000000,0.024086
35.946064,1,100632.000000,100631.000000,100633.000000,100627.000000,100627.000000,0.000000,0.000000,0.000000,0.000000,0.000000,299.000000,100630.414062,298.994812,0.000000,-46.040680,87.630081,-54.985210,-0.004025,-0.001922,-0.034412,0.001617,-0.000762,-0.000056,,0.000000,0.000000,0.000000,0.000000,0.000000,0.000000,0.000000,0.000000,0.000000,0.000000,0.000000,0.000000,0.000000,0.000000,0.000000,2.369919,0.000000,0.000000,0.000000,1.000000,0.000000,0.023845
35.974614,1,100631.000000,100633.000000,100627.000000,100628.000000,100628.000000,0.000000,0.000000,0.000000,0.000000,0.000000,299.000000,100630.414062,298.994812,0.000000,-46.011532,87.628586,-54.957989,0.001023,-0.000775,-0.026543,0.001334,-0.000152,0.000235,,0.000000,0.000000,0.000000,0.000000,0.000000,0.000000,0.000000,0.000000,0.000000,0.000000,0.000000,0.000000,0.000000,0.000000,0.000000,2.371414,0.000000,0.000000,0.000000,1.000000,0.000000,0.028546
35.998200,1,100633.000000,100627.000000,100628.000000,100628.000000,100628.000000,0.000000,0.000000,0.000000,0.000000,0.000000,299.000000,100630.414062,298.994812,0.000000,-46.022198,87.628677,-54.968948,0.004073,-0.003386,-0.029281,0.000916,0.001272,0.000476,,0.000000,0.000000,0.000000,0.000000,0.000000,0.000000,0.000000,0.000000,0.000000,0.000000,0.000000,0.000000,0.000000,0.000000,0.000000,2.371323,0.000000,0.000000,0.000000,1.000000,0.000000,0.023585
36.022461,1,100627.000000,100628.000000,100628.000000,100623.000000,100623.000000,0.000000,0.000000,0.000000,0.000000,0.000000,299.000000,100630.406250,298.994812,0.000000,-46.059296,87.631897,-55.003490,-0.001791,0.008662,-0.029114,-0.000432,0.002368,0.000733,,0.000000,0.000000,0.000000,0.000000,0.000000,0.000000,0.000000,0.000000,0.000000,0.000000,0.000000,0.000000,0.000000,0.000000,0.000000,2.368103,0.000000,0.000000,0.000000,1.000000,0.000000,0.024143
36.046128,1,100628.000000,100628.000000,100623.000000,100630.000000,100630.000000,0.000000,0.000000,0.000000,0.000000,0.000000,299.000000,100630.406250,298.994812,0.000000,-46.085861,87.631813,-55.028992,0.001662,0.000547,-0.036236,-0.000370,0.001312,0.000648,,0.000000,0.000000,0.000000,0.000000,0.000000,0.000000,0.000000,0.000000,0.000000,0.000000,0.000000,0.000000,0.000000,0.000000,0.000000,2.368187,0.000000,0.000000,0.000000,1.000000,0.000000,0.023786
36.070689,1,100628.000000,100623.000000,100630.000000,100629.000000,100629.000000,0.000000,0.000000,0.000000,0.000000,0.000000,299.000000,100630.398438,298.994843,0.000000,-46.064327,87.631401,-55.008762,0.009053,-0.003076,-0.038967,0.000718,0.000551,0.000029,,0.000000,0.000000,0.000000,0.000000,0.000000,0.000000,0.000000,0.000000,0.000000,0.000000,0.000000,0.000000,0.000000,0.000000,0.000000,2.368599,0.000000,0.000000,0.000000,1.000000,0.000000,0.024442
36.094806,1,100623.000000,100630.000000,100629.000000,100631.000000,100631.000000,0.000000,0.000000,0.000000,0.000000,0.000000,299.000000,100630.406250,298.994843,0.000000,-46.037796,87.629089,-54.985580,-0.004347,-0.001033,-0.037302,0.001114,0.000217,0.000425,,0.000000,0.000000,0.000000,0.000000,0.000000,0.000000,0.000000,0.000000,0.000000,0.000000,0.000000,0.000000,0.000000,0.000000,0.000000,2.370911,0.000000,0.000000,0.000000,1.000000,0.000000,0.024054
36.118383,1,100630.000000,100629.000000,100631.000000,100631.000000,100631.000000,0.000000,0.000000,0.000000,0.000000,0.000000,299.010010,100630.406250,298.994843,0.000000,-46.040558,87.629669,-54.988224,0.002887,-0.002751,-0.036619,0.000297,0.001285,0.000680,,0.000000,0.000000,0.000000,0.000000,0.000000,0.000000,0.000000,0.000000,0.000000,0.000000,0.000000,0.000000,0.000000,0.000000,0.000000,2.370331,0.000000,0.000000,0.000000,1.000000,0.000000,0.023749
36.143094,1,100629.000000,100631.000000,100631.000000,100630.000000,100630.000000,0.000000,0.000000,0.000000,0.000000,0.000000,299.010010,100630.406250,298.994873,0.000000,-46.041901,87.629250,-54.990204,-0.000604,0.011747,-0.033838,0.001235,0.000011,-0.000226,,0.000000,0.000000,0.000000,0.000000,0.000000,0.000000,0.000000,0.000000,0.000000,0.000000,0.000000,0.000000,0.000000,0.000000,0.000000,2.370750,0.000000,0.000000,0.000000,1.000000,0.000000,0.024695
36.166769,1,100631.000000,100631.000000,100630.000000,100625.000000,100625.000000,0.000000,0.000000,0.000000,0.000000,0.000000,299.010010,100630.398438,298.994873,0.000000,-46.033768,87.628014,-54.982334,0.005449,0.004338,-0.033198,-0.000155,0.001254,0.000948,,0.000000,0.000000,0.000000,0.000000,0.000000,0.000000,0.000000,0.000000,0.000000,0.000000,0.000000,0.000000,0.000000,0.000000,0.000000,2.371986,0.000000,0.000000,0.000000,1.000000,0.000000,0.023695
36.193223,1,100631.000000,100630.000000,100625.000000,100627.000000,100627.000000,0.000000,0.000000,0.000000,0.000000,0.000000,299.010010,100630.398438,298.994904,0.000000,-46.039158,87.629005,-54.987602,-0.003139,0.001233,-0.032577,0.000603,0.001081,0.000557,,0.000000,0.000000,0.000000,0.000000,0.000000,0.000000,0.000000,0.000000,0.000000,0.000000,0.000000,0.000000,0.000000,0.000000,0.000000,2.370995,0.000000,0.000000,0.000000,1.000000,0.000000,0.026451
36.222428,1,100630.000000,100625.000000,100627.000000,100626.000000,100626.000000,0.000000,0.000000,0.000000,0.000000,0.000000,299.000000,100630.390625,298.994904,0.000000,-46.018921,87.627686,-54.969250,-0.010493,0.005097,-0.040502,-0.000399,0.000993,0.000044,,0.000000,0.000000,0.000000,0.000000,0.000000,0.000000,0.000000,0.000000,0.000000,0.000000,0.000000,0.000000,0.000000,0.000000,0.000000,2.372314,0.000000,0.000000,0.000000,1.000000,0.000000,0.029068
36.246177,1,100625.000000,100627.000000,100626.000000,100631.000000,100631.000000,0.000000,0.000000,0.000000,0.000000,0.000000,299.010010,100630.390625,298.994904,0.000000,-46.019028,87.626442,-54.969753,0.002765,-0.005339,-0.028265,0.000190,0.000656,0.000012,,0.000000,0.000000,0.000000,0.000000,0.000000,0.000000,0.000000,0.000000,0.000000,0.000000,0.000000,0.000000,0.000000,0.000000,0.000000,2.373558,0.000000,0.000000,0.000000,1.000000,0.000000,0.023896
36.274749,1,100627.000000,100626.000000,100631.000000,100627.000000,100627.000000,0.000000,0.000000,0.000000,0.000000,0.000000,299.000000,100630.390625,298.994904,0.000000,-46.031021,87.628258,-54.981102,0.004651,-0.001450,-0.031290,-0.000331,0.002108,0.001110,,0.000000,0.000000,0.000000,0.000000,0.000000,0.000000,0.000000,0.000000,0.000000,0.000000,0.000000,0.000000,0.000000,0.000000,0.000000,2.371742,0.000000,0.000000,0.000000,1.000000,0.000000,0.028554
36.298394,1,100626.000000,100631.000000,100627.000000,100625.000000,100625.000000,0.000000,0.000000,0.000000,0.000000,0.000000,299.000000,100630.382812,298.994904,0.000000,-46.055695,87.630409,-55.004631,0.002320,0.000355,-0.034602,-0.001052,0.001731,0.000991,,0.000000,0.000000,0.000000,0.000000,0.000000,0.000000,0.000000,0.000000,0.000000,0.000000,0.000000,0.000000,0.000000,0.000000,0.000000,2.369591,0.000000,0.000000,0.000000,1.000000,0.000000,0.023666
36.326575,1,100631.000000,100627.000000,100625.000000,100631.000000,100631.000000,0.000000,0.000000,0.000000,0.000000,0.000000,299.000000,100630.382812,298.994934,0.000000,-46.057552,87.629333,-55.007763,0.005052,-0.000552,-0.037202,0.000971,0.001206,0.000629,,0.000000,0.000000,0.000000,0.000000,0.000000,0.000000,0.000000,0.000000,0.000000,0.000000,0.000000,0.000000,0.000000,0.000000,0.000000,2.370667,0.000000,0.000000,0.000000,1.000000,0.000000,0.028158
36.350355,1,100627.000000,100625.000000,100631.000000,100631.000000,100631.000000,0.000000,0.000000,0.000000,0.000000,0.000000,299.000000,100630.382812,298.994934,0.000000,-46.020893,87.626778,-54.974072,0.002643,-0.001356,-0.039858,0.000603,0.000559,-0.000064,,0.000000,0.000000,0.000000,0.000000,0.000000,0.000000,0.000000,0.000000,0.000000,0.000000,0.000000,0.000000,0.000000,0.000000,0.000000,2.373222,0.000000,0.000000,0.000000,1.000000,0.000000,0.023713
36.374045,1,100625.000000,100631.000000,100631.000000,100629.000000,100629.000000,0.000000,0.000000,0.000000,0.000000,0.000000,299.010010,100630.382812,298.994934,0.000000,-46.031704,87.627518,-54.984203,0.008487,-0.008671,-0.027617,0.000131,0.001574,0.000810,,0.000000,0.000000,0.000000,0.000000,0.000000,0.000000,0.000000,0.000000,0.000000,0.000000,0.000000,0.000000,0.000000,0.000000,0.000000,2.372482,0.000000,0.000000,0.000000,1.000000,0.000000,0.023781
36.398473,1,100631.000000,100631.000000,100629.000000,100628.000000,100628.000000,0.000000,0.000000,0.000000,0.000000,0.000000,299.010010,100630.382812,298.994965,0.000000,-46.051895,87.628181,-55.003670,0.001060,-0.011602,-0.028273,-0.000826,0.002252,0.000571,,0.000000,0.000000,0.000000,0.000000,0.000000,0.000000,0.000000,0.000000,0.000000,0.000000,0.000000,0.000000,0.000000,0.000000,0.000000,2.371819,0.000000,0.000000,0.000000,1.000000,0.000000,0.024424
36.422700,1,100631.000000,100629.000000,100628.000000,100626.000000,100626.000000,0.000000,0.000000,0.000000,0.000000,0.000000,299.010010,100630.375000,298.994965,0.000000,-46.088581,87.629753,-55.039028,0.007285,0.004470,-0.043531,-0.000582,0.002358,0.000781,,0.000000,0.000000,0.000000,0.000000,0.000000,0.000000,0.000000,0.000000,0.000000,0.000000,0.000000,0.000000,0.000000,0.000000,0.000000,2.370247,0.000000,0.000000,0.000000,1.000000,0.000000,0.024164
36.446316,1,100629.000000,100628.000000,100626.000000,100623.000000,100623.000000,0.000000,0.000000,0.000000,0.000000,0.000000,299.010010,100630.367188,298.994995,0.000000,-46.062931,87.628677,-55.014618,0.012753,0.000643,-0.022098,0.002412,-0.000726,-0.000456,,0.000000,0.000000,0.000000,0.000000,0.000000,0.000000,0.000000,0.000000,0.000000,0.000000,0.000000,0.000000,0.000000,0.000000,0.000000,2.371323,0.000000,0.000000,0.000000,1.000000,0.000000,0.023686
36.470906,1,100628.000000,100626.000000,100623.000000,100632.000000,100632.000000,0.000000,0.000000,0.000000,0.000000,0.000000,299.010010,100630.375000,298.994995,0.000000,-46.037460,87.626617,-54.991047,0.003344,-0.012004,-0.024302,0.000504,0.000123,-0.000019,,0.000000,0.000000,0.000000,0.000000,0.000000,0.000000,0.000000,0.000000,0.000000,0.000000,0.000000,0.000000,0.000000,0.000000,0.000000,2.373383,0.000000,0.000000,0.000000,1.000000,0.000000,0.024383
36.494669,1,100626.000000,100623.000000,100632.000000,100626.000000,100626.000000,0.000000,0.000000,0.000000,0.000000,0.000000,299.010010,100630.367188,298.994995,0.000000,-46.028015,87.626114,-54.983707,-0.005346,-0.002162,-0.039616,0.001318,0.000749,0.000793,,0.000000,0.000000,0.000000,0.000000,0.000000,0.000000,0.000000,0.000000,0.000000,0.000000,0.000000,0.000000,0.000000,0.000000,0.000000,2.373886,0.000000,0.000000,0.000000,1.000000,0.000000,0.023950
36.518625,1,100623.000000,100632.000000,100626.000000,100628.000000,100628.000000,0.000000,0.000000,0.000000,0.000000,0.000000,299.010010,100630.367188,298.995026,0.000000,-46.021496,87.626778,-54.977097,-0.014542,0.009866,-0.043085,-0.001390,0.002416,0.000673,,0.000000,0.000000,0.000000,0.000000,0.000000,0.000000,0.000000,0.000000,0.000000,0.000000,0.000000,0.000000,0.000000,0.000000,0.000000,2.373222,0.000000,0.000000,0.000000,1.000000,0.000000,0.023967
36.543529,1,100632.000000,100626.000000,100628.000000,100629.000000,100629.000000,0.000000,0.000000,0.000000,0.000000,0.000000,299.010010,100630.367188,298.995026,0.000000,-46.044968,87.627274,-54.999397,-0.001412,0.003692,-0.033469,-0.000964,0.001649,0.001197,,0.000000,0.000000,0.000000,0.000000,0.000000,0.000000,0.000000,0.000000,0.000000,0.000000,0.000000,0.000000,0.000000,0.000000,0.000000,2.372726,0.000000,0.000000,0.000000,1.000000,0.000000,0.024871
36.567248,1,100626.000000,100628.000000,100629.000000,100628.000000,100628.000000,0.000000,0.000000,0.000000,0.000000,0.000000,299.010010,100630.359375,298.995056,0.000000,-46.023819,87.628258,-54.976982,-0.002062,-0.002005,-0.036652,0.000294,0.001290,0.001174,,0.000000,0.000000,0.000000,0.000000,0.000000,0.000000,0.000000,0.000000,0.000000,0.000000,0.000000,0.000000,0.000000,0.000000,0.000000,2.371742,0.000000,0.000000,0.000000,1.000000,0.000000,0.023756
36.593574,1,100628.000000,100629.000000,100628.000000,100630.000000,100630.000000,0.000000,0.000000,0.000000,0.000000,0.000000,299.010010,100630.359375,298.995056,0.000000,-46.022720,87.628510,-54.977596,-0.005535,-0.005066,-0.033219,-0.000091,0.002610,0.001128,,0.000000,0.000000,0.000000,0.000000,0.000000,0.000000,0.000000,0.000000,0.000000,0.000000,0.000000,0.000000,0.000000,0.000000,0.000000,2.371490,0.000000,0.000000,0.000000,1.000000,0.000000,0.026323
36.618100,1,100629.000000,100628.000000,100630.000000,100627.000000,100627.000000,0.000000,0.000000,0.000000,0.000000,0.000000,299.019989,100630.359375,298.995087,0.000000,-46.018635,87.626862,-54.976414,0.001122,0.000788,-0.032558,0.001102,0.000605,0.000022,,0.000000,0.000000,0.000000,0.000000,0.000000,0.000000,0.000000,0.000000,0.000000,0.000000,0.000000,0.000000,0.000000,0.000000,0.000000,2.373138,0.000000,0.000000,0.000000,1.000000,0.000000,0.024524
36.641705,1,100628.000000,100630.000000,100627.000000,100630.000000,100630.000000,0.000000,0.000000,0.000000,0.000000,0.000000,299.010010,100630.359375,298.995087,0.000000,-46.000343,87.627274,-54.957222,0.002213,0.010251,-0.045559,-0.000203,0.001127,0.000896,,0.000000,0.000000,0.000000,0.000000,0.000000,0.000000,0.000000,0.000000,0.000000,0.000000,0.000000,0.000000,0.000000,0.000000,0.000000,2.372726,0.000000,0.000000,0.000000,1.000000,0.000000,0.023582
36.665276,1,100630.000000,100627.000000,100630.000000,100627.000000,100627.000000,0.000000,0.000000,0.000000,0.000000,0.000000,299.019989,100630.351562,298.995117,0.000000,-46.037994,87.629089,-54.993938,0.006491,-0.011086,-0.029926,-0.001033,0.002144,0.000714,,0.000000,0.000000,0.000000,0.000000,0.000000,0.000000,0.000000,0.000000,0.000000,0.000000,0.000000,0.000000,0.000000,0.000000,0.000000,2.370911,0.000000,0.000000,0.000000,1.000000,0.000000,0.023603
36.690301,1,100627.000000,100630.000000,100627.000000,100624.000000,100624.000000,0.000000,0.000000,0.000000,0.000000,0.000000,299.019989,100630.351562,298.995148,0.000000,-46.050159,87.629753,-55.006535,0.006361,0.009655,-0.031292,-0.000161,0.002514,0.001216,,0.000000,0.000000,0.000000,0.000000,0.000000,0.000000,0.000000,0.000000,0.000000,0.000000,0.000000,0.000000,0.000000,0.000000,0.000000,2.370247,0.000000,0.000000,0.000000,1.000000,0.000000,0.024983
36.713878,1,100630.000000,100627.000000,100624.000000,100628.000000,100628.000000,0.000000,0.000000,0.000000,0.000000,0.000000,299.019989,100630.343750,298.995178,0.000000,-46.036331,87.628845,-54.993607,-0.005962,0.007235,-0.040038,0.000454,0.000691,0.000233,,0.000000,0.000000,0.000000,0.000000,0.000000,0.000000,0.000000,0.000000,0.000000,0.000000,0.000000,0.000000,0.000000,0.000000,0.000000,2.371155,0.000000,0.000000,0.000000,1.000000,0.000000,0.023612
36.738308,1,100627.000000,100624.000000,100628.000000,100630.000000,100630.000000,0.000000,0.000000,0.000000,0.000000,0.000000,299.019989,100630.343750,298.995178,0.000000,-46.032246,87.629005,-54.989647,-0.001063,0.002868,-0.043710,-0.001081,0.002023,0.000554,,0.000000,0.000000,0.000000,0.000000,0.000000,0.000000,0.000000,0.000000,0.000000,0.000000,0.000000,0.000000,0.000000,0.000000,0.000000,2.370995,0.000000,0.000000,0.000000,1.000000,0.000000,0.024350
36.762023,1,100624.000000,100628.000000,100630.000000,100630.000000,100630.000000,0.000000,0.000000,0.000000,0.000000,0.000000,299.019989,100630.343750,298.995209,0.000000,-46.036903,87.627853,-54.995678,0.005561,-0.012079,-0.030197,0.000026,0.001409,0.000463,,0.000000,0.000000,0.000000,0.000000,0.000000,0.000000,0.000000,0.000000,0.000000,0.000000,0.000000,0.000000,0.000000,0.000000,0.000000,2.372147,0.000000,0.000000,0.000000,1.000000,0.000000,0.023731
36.785758,1,100628.000000,100630.000000,100630.000000,100627.000000,100627.000000,0.000000,0.000000,0.000000,0.000000,0.000000,299.019989,100630.343750,298.995239,0.000000,-46.073257,87.630661,-55.031364,-0.002429,-0.003593,-0.025973,-0.001021,0.002479,0.001173,,0.000000,0.000000,0.000000,0.000000,0.000000,0.000000,0.000000,0.000000,0.000000,0.000000,0.000000,0.000000,0.000000,0.000000,0.000000,2.369339,0.000000,0.000000,0.000000,1.000000,0.000000,0.023810
36.810302,1,100630.000000,100630.000000,100627.000000,100623.000000,100623.000000,0.000000,0.000000,0.000000,0.000000,0.000000,299.019989,100630.335938,298.995270,0.000000,-46.061653,87.630081,-55.020214,0.001254,-0.000203,-0.040945,0.000046,0.002179,0.000620,,0.000000,0.000000,0.000000,0.000000,0.000000,0.000000,0.000000,0.000000,0.000000,0.000000,0.000000,0.000000,0.000000,0.000000,0.000000,2.369919,0.000000,0.000000,0.000000,1.000000,0.000000,0.024538
36.836810,1,100630.000000,100627.000000,100623.000000,100627.000000,100627.000000,0.000000,0.000000,0.000000,0.000000,0.000000,299.019989,100630.335938,298.995270,0.000000,-46.059544,87.629173,-55.020855,-0.003381,-0.003080,-0.038780,0.000834,0.000009,-0.000094,,0.000000,0.000000,0.000000,0.000000,0.000000,0.000000,0.000000,0.000000,0.000000,0.000000,0.000000,0.000000,0.000000,0.000000,0.000000,2.370827,0.000000,0.000000,0.000000,1.000000,0.000000,0.026512
36.860661,1,100627.000000,100623.000000,100627.000000,100629.000000,100629.000000,0.000000,0.000000,0.000000,0.000000,0.000000,299.019989,100630.335938,298.995300,0.000000,-46.023693,87.627190,-54.985825,0.007665,-0.009738,-0.025803,0.001219,0.000104,0.000172,,0.000000,0.000000,0.000000,0.000000,0.000000,0.000000,0.000000,0.000000,0.000000,0.000000,0.000000,0.000000,0.000000,0.000000,0.000000,2.372810,0.000000,0.000000,0.000000,1.000000,0.000000,0.023811
36.884390,1,100623.000000,100627.000000,100629.000000,100628.000000,100628.000000,0.000000,0.000000,0.000000,0.000000,0.000000,299.019989,100630.328125,298.995331,0.000000,-46.022774,87.628586,-54.984554,0.005116,-0.001053,-0.028960,-0.001280,0.002472,0.001475,,0.000000,0.000000,0.000000,0.000000,0.000000,0.000000,0.000000,0.000000,0.000000,0.000000,0.000000,0.000000,0.000000,0.000000,0.000000,2.371414,0.000000,0.000000,0.000000,1.000000,0.000000,0.023752
36.910314,1,100627.000000,100629.000000,100628.000000,100624.000000,100624.000000,0.000000,0.000000,0.000000,0.000000,0.000000,299.019989,100630.328125,298.995361,0.000000,-46.053413,87.629913,-55.014713,-0.008172,0.012054,-0.048483,-0.001619,0.002153,0.000607,,0.000000,0.000000,0.000000,0.000000,0.000000,0.000000,0.000000,0.000000,0.000000,0.000000,0.000000,0.000000,0.000000,0.000000,0.000000,2.370087,0.000000,0.000000,0.000000,1.000000,0.000000,0.025939
36.934686,1,100629.000000,100628.000000,100624.000000,100629.000000,100629.000000,0.000000,0.000000,0.000000,0.000000,0.000000,299.019989,100630.320312,298.995361,0.000000,-46.077095,87.630325,-55.036495,-0.006086,0.004249,-0.034618,-0.001539,0.002376,0.000778,,0.000000,0.000000,0.000000,0.000000,0.000000,0.000000,0.000000,0.000000,0.000000,0.000000,0.000000,0.000000,0.000000,0.000000,0.000000,2.369675,0.000000,0.000000,0.000000,1.000000,0.000000,0.024367
36.960521,1,100628.000000,100624.000000,100629.000000,100627.000000,100627.000000,0.000000,0.000000,0.000000,0.000000,0.000000,299.019989,100630.320312,298.995392,0.000000,-46.049076,87.628258,-55.011494,0.005436,-0.007867,-0.031494,0.000305,0.000856,0.000275,,0.000000,0.000000,0.000000,0.000000,0.000000,0.000000,0.000000,0.000000,0.000000,0.000000,0.000000,0.000000,0.000000,0.000000,0.000000,2.371742,0.000000,0.000000,0.000000,1.000000,0.000000,0.025839
36.992085,1,100624.000000,100629.000000,100627.000000,100629.000000,100629.000000,0.000000,0.000000,0.000000,0.000000,0.000000,299.010010,100630.320312,298.995422,0.000000,-46.025921,87.627930,-54.989891,0.001598,-0.008723,-0.035583,0.001037,0.000533,0.000869,,0.000000,0.000000,0.000000,0.000000,0.000000,0.000000,0.000000,0.000000,0.000000,0.000000,0.000000,0.000000,0.000000,0.000000,0.000000,2.372070,0.000000,0.000000,0.000000,1.000000,0.000000,0.031559
37.015687,1,100629.000000,100627.000000,100629.000000,100628.000000,100628.000000,0.000000,0.000000,0.000000,0.000000,0.000000,299.010010,100630.320312,298.995422,0.000000,-46.023823,87.627190,-54.990501,-0.007628,-0.003379,-0.050284,0.000973,0.000232,-0.000118,,0.000000,0.000000,0.000000,0.000000,0.000000,0.000000,0.000000,0.000000,0.000000,0.000000,0.000000,0.000000,0.000000,0.000000,0.000000,2.372810,0.000000,0.000000,0.000000,1.000000,0.000000,0.023602
37.042270,1,100627.000000,100629.000000,100628.000000,100629.000000,100629.000000,0.000000,0.000000,0.000000,0.000000,0.000000,299.010010,100630.312500,298.995422,0.000000,-46.042187,87.629417,-55.006416,-0.007635,-0.005115,-0.027409,-0.000525,0.001988,0.000978,,0.000000,0.000000,0.000000,0.000000,0.000000,0.000000,0.000000,0.000000,0.000000,0.000000,0.000000,0.000000,0.000000,0.000000,0.000000,2.370583,0.000000,0.000000,0.000000,1.000000,0.000000,0.026548
37.065855,1,100629.000000,100628.000000,100629.000000,100627.000000,100627.000000,0.000000,0.000000,0.000000,0.000000,0.000000,299.010010,100630.312500,298.995453,0.000000,-46.049778,87.629005,-55.014420,0.008789,-0.014414,-0.037706,-0.000831,0.001669,0.000358,,0.000000,0.000000,0.000000,0.000000,0.000000,0.000000,0.000000,0.000000,0.000000,0.000000,0.000000,0.000000,0.000000,0.000000,0.000000,2.370995,0.000000,0.000000,0.000000,1.000000,0.000000,0.023639
37.094065,1,100628.000000,100629.000000,100627.000000,100632.000000,100632.000000,0.000000,0.000000,0.000000,0.000000,0.000000,299.010010,100630.312500,298.995453,0.000000,-46.061474,87.631065,-55.026020,0.007205,0.005691,-0.029953,0.000934,0.000866,0.000974,,0.000000,0.000000,0.000000,0.000000,0.000000,0.000000,0.000000,0.000000,0.000000,0.000000,0.000000,0.000000,0.000000,0.000000,0.000000,2.368935,0.000000,0.000000,0.000000,1.000000,0.000000,0.028190
37.126282,1,100629.000000,100627.000000,100632.000000,100631.000000,100631.000000,0.000000,0.000000,0.000000,0.000000,0.000000,299.000000,100630.312500,298.995453,0.000000,-46.015224,87.628586,-54.983940,-0.018699,0.009479,-0.036649,0.001559,-0.000685,0.000037,,0.000000,0.000000,0.000000,0.000000,0.000000,0.000000,0.000000,0.000000,0.000000,0.000000,0.000000,0.000000,0.000000,0.000000,0.000000,2.371414,0.000000,0.000000,0.000000,1.000000,0.000000,0.032188
37.149904,1,100627.000000,100632.000000,100631.000000,100626.000000,100626.000000,0.000000,0.000000,0.000000,0.000000,0.000000,299.000000,100630.312500,298.995483,0.000000,-46.005096,87.626694,-54.974392,-0.001074,-0.003138,-0.032050,0.000848,0.000733,0.000465,,0.000000,0.000000,0.000000,0.000000,0.000000,0.000000,0.000000,0.000000,0.000000,0.000000,0.000000,0.000000,0.000000,0.000000,0.000000,2.373306,0.000000,0.000000,0.000000,1.000000,0.000000,0.023659
37.174722,1,100632.000000,100631.000000,100626.000000,100626.000000,100626.000000,0.000000,0.000000,0.000000,0.000000,0.000000,299.000000,100630.304688,298.995483,0.000000,-46.029930,87.628586,-54.998901,0.001038,0.002296,-0.037483,-0.001394,0.002316,0.001481,,0.000000,0.000000,0.000000,0.000000,0.000000,0.000000,0.000000,0.000000,0.000000,0.000000,0.000000,0.000000,0.000000,0.000000,0.000000,2.371414,0.000000,0.000000,0.000000,1.000000,0.000000,0.024818
37.199127,1,100631.000000,100626.000000,100626.000000,100626.000000,100626.000000,0.000000,0.000000,0.000000,0.000000,0.000000,299.010010,100630.304688,298.995483,0.000000,-46.039787,87.628922,-55.008633,0.001024,0.005699,-0.032403,-0.000589,0.002047,0.000785,,0.000000,0.000000,0.000000,0.000000,0.000000,0.000000,0.000000,0.000000,0.000000,0.000000,0.000000,0.000000,0.000000,0.000000,0.000000,2.371078,0.000000,0.000000,0.000000,1.000000,0.000000,0.024401
37.223477,1,100626.000000,100626.000000,100626.000000,100630.000000,100630.000000,0.000000,0.000000,0.000000,0.000000,0.000000,299.010010,100630.304688,298.995514,0.000000,-46.041485,87.628761,-55.011066,0.007236,0.013997,-0.047319,0.001029,0.000977,-0.000285,,0.000000,0.000000,0.000000,0.000000,0.000000,0.000000,0.000000,0.000000,0.000000,0.000000,0.000000,0.000000,0.000000,0.000000,0.000000,2.371239,0.000000,0.000000,0.000000,1.000000,0.000000,0.024261
37.247478,1,100626.000000,100626.000000,100630.000000,100629.000000,100629.000000,0.000000,0.000000,0.000000,0.000000,0.000000,299.010010,100630.304688,298.995514,0.000000,-46.017532,87.626694,-54.989582,0.006579,-0.000540,-0.033856,0.000297,0.000811,0.000274,,0.000000,0.000000,0.000000,0.000000,0.000000,0.000000,0.000000,0.000000,0.000000,0.000000,0.000000,0.000000,0.000000,0.000000,0.000000,2.373306,0.000000,0.000000,0.000000,1.000000,0.000000,0.024073
37.271130,1,100626.000000,100630.000000,100629.000000,100628.000000,100628.000000,0.000000,0.000000,0.000000,0.000000,0.000000,299.010010,100630.296875,298.995514,0.000000,-46.015629,87.625786,-54.988338,0.005261,0.001638,-0.032807,0.000761,0.001049,0.000479,,0.000000,0.000000,0.000000,0.000000,0.000000,0.000000,0.000000,0.000000,0.000000,0.000000,0.000000,0.000000,0.000000,0.000000,0.000000,2.374214,0.000000,0.000000,0.000000,1.000000,0.000000,0.023622
37.294839,1,100630.000000,100629.000000,100628.000000,100630.000000,100630.000000,0.000000,0.000000,0.000000,0.000000,0.000000,299.010010,100630.296875,298.995544,0.000000,-46.039524,87.627434,-55.012177,0.002377,-0.003103,-0.029443,-0.001156,0.002071,0.000710,,0.000000,0.000000,0.000000,0.000000,0.000000,0.000000,0.000000,0.000000,0.000000,0.000000,0.000000,0.000000,0.000000,0.000000,0.000000,2.372566,0.000000,0.000000,0.000000,1.000000,0.000000,0.023749
37.318824,1,100629.000000,100628.000000,100630.000000,100625.000000,100625.000000,0.000000,0.000000,0.000000,0.000000,0.000000,299.019989,100630.296875,298.995544,0.000000,-46.039459,87.627930,-55.011082,-0.002825,-0.003180,-0.036906,-0.000800,0.002537,0.000871,,0.000000,0.000000,0.000000,0.000000,0.000000,0.000000,0.000000,0.000000,0.000000,0.000000,0.000000,0.000000,0.000000,0.000000,0.000000,2.372070,0.000000,0.000000,0.000000,1.000000,0.000000,0.023976
37.344359,1,100628.000000,100630.000000,100625.000000,100626.000000,100626.000000,0.000000,0.000000,0.000000,0.000000,0.000000,299.010010,100630.289062,298.995575,0.000000,-46.050446,87.627518,-55.023350,0.003237,0.001206,-0.027250,-0.000252,0.001259,0.000633,,0.000000,0.000000,0.000000,0.000000,0.000000,0.000000,0.000000,0.000000,0.000000,0.000000,0.000000,0.000000,0.000000,0.000000,0.000000,2.372482,0.000000,0.000000,0.000000,1.000000,0.000000,0.025541
37.368074,1,100630.000000,100625.000000,100626.000000,100623.000000,100623.000000,0.000000,0.000000,0.000000,0.000000,0.000000,299.019989,100630.281250,298.995605,0.000000,-46.021557,87.626282,-54.998047,-0.000878,0.003798,-0.041929,-0.000304,0.001579,0.000706,,0.000000,0.000000,0.000000,0.000000,0.000000,0.000000,0.000000,0.000000,0.000000,0.000000,0.000000,0.000000,0.000000,0.000000,0.000000,2.373718,0.000000,0.000000,0.000000,1.000000,0.000000,0.023733
37.393847,1,100625.000000,100626.000000,100623.000000,100629.000000,100629.000000,0.000000,0.000000,0.000000,0.000000,0.000000,299.010010,100630.281250,298.995605,0.000000,-46.031815,87.626534,-55.008232,-0.011289,0.001750,-0.036057,-0.001314,0.002511,0.001203,,0.000000,0.000000,0.000000,0.000000,0.000000,0.000000,0.000000,0.000000,0.000000,0.000000,0.000000,0.000000,0.000000,0.000000,0.000000,2.373466,0.000000,0.000000,0.000000,1.000000,0.000000,0.025773
37.422252,1,100626.000000,100623.000000,100629.000000,100632.000000,100632.000000,0.000000,0.000000,0.000000,0.000000,0.000000,299.010010,100630.281250,298.995605,0.000000,-46.046436,87.627106,-55.022778,-0.003033,0.003463,-0.035236,-0.000441,0.001839,0.000569,,0.000000,0.000000,0.000000,0.000000,0.000000,0.000000,0.000000,0.000000,0.000000,0.000000,0.000000,0.000000,0.000000,0.000000,0.000000,2.372894,0.000000,0.000000,0.000000,1.000000,0.000000,0.028342
37.446242,1,100623.000000,100629.000000,100632.000000,100625.000000,100625.000000,0.000000,0.000000,0.000000,0.000000,0.000000,299.010010,100630.281250,298.995636,0.000000,-46.065010,87.627853,-55.041264,0.008954,0.002406,-0.029173,-0.000886,0.001391,0.000446,,0.000000,0.000000,0.000000,0.000000,0.000000,0.000000,0.000000,0.000000,0.000000,0.000000,0.000000,0.000000,0.000000,0.000000,0.000000,2.372147,0.000000,0.000000,0.000000,1.000000,0.000000,0.024048
37.477586,1,100629.000000,100632.000000,100625.000000,100627.000000,100627.000000,0.000000,0.000000,0.000000,0.000000,0.000000,299.010010,100630.273438,298.995636,0.000000,-46.066891,87.627853,-55.043648,0.002950,0.006400,-0.030007,0.000784,0.000963,0.000539,,0.000000,0.000000,0.000000,0.000000,0.000000,0.000000,0.000000,0.000000,0.000000,0.000000,0.000000,0.000000,0.000000,0.000000,0.000000,2.372147,0.000000,0.000000,0.000000,1.000000,0.000000,0.031335
37.510265,1,100632.000000,100625.000000,100627.000000,100631.000000,100631.000000,0.000000,0.000000,0.000000,0.000000,0.000000,298.989990,100630.281250,298.995636,0.000000,-46.029842,87.626442,-55.009399,-0.006605,0.007152,-0.037400,0.001813,0.000212,0.000448,,0.000000,0.000000,0.000000,0.000000,0.000000,0.000000,0.000000,0.000000,0.000000,0.000000,0.000000,0.000000,0.000000,0.000000,0.000000,2.373558,0.000000,0.000000,0.000000,1.000000,0.000000,0.032687
37.538358,1,100625.000000,100627.000000,100631.000000,100624.000000,100624.000000,0.000000,0.000000,0.000000,0.000000,0.000000,298.989990,100630.273438,298.995636,0.000000,-46.036568,87.624054,-55.021111,-0.004193,-0.007042,-0.036074,0.000717,0.000667,0.000039,,0.000000,0.000000,0.000000,0.000000,0.000000,0.000000,0.000000,0.000000,0.000000,0.000000,0.000000,0.000000,0.000000,0.000000,0.000000,2.375946,0.000000,0.000000,0.000000,1.000000,0.000000,0.027956
37.562091,1,100627.000000,100631.000000,100624.000000,100627.000000,100627.000000,0.000000,0.000000,0.000000,0.000000,0.000000,299.000000,100630.265625,298.995636,0.000000,-46.070930,87.626534,-55.054729,0.007892,0.000296,-0.044518,-0.000275,0.002379,0.000468,,0.000000,0.000000,0.000000,0.000000,0.000000,0.000000,0.000000,0.000000,0.000000,0.000000,0.000000,0.000000,0.000000,0.000000,0.000000,2.373466,0.000000,0.000000,0.000000,1.000000,0.000000,0.023796
37.585848,1,100631.000000,100624.000000,100627.000000,100630.000000,100630.000000,0.000000,0.000000,0.000000,0.000000,0.000000,299.000000,100630.265625,298.995636,0.000000,-46.072407,87.628014,-55.057026,0.001748,0.006002,-0.037868,-0.000310,0.002188,0.000990,,0.000000,0.000000,0.000000,0.000000,0.000000,0.000000,0.000000,0.000000,0.000000,0.000000,0.000000,0.000000,0.000000,0.000000,0.000000,2.371986,0.000000,0.000000,0.000000,1.000000,0.000000,0.023832
37.610557,1,100624.000000,100627.000000,100630.000000,100627.000000,100627.000000,0.000000,0.000000,0.000000,0.000000,0.000000,299.000000,100630.265625,298.995636,0.000000,-46.039295,87.625130,-55.027096,-0.007356,-0.004141,-0.035819,0.001332,0.000400,0.000222,,0.000000,0.000000,0.000000,0.000000,0.000000,0.000000,0.000000,0.000000,0.000000,0.000000,0.000000,0.000000,0.000000,0.000000,0.000000,2.374870,0.000000,0.000000,0.000000,1.000000,0.000000,0.024714
37.638315,1,100627.000000,100630.000000,100627.000000,100626.000000,100626.000000,0.000000,0.000000,0.000000,0.000000,0.000000,299.000000,100630.265625,298.995636,0.000000,-46.026409,87.623482,-55.014557,0.002331,0.002000,-0.035320,0.000482,0.000700,0.000556,,0.000000,0.000000,0.000000,0.000000,0.000000,0.000000,0.000000,0.000000,0.000000,0.000000,0.000000,0.000000,0.000000,0.000000,0.000000,2.376518,0.000000,0.000000,0.000000,1.000000,0.000000,0.027632
37.661931,1,100630.000000,100627.000000,100626.000000,100629.000000,100629.000000,0.000000,0.000000,0.000000,0.000000,0.000000,299.000000,100630.257812,298.995667,0.000000,-46.006924,87.624054,-54.996170,-0.009273,0.004035,-0.027363,0.000479,0.001005,0.001094,,0.000000,0.000000,0.000000,0.000000,0.000000,0.000000,0.000000,0.000000,0.000000,0.000000,0.000000,0.000000,0.000000,0.000000,0.000000,2.375946,0.000000,0.000000,0.000000,1.000000,0.000000,0.023739
37.690253,1,100627.000000,100626.000000,100629.000000,100631.000000,100631.000000,0.000000,0.000000,0.000000,0.000000,0.000000,299.000000,100630.265625,298.995667,0.000000,-46.027512,87.625626,-55.014835,-0.000339,0.004238,-0.033044,-0.000854,0.002568,0.001111,,0.000000,0.000000,0.000000,0.000000,0.000000,0.000000,0.000000,0.000000,0.000000,0.000000,0.000000,0.000000,0.000000,0.000000,0.000000,2.374374,0.000000,0.000000,0.000000,1.000000,0.000000,0.028260
37.714237,1,100626.000000,100629.000000,100631.000000,100625.000000,100625.000000,0.000000,0.000000,0.000000,0.000000,0.000000,299.000000,100630.257812,298.995667,0.000000,-46.037796,87.625954,-55.025997,0.006432,0.008858,-0.041508,-0.000298,0.001883,0.000976,,0.000000,0.000000,0.000000,0.000000,0.000000,0.000000,0.000000,0.000000,0.000000,0.000000,0.000000,0.000000,0.000000,0.000000,0.000000,2.374046,0.000000,0.000000,0.000000,1.000000,0.000000,0.024007
37.737909,1,100629.000000,100631.000000,100625.000000,100627.000000,100627.000000,0.000000,0.000000,0.000000,0.000000,0.000000,299.010010,100630.257812,298.995667,0.000000,-46.024193,87.625786,-55.014900,0.002277,-0.000879,-0.032753,-0.000693,0.001684,0.000912,,0.000000,0.000000,0.000000,0.000000,0.000000,0.000000,0.000000,0.000000,0.000000,0.000000,0.000000,0.000000,0.000000,0.000000,0.000000,2.374214,0.000000,0.000000,0.000000,1.000000,0.000000,0.023681
37.761541,1,100631.000000,100625.000000,100627.000000,100631.000000,100631.000000,0.000000,0.000000,0.000000,0.000000,0.000000,299.010010,100630.257812,298.995697,0.000000,-45.995373,87.624146,-54.987755,-0.005683,-0.008586,-0.031729,0.001342,0.000362,0.000357,,0.000000,0.000000,0.000000,0.000000,0.000000,0.000000,0.000000,0.000000,0.000000,0.000000,0.000000,0.000000,0.000000,0.000000,0.000000,2.375854,0.000000,0.000000,0.000000,1.000000,0.000000,0.023651
37.790203,1,100625.000000,100627.000000,100631.000000,100628.000000,100628.000000,0.000000,0.000000,0.000000,0.000000,0.000000,299.000000,100630.250000,298.995697,0.000000,-45.990753,87.624222,-54.985790,-0.005008,0.004524,-0.037194,0.000307,0.001473,0.000454,,0.000000,0.000000,0.000000,0.000000,0.000000,0.000000,0.000000,0.000000,0.000000,0.000000,0.000000,0.000000,0.000000,0.000000,0.000000,2.375778,0.000000,0.000000,0.000000,1.000000,0.000000,0.028671
37.814184,1,100627.000000,100631.000000,100628.000000,100627.000000,100627.000000,0.000000,0.000000,0.000000,0.000000,0.000000,299.010010,100630.250000,298.995697,0.000000,-46.005127,87.625710,-54.998608,0.006631,-0.003966,-0.038658,-0.000847,0.002039,0.001360,,0.000000,0.000000,0.000000,0.000000,0.000000,0.000000,0.000000,0.000000,0.000000,0.000000,0.000000,0.000000,0.000000,0.000000,0.000000,2.374290,0.000000,0.000000,0.000000,1.000000,0.000000,0.023987
37.838241,1,100631.000000,100628.000000,100627.000000,100628.000000,100628.000000,0.000000,0.000000,0.000000,0.000000,0.000000,299.010010,100630.250000,298.995728,0.000000,-45.999584,87.625046,-54.994408,0.006092,0.010809,-0.030155,-0.000218,0.002421,0.000820,,0.000000,0.000000,0.000000,0.000000,0.000000,0.000000,0.000000,0.000000,0.000000,0.000000,0.000000,0.000000,0.000000,0.000000,0.000000,2.374954,0.000000,0.000000,0.000000,1.000000,0.000000,0.024033
37.861961,1,100628.000000,100627.000000,100628.000000,100633.000000,100633.000000,0.000000,0.000000,0.000000,0.000000,0.000000,299.010010,100630.250000,298.995728,0.000000,-45.976322,87.626366,-54.971622,0.000031,0.003354,-0.033899,0.000916,0.001310,0.000460,,0.000000,0.000000,0.000000,0.000000,0.000000,0.000000,0.000000,0.000000,0.000000,0.000000,0.000000,0.000000,0.000000,0.000000,0.000000,2.373634,0.000000,0.000000,0.000000,1.000000,0.000000,0.023715
37.888983,1,100627.000000,100628.000000,100633.000000,100633.000000,100633.000000,0.000000,0.000000,0.000000,0.000000,0.000000,299.010010,100630.250000,298.995728,0.000000,-45.988983,87.624390,-54.987297,-0.015350,-0.002638,-0.030281,0.000730,0.000666,0.000238,,0.000000,0.000000,0.000000,0.000000,0.000000,0.000000,0.000000,0.000000,0.000000,0.000000,0.000000,0.000000,0.000000,0.000000,0.000000,2.375610,0.000000,0.000000,0.000000,1.000000,0.000000,0.026847
37.912772,1,100628.000000,100633.000000,100633.000000,100626.000000,100626.000000,0.000000,0.000000,0.000000,0.000000,0.000000,299.010010,100630.250000,298.995758,0.000000,-45.978279,87.623810,-54.975601,-0.000844,-0.003845,-0.038115,0.000568,0.001224,0.000607,,0.000000,0.000000,0.000000,0.000000,0.000000,0.000000,0.000000,0.000000,0.000000,0.000000,0.000000,0.000000,0.000000,0.000000,0.000000,2.376190,0.000000,0.000000,0.000000,1.000000,0.000000,0.023964
37.942972,1,100633.000000,100633.000000,100626.000000,100626.000000,100626.000000,0.000000,0.000000,0.000000,0.000000,0.000000,299.000000,100630.242188,298.995758,0.000000,-46.013020,87.625458,-55.007801,0.008729,0.000077,-0.026590,-0.000926,0.002806,0.000786,,0.000000,0.000000,0.000000,0.000000,0.000000,0.000000,0.000000,0.000000,0.000000,0.000000,0.000000,0.000000,0.000000,0.000000,0.000000,2.374542,0.000000,0.000000,0.000000,1.000000,0.000000,0.030211
37.970586,1,100633.000000,100626.000000,100626.000000,100629.000000,100629.000000,0.000000,0.000000,0.000000,0.000000,0.000000,299.000000,100630.242188,298.995758,0.000000,-46.021748,87.625954,-55.016762,0.002039,0.008292,-0.031814,0.001066,0.000413,0.000464,,0.000000,0.000000,0.000000,0.000000,0.000000,0.000000,0.000000,0.000000,0.000000,0.000000,0.000000,0.000000,0.000000,0.000000,0.000000,2.374046,0.000000,0.000000,0.000000,1.000000,0.000000,0.027616
37.994187,1,100626.000000,100626.000000,100629.000000,100628.000000,100628.000000,0.000000,0.000000,0.000000,0.000000,0.000000,299.010010,100630.242188,298.995789,0.000000,-45.971062,87.624802,-54.972656,-0.010354,0.001464,-0.035812,0.000818,0.000226,0.000446,,0.000000,0.000000,0.000000,0.000000,0.000000,0.000000,0.000000,0.000000,0.000000,0.000000,0.000000,0.000000,0.000000,0.000000,0.000000,2.375198,0.000000,0.000000,0.000000,1.000000,0.000000,0.023578
38.017875,1,100626.000000,100629.000000,100628.000000,100629.000000,100629.000000,0.000000,0.000000,0.000000,0.000000,0.000000,299.010010,100630.242188,298.995789,0.000000,-45.932079,87.621750,-54.938248,0.003375,-0.002746,-0.034006,0.000834,0.000182,0.000235,,0.000000,0.000000,0.000000,0.000000,0.000000,0.000000,0.000000,0.000000,0.000000,0.000000,0.000000,0.000000,0.000000,0.000000,0.000000,2.378250,0.000000,0.000000,0.000000,1.000000,0.000000,0.023719
38.042216,1,100629.000000,100628.000000,100629.000000,100631.000000,100631.000000,0.000000,0.000000,0.000000,0.000000,0.000000,299.010010,100630.242188,298.995789,0.000000,-45.927265,87.621834,-54.934521,0.009033,0.001337,-0.029126,-0.000178,0.001402,0.000778,,0.000000,0.000000,0.000000,0.000000,0.000000,0.000000,0.000000,0.000000,0.000000,0.000000,0.000000,0.000000,0.000000,0.000000,0.000000,2.378166,0.000000,0.000000,0.000000,1.000000,0.000000,0.024345
38.066513,1,100628.000000,100629.000000,100631.000000,100627.000000,100627.000000,0.000000,0.000000,0.000000,0.000000,0.000000,299.010010,100630.242188,298.995819,0.000000,-45.962261,87.624146,-54.967968,-0.014122,0.002087,-0.028193,-0.001018,0.002988,0.000831,,0.000000,0.000000,0.000000,0.000000,0.000000,0.000000,0.000000,0.000000,0.000000,0.000000,0.000000,0.000000,0.000000,0.000000,0.000000,2.375854,0.000000,0.000000,0.000000,1.000000,0.000000,0.024296
38.094750,1,100629.000000,100631.000000,100627.000000,100626.000000,100626.000000,0.000000,0.000000,0.000000,0.000000,0.000000,299.010010,100630.234375,298.995819,0.000000,-45.985474,87.625290,-54.988930,-0.009601,0.006069,-0.040338,-0.000782,0.001692,0.000866,,0.000000,0.000000,0.000000,0.000000,0.000000,0.000000,0.000000,0.000000,0.000000,0.000000,0.000000,0.000000,0.000000,0.000000,0.000000,2.374710,0.000000,0.000000,0.000000,1.000000,0.000000,0.028223
38.119081,1,100631.000000,100627.000000,100626.000000,100627.000000,100627.000000,0.000000,0.000000,0.000000,0.000000,0.000000,299.010010,100630.234375,298.995850,0.000000,-45.990211,87.624878,-54.994846,0.001292,-0.004372,-0.040588,0.000287,0.001105,0.000730,,0.000000,0.000000,0.000000,0.000000,0.000000,0.000000,0.000000,0.000000,0.000000,0.000000,0.000000,0.000000,0.000000,0.000000,0.000000,2.375122,0.000000,0.000000,0.000000,1.000000,0.000000,0.024178
38.142890,1,100627.000000,100626.000000,100627.000000,100632.000000,100632.000000,0.000000,0.000000,0.000000,0.000000,0.000000,299.010010,100630.234375,298.995850,0.000000,-45.951576,87.623642,-54.960953,0.000694,0.008688,-0.028816,0.001790,0.000337,0.000659,,0.000000,0.000000,0.000000,0.000000,0.000000,0.000000,0.000000,0.000000,0.000000,0.000000,0.000000,0.000000,0.000000,0.000000,0.000000,2.376358,0.000000,0.000000,0.000000,1.000000,0.000000,0.023925
38.166570,1,100626.000000,100627.000000,100632.000000,100626.000000,100626.000000,0.000000,0.000000,0.000000,0.000000,0.000000,299.010010,100630.234375,298.995850,0.000000,-45.978626,87.624146,-54.989292,-0.008561,0.005568,-0.040829,-0.002147,0.003548,0.000633,,0.000000,0.000000,0.000000,0.000000,0.000000,0.000000,0.000000,0.000000,0.000000,0.000000,0.000000,0.000000,0.000000,0.000000,0.000000,2.375854,0.000000,0.000000,0.000000,1.000000,0.000000,0.023732
38.194222,1,100627.000000,100632.000000,100626.000000,100628.000000,100628.000000,0.000000,0.000000,0.000000,0.000000,0.000000,299.010010,100630.226562,298.995880,0.000000,-46.001823,87.624718,-55.009827,-0.009734,-0.000162,-0.040741,-0.000509,0.001439,0.000372,,0.000000,0.000000,0.000000,0.000000,0.000000,0.000000,0.000000,0.000000,0.000000,0.000000,0.000000,0.000000,0.000000,0.000000,0.000000,2.375282,0.000000,0.000000,0.000000,1.000000,0.000000,0.027652
38.228240,1,100632.000000,100626.000000,100628.000000,100630.000000,100630.000000,0.000000,0.000000,0.000000,0.000000,0.000000,299.000000,100630.226562,298.995880,0.000000,-46.001919,87.626114,-55.005081,0.000211,-0.008411,-0.035774,0.000251,0.001753,0.001195,,0.000000,0.000000,0.000000,0.000000,0.000000,0.000000,0.000000,0.000000,0.000000,0.000000,0.000000,0.000000,0.000000,0.000000,0.000000,2.373886,0.000000,0.000000,0.000000,1.000000,0.000000,0.034017
38.258207,1,100626.000000,100628.000000,100630.000000,100624.000000,100624.000000,0.000000,0.000000,0.000000,0.000000,0.000000,298.989990,100630.226562,298.995880,0.000000,-45.995903,87.625290,-55.001469,0.011877,0.005290,-0.026154,-0.000285,0.001196,0.000553,,0.000000,0.000000,0.000000,0.000000,0.000000,0.000000,0.000000,0.000000,0.000000,0.000000,0.000000,0.000000,0.000000,0.000000,0.000000,2.374710,0.000000,0.000000,0.000000,1.000000,0.000000,0.029969
38.283408,1,100628.000000,100630.000000,100624.000000,100629.000000,100629.000000,0.000000,0.000000,0.000000,0.000000,0.000000,298.989990,100630.218750,298.995880,0.000000,-45.961094,87.622322,-54.971745,-0.001063,0.015001,-0.028467,0.001127,-0.000069,0.000434,,0.000000,0.000000,0.000000,0.000000,0.000000,0.000000,0.000000,0.000000,0.000000,0.000000,0.000000,0.000000,0.000000,0.000000,0.000000,2.377678,0.000000,0.000000,0.000000,1.000000,0.000000,0.025192
38.310236,1,100630.000000,100624.000000,100629.000000,100626.000000,100626.000000,0.000000,0.000000,0.000000,0.000000,0.000000,299.000000,100630.218750,298.995880,0.000000,-45.952599,87.621834,-54.966240,-0.005633,-0.002462,-0.029281,0.000852,0.000293,0.000670,,0.000000,0.000000,0.000000,0.000000,0.000000,0.000000,0.000000,0.000000,0.000000,0.000000,0.000000,0.000000,0.000000,0.000000,0.000000,2.378166,0.000000,0.000000,0.000000,1.000000,0.000000,0.026833
38.334497,1,100624.000000,100629.000000,100626.000000,100625.000000,100625.000000,0.000000,0.000000,0.000000,0.000000,0.000000,299.000000,100630.210938,298.995880,0.000000,-45.963902,87.623238,-54.976944,0.006211,-0.003890,-0.038293,0.000252,0.001378,0.000211,,0.000000,0.000000,0.000000,0.000000,0.000000,0.000000,0.000000,0.000000,0.000000,0.000000,0.000000,0.000000,0.000000,0.000000,0.000000,2.376762,0.000000,0.000000,0.000000,1.000000,0.000000,0.024244
38.358169,1,100629.000000,100626.000000,100625.000000,100626.000000,100626.000000,0.000000,0.000000,0.000000,0.000000,0.000000,299.000000,100630.210938,298.995880,0.000000,-45.990471,87.623894,-55.003242,-0.005957,0.004997,-0.033873,0.000593,0.001022,0.000240,,0.000000,0.000000,0.000000,0.000000,0.000000,0.000000,0.000000,0.000000,0.000000,0.000000,0.000000,0.000000,0.000000,0.000000,0.000000,2.376106,0.000000,0.000000,0.000000,1.000000,0.000000,0.023693
38.382230,1,100626.000000,100625.000000,100626.000000,100629.000000,100629.000000,0.000000,0.000000,0.000000,0.000000,0.000000,299.010010,100630.210938,298.995880,0.000000,-45.968094,87.622490,-54.982506,-0.004733,0.000598,-0.030721,0.001135,0.000374,0.000435,,0.000000,0.000000,0.000000,0.000000,0.000000,0.000000,0.000000,0.000000,0.000000,0.000000,0.000000,0.000000,0.000000,0.000000,0.000000,2.377510,0.000000,0.000000,0.000000,1.000000,0.000000,0.024021
38.410206,1,100625.000000,100626.000000,100629.000000,100633.000000,100633.000000,0.000000,0.000000,0.000000,0.000000,0.000000,299.000000,100630.210938,298.995880,0.000000,-45.954170,87.621834,-54.968082,0.001495,-0.004191,-0.031908,0.001097,0.000532,0.000500,,0.000000,0.000000,0.000000,0.000000,0.000000,0.000000,0.000000,0.000000,0.000000,0.000000,0.000000,0.000000,0.000000,0.000000,0.000000,2.378166,0.000000,0.000000,0.000000,1.000000,0.000000,0.028012
38.434791,1,100626.000000,100629.000000,100633.000000,100627.000000,100627.000000,0.000000,0.000000,0.000000,0.000000,0.000000,299.000000,100630.210938,298.995911,0.000000,-45.953850,87.622162,-54.966507,-0.003864,0.005125,-0.040903,0.000183,0.001696,0.001008,,0.000000,0.000000,0.000000,0.000000,0.000000,0.000000,0.000000,0.000000,0.000000,0.000000,0.000000,0.000000,0.000000,0.000000,0.000000,2.377838,0.000000,0.000000,0.000000,1.000000,0.000000,0.024578
38.459037,1,100629.000000,100633.000000,100627.000000,100629.000000,100629.000000,0.000000,0.000000,0.000000,0.000000,0.000000,299.000000,100630.210938,298.995911,0.000000,-45.972641,87.623970,-54.984653,-0.010942,0.006199,-0.039692,-0.001242,0.002599,0.000493,,0.000000,0.000000,0.000000,0.000000,0.000000,0.000000,0.000000,0.000000,0.000000,0.000000,0.000000,0.000000,0.000000,0.000000,0.000000,2.376030,0.000000,0.000000,0.000000,1.000000,0.000000,0.024261
38.482678,1,100633.000000,100627.000000,100629.000000,100629.000000,100629.000000,0.000000,0.000000,0.000000,0.000000,0.000000,299.010010,100630.210938,298.995911,0.000000,-45.960941,87.622742,-54.973740,0.004743,-0.000693,-0.037783,0.000544,-0.000137,0.000339,,0.000000,0.000000,0.000000,0.000000,0.000000,0.000000,0.000000,0.000000,0.000000,0.000000,0.000000,0.000000,0.000000,0.000000,0.000000,2.377258,0.000000,0.000000,0.000000,1.000000,0.000000,0.023640
38.509312,1,100627.000000,100629.000000,100629.000000,100631.000000,100631.000000,0.000000,0.000000,0.000000,0.000000,0.000000,299.010010,100630.210938,298.995911,0.000000,-45.944302,87.622162,-54.958817,0.001966,-0.007932,-0.031767,0.000924,0.000671,0.000660,,0.000000,0.000000,0.000000,0.000000,0.000000,0.000000,0.000000,0.000000,0.000000,0.000000,0.000000,0.000000,0.000000,0.000000,0.000000,2.377838,0.000000,0.000000,0.000000,1.000000,0.000000,0.026617
38.533793,1,100629.000000,100629.000000,100631.000000,100626.000000,100626.000000,0.000000,0.000000,0.000000,0.000000,0.000000,299.010010,100630.203125,298.995941,0.000000,-45.915436,87.620598,-54.930225,0.002544,0.003692,-0.036240,0.002298,-0.000003,0.000199,,0.000000,0.000000,0.000000,0.000000,0.000000,0.000000,0.000000,0.000000,0.000000,0.000000,0.000000,0.000000,0.000000,0.000000,0.000000,2.379402,0.000000,0.000000,0.000000,1.000000,0.000000,0.024487
38.558250,1,100629.000000,100631.000000,100626.000000,100624.000000,100624.000000,0.000000,0.000000,0.000000,0.000000,0.000000,299.010010,100630.195312,298.995941,0.000000,-45.932987,87.620758,-54.946671,-0.010342,0.009191,-0.033447,-0.000718,0.001322,-0.000102,,0.000000,0.000000,0.000000,0.000000,0.000000,0.000000,0.000000,0.000000,0.000000,0.000000,0.000000,0.000000,0.000000,0.000000,0.000000,2.379242,0.000000,0.000000,0.000000,1.000000,0.000000,0.024402
38.581921,1,100631.000000,100626.000000,100624.000000,100622.000000,100622.000000,0.000000,0.000000,0.000000,0.000000,0.000000,299.010010,100630.195312,298.995972,0.000000,-45.960220,87.621506,-54.971390,-0.003475,-0.000134,-0.050768,-0.001313,0.001925,0.000696,,0.000000,0.000000,0.000000,0.000000,0.000000,0.000000,0.000000,0.000000,0.000000,0.000000,0.000000,0.000000,0.000000,0.000000,0.000000,2.378494,0.000000,0.000000,0.000000,1.000000,0.000000,0.023690
38.605544,1,100626.000000,100624.000000,100622.000000,100632.000000,100632.000000,0.000000,0.000000,0.000000,0.000000,0.000000,299.019989,100630.195312,298.995972,0.000000,-45.986492,87.623238,-54.998116,0.001761,-0.012678,-0.041417,-0.001807,0.003143,0.001671,,0.000000,0.000000,0.000000,0.000000,0.000000,0.000000,0.000000,0.000000,0.000000,0.000000,0.000000,0.000000,0.000000,0.000000,0.000000,2.376762,0.000000,0.000000,0.000000,1.000000,0.000000,0.023662
38.629195,1,100624.000000,100622.000000,100632.000000,100628.000000,100628.000000,0.000000,0.000000,0.000000,0.000000,0.000000,299.019989,100630.195312,298.996002,0.000000,-45.943745,87.621750,-54.957680,-0.001362,0.004941,-0.037762,0.001181,0.001139,0.001548,,0.000000,0.000000,0.000000,0.000000,0.000000,0.000000,0.000000,0.000000,0.000000,0.000000,0.000000,0.000000,0.000000,0.000000,0.000000,2.378250,0.000000,0.000000,0.000000,1.000000,0.000000,0.023656
38.654190,1,100622.000000,100632.000000,100628.000000,100625.000000,100625.000000,0.000000,0.000000,0.000000,0.000000,0.000000,299.019989,100630.187500,298.996033,0.000000,-45.939243,87.621094,-54.952351,-0.013230,0.022182,-0.042415,0.000325,-0.000390,-0.000292,,0.000000,0.000000,0.000000,0.000000,0.000000,0.000000,0.000000,0.000000,0.000000,0.000000,0.000000,0.000000,0.000000,0.000000,0.000000,2.378906,0.000000,0.000000,0.000000,1.000000,0.000000,0.024989
38.678623,1,100632.000000,100628.000000,100625.000000,100629.000000,100629.000000,0.000000,0.000000,0.000000,0.000000,0.000000,299.019989,100630.187500,298.996033,0.000000,-45.908958,87.619698,-54.922344,0.000947,-0.004763,-0.028778,0.000880,0.000682,-0.000026,,0.000000,0.000000,0.000000,0.000000,0.000000,0.000000,0.000000,0.000000,0.000000,0.000000,0.000000,0.000000,0.000000,0.000000,0.000000,2.380302,0.000000,0.000000,0.000000,1.000000,0.000000,0.024400
38.702310,1,100628.000000,100625.000000,100629.000000,100630.000000,100630.000000,0.000000,0.000000,0.000000,0.000000,0.000000,299.019989,100630.187500,298.996063,0.000000,-45.933201,87.620026,-54.944878,0.007748,-0.011810,-0.031355,-0.000177,0.002030,0.000621,,0.000000,0.000000,0.000000,0.000000,0.000000,0.000000,0.000000,0.000000,0.000000,0.000000,0.000000,0.000000,0.000000,0.000000,0.000000,2.379974,0.000000,0.000000,0.000000,1.000000,0.000000,0.023719
38.727104,1,100625.000000,100629.000000,100630.000000,100628.000000,100628.000000,0.000000,0.000000,0.000000,0.000000,0.000000,299.019989,100630.187500,298.996094,0.000000,-45.970089,87.622322,-54.979870,-0.015128,0.013662,-0.034460,-0.000807,0.002374,0.000790,,0.000000,0.000000,0.000000,0.000000,0.000000,0.000000,0.000000,0.000000,0.000000,0.000000,0.000000,0.000000,0.000000,0.000000,0.000000,2.377678,0.000000,0.000000,0.000000,1.000000,0.000000,0.024796
38.758283,1,100629.000000,100630.000000,100628.000000,100627.000000,100627.000000,0.000000,0.000000,0.000000,0.000000,0.000000,299.010010,100630.179688,298.996094,0.000000,-45.964794,87.622078,-54.975208,-0.015182,0.017518,-0.041100,-0.000134,0.000879,0.000619,,0.000000,0.000000,0.000000,0.000000,0.000000,0.000000,0.000000,0.000000,0.000000,0.000000,0.000000,0.000000,0.000000,0.000000,0.000000,2.377922,0.000000,0.000000,0.000000,1.000000,0.000000,0.031113
38.781886,1,100630.000000,100628.000000,100627.000000,100633.000000,100633.000000,0.000000,0.000000,0.000000,0.000000,0.000000,299.010010,100630.187500,298.996094,0.000000,-45.922825,87.619453,-54.935486,-0.000134,-0.006383,-0.033586,0.001405,-0.000071,0.000168,,0.000000,0.000000,0.000000,0.000000,0.000000,0.000000,0.000000,0.000000,0.000000,0.000000,0.000000,0.000000,0.000000,0.000000,0.000000,2.380547,0.000000,0.000000,0.000000,1.000000,0.000000,0.023665
38.806286,1,100628.000000,100627.000000,100633.000000,100628.000000,100628.000000,0.000000,0.000000,0.000000,0.000000,0.000000,299.010010,100630.179688,298.996124,0.000000,-45.925495,87.619370,-54.938915,-0.000532,-0.013059,-0.034139,0.000117,0.001587,0.000151,,0.000000,0.000000,0.000000,0.000000,0.000000,0.000000,0.000000,0.000000,0.000000,0.000000,0.000000,0.000000,0.000000,0.000000,0.000000,2.380630,0.000000,0.000000,0.000000,1.000000,0.000000,0.024321
38.830064,1,100627.000000,100633.000000,100628.000000,100626.000000,100626.000000,0.000000,0.000000,0.000000,0.000000,0.000000,299.019989,100630.179688,298.996124,0.000000,-45.923435,87.619453,-54.940041,-0.006345,-0.000352,-0.034048,-0.000316,0.002740,0.000996,,0.000000,0.000000,0.000000,0.000000,0.000000,0.000000,0.000000,0.000000,0.000000,0.000000,0.000000,0.000000,0.000000,0.000000,0.000000,2.380547,0.000000,0.000000,0.000000,1.000000,0.000000,0.023818
38.853690,1,100633.000000,100628.000000,100626.000000,100632.000000,100632.000000,0.000000,0.000000,0.000000,0.000000,0.000000,299.019989,100630.179688,298.996155,0.000000,-45.972202,87.621590,-54.984226,-0.011072,0.000056,-0.040157,-0.000736,0.001623,0.000476,,0.000000,0.000000,0.000000,0.000000,0.000000,0.000000,0.000000,0.000000,0.000000,0.000000,0.000000,0.000000,0.000000,0.000000,0.000000,2.378410,0.000000,0.000000,0.000000,1.000000,0.000000,0.023667
38.878758,1,100628.000000,100626.000000,100632.000000,100632.000000,100632.000000,0.000000,0.000000,0.000000,0.000000,0.000000,299.019989,100630.179688,298.996185,0.000000,-45.951214,87.620514,-54.963234,0.004780,0.002469,-0.034328,0.000923,0.000650,0.000780,,0.000000,0.000000,0.000000,0.000000,0.000000,0.000000,0.000000,0.000000,0.000000,0.000000,0.000000,0.000000,0.000000,0.000000,0.000000,2.379486,0.000000,0.000000,0.000000,1.000000,0.000000,0.025058
38.902992,1,100626.000000,100632.000000,100632.000000,100631.000000,100631.000000,0.000000,0.000000,0.000000,0.000000,0.000000,299.019989,100630.179688,298.996185,0.000000,-45.950718,87.621346,-54.961945,0.008765,-0.008220,-0.028880,-0.002053,0.002941,0.001318,,0.000000,0.000000,0.000000,0.000000,0.000000,0.000000,0.000000,0.000000,0.000000,0.000000,0.000000,0.000000,0.000000,0.000000,0.000000,2.378654,0.000000,0.000000,0.000000,1.000000,0.000000,0.024243
38.928855,1,100632.000000,100632.000000,100631.000000,100627.000000,100627.000000,0.000000,0.000000,0.000000,0.000000,0.000000,299.010010,100630.179688,298.996216,0.000000,-45.937126,87.620926,-54.951019,0.003218,0.002458,-0.039454,0.001326,0.000496,0.000529,,0.000000,0.000000,0.000000,0.000000,0.000000,0.000000,0.000000,0.000000,0.000000,0.000000,0.000000,0.000000,0.000000,0.000000,0.000000,2.379074,0.000000,0.000000,0.000000,1.000000,0.000000,0.025844
38.952514,1,100632.000000,100631.000000,100627.000000,100631.000000,100631.000000,0.000000,0.000000,0.000000,0.000000,0.000000,299.019989,100630.179688,298.996216,0.000000,-45.930016,87.622490,-54.943607,-0.010676,0.009199,-0.040537,-0.000015,0.001774,0.001216,,0.000000,0.000000,0.000000,0.000000,0.000000,0.000000,0.000000,0.000000,0.000000,0.000000,0.000000,0.000000,0.000000,0.000000,0.000000,2.377510,0.000000,0.000000,0.000000,1.000000,0.000000,0.023686
38.978262,1,100631.000000,100627.000000,100631.000000,100628.000000,100628.000000,0.000000,0.000000,0.000000,0.000000,0.000000,299.019989,100630.179688,298.996246,0.000000,-45.942593,87.623070,-54.954990,0.003332,0.006412,-0.037620,-0.001172,0.001953,0.000931,,0.000000,0.000000,0.000000,0.000000,0.000000,0.000000,0.000000,0.000000,0.000000,0.000000,0.000000,0.000000,0.000000,0.000000,0.000000,2.376930,0.000000,0.000000,0.000000,1.000000,0.000000,0.025742
39.008860,1,100627.000000,100631.000000,100628.000000,100621.000000,100621.000000,0.000000,0.000000,0.000000,0.000000,0.000000,299.010010,100630.171875,298.996277,0.000000,-45.950680,87.623482,-54.962330,0.012989,-0.005490,-0.029939,-0.000248,0.001750,0.000978,,0.000000,0.000000,0.000000,0.000000,0.000000,0.000000,0.000000,0.000000,0.000000,0.000000,0.000000,0.000000,0.000000,0.000000,0.000000,2.376518,0.000000,0.000000,0.000000,1.000000,0.000000,0.030595
39.034055,1,100631.000000,100628.000000,100621.000000,100626.000000,100626.000000,0.000000,0.000000,0.000000,0.000000,0.000000,299.010010,100630.164062,298.996277,0.000000,-45.932781,87.623482,-54.945374,-0.000506,0.007621,-0.037331,0.001528,0.000287,0.000149,,0.000000,0.000000,0.000000,0.000000,0.000000,0.000000,0.000000,0.000000,0.000000,0.000000,0.000000,0.000000,0.000000,0.000000,0.000000,2.376518,0.000000,0.000000,0.000000,1.000000,0.000000,0.025198
39.059099,1,100628.000000,100621.000000,100626.000000,100631.000000,100631.000000,0.000000,0.000000,0.000000,0.000000,0.000000,299.010010,100630.164062,298.996277,0.000000,-45.931347,87.620758,-54.944988,-0.005963,-0.004055,-0.036947,0.000141,0.000948,0.000266,,0.000000,0.000000,0.000000,0.000000,0.000000,0.000000,0.000000,0.000000,0.000000,0.000000,0.000000,0.000000,0.000000,0.000000,0.000000,2.379242,0.000000,0.000000,0.000000,1.000000,0.000000,0.025049
39.084250,1,100621.000000,100626.000000,100631.000000,100628.000000,100628.000000,0.000000,0.000000,0.000000,0.000000,0.000000,299.010010,100630.164062,298.996307,0.000000,-45.922649,87.620758,-54.937672,-0.008554,-0.008307,-0.030962,-0.000236,0.001291,0.000562,,0.000000,0.000000,0.000000,0.000000,0.000000,0.000000,0.000000,0.000000,0.000000,0.000000,0.000000,0.000000,0.000000,0.000000,0.000000,2.379242,0.000000,0.000000,0.000000,1.000000,0.000000,0.025101
39.107997,1,100626.000000,100631.000000,100628.000000,100626.000000,100626.000000,0.000000,0.000000,0.000000,0.000000,0.000000,299.010010,100630.164062,298.996307,0.000000,-45.943623,87.622246,-54.956680,0.003545,-0.010166,-0.023108,0.000519,0.001114,0.000518,,0.000000,0.000000,0.000000,0.000000,0.000000,0.000000,0.000000,0.000000,0.000000,0.000000,0.000000,0.000000,0.000000,0.000000,0.000000,2.377754,0.000000,0.000000,0.000000,1.000000,0.000000,0.023730
39.131830,1,100631.000000,100628.000000,100626.000000,100625.000000,100625.000000,0.000000,0.000000,0.000000,0.000000,0.000000,299.010010,100630.156250,298.996307,0.000000,-45.943707,87.623238,-54.956982,0.003479,-0.004576,-0.034082,-0.000188,0.002226,0.001176,,0.000000,0.000000,0.000000,0.000000,0.000000,0.000000,0.000000,0.000000,0.000000,0.000000,0.000000,0.000000,0.000000,0.000000,0.000000,2.376762,0.000000,0.000000,0.000000,1.000000,0.000000,0.023896
39.158279,1,100628.000000,100626.000000,100625.000000,100630.000000,100630.000000,0.000000,0.000000,0.000000,0.000000,0.000000,299.010010,100630.156250,298.996338,0.000000,-45.914726,87.622078,-54.930012,0.004325,0.022375,-0.046062,0.001017,0.000984,0.000669,,0.000000,0.000000,0.000000,0.000000,0.000000,0.000000,0.000000,0.000000,0.000000,0.000000,0.000000,0.000000,0.000000,0.000000,0.000000,2.377922,0.000000,0.000000,0.000000,1.000000,0.000000,0.026456
39.190190,1,100626.000000,100625.000000,100630.000000,100629.000000,100629.000000,0.000000,0.000000,0.000000,0.000000,0.000000,299.000000,100630.156250,298.996338,0.000000,-45.893501,87.621178,-54.909286,-0.006893,0.015565,-0.029615,0.001227,0.000835,0.000901,,0.000000,0.000000,0.000000,0.000000,0.000000,0.000000,0.000000,0.000000,0.000000,0.000000,0.000000,0.000000,0.000000,0.000000,0.000000,2.378822,0.000000,0.000000,0.000000,1.000000,0.000000,0.031911
39.214582,1,100625.000000,100630.000000,100629.000000,100625.000000,100625.000000,0.000000,0.000000,0.000000,0.000000,0.000000,299.000000,100630.156250,298.996338,0.000000,-45.946861,87.623642,-54.959095,-0.001243,-0.012096,-0.041515,-0.000296,0.001399,0.001046,,0.000000,0.000000,0.000000,0.000000,0.000000,0.000000,0.000000,0.000000,0.000000,0.000000,0.000000,0.000000,0.000000,0.000000,0.000000,2.376358,0.000000,0.000000,0.000000,1.000000,0.000000,0.024387
39.238205,1,100630.000000,100629.000000,100625.000000,100629.000000,100629.000000,0.000000,0.000000,0.000000,0.000000,0.000000,299.010010,100630.148438,298.996338,0.000000,-45.975883,87.625542,-54.986828,-0.007460,-0.004255,-0.031622,-0.000582,0.002163,0.000765,,0.000000,0.000000,0.000000,0.000000,0.000000,0.000000,0.000000,0.000000,0.000000,0.000000,0.000000,0.000000,0.000000,0.000000,0.000000,2.374458,0.000000,0.000000,0.000000,1.000000,0.000000,0.023601
39.261818,1,100629.000000,100625.000000,100629.000000,100629.000000,100629.000000,0.000000,0.000000,0.000000,0.000000,0.000000,299.010010,100630.148438,298.996368,0.000000,-45.984619,87.625786,-54.996643,-0.010674,0.024038,-0.044388,-0.000077,0.001129,-0.000020,,0.000000,0.000000,0.000000,0.000000,0.000000,0.000000,0.000000,0.000000,0.000000,0.000000,0.000000,0.000000,0.000000,0.000000,0.000000,2.374214,0.000000,0.000000,0.000000,1.000000,0.000000,0.023641
39.289357,1,100625.000000,100629.000000,100629.000000,100625.000000,100625.000000,0.000000,0.000000,0.000000,0.000000,0.000000,299.010010,100630.148438,298.996368,0.000000,-45.918346,87.622490,-54.933384,0.007620,0.011680,-0.037655,0.000610,-0.000224,-0.000362,,0.000000,0.000000,0.000000,0.000000,0.000000,0.000000,0.000000,0.000000,0.000000,0.000000,0.000000,0.000000,0.000000,0.000000,0.000000,2.377510,0.000000,0.000000,0.000000,1.000000,0.000000,0.027540
39.314807,1,100629.000000,100629.000000,100625.000000,100625.000000,100625.000000,0.000000,0.000000,0.000000,0.000000,0.000000,299.010010,100630.140625,298.996399,0.000000,-45.916237,87.620026,-54.931255,0.016639,-0.000413,-0.034809,0.001289,0.000100,0.000253,,0.000000,0.000000,0.000000,0.000000,0.000000,0.000000,0.000000,0.000000,0.000000,0.000000,0.000000,0.000000,0.000000,0.000000,0.000000,2.379974,0.000000,0.000000,0.000000,1.000000,0.000000,0.025429
39.346073,1,100629.000000,100625.000000,100625.000000,100627.000000,100627.000000,0.000000,0.000000,0.000000,0.000000,0.000000,299.000000,100630.140625,298.996399,0.000000,-45.902626,87.621178,-54.919048,-0.013659,-0.013723,-0.038442,-0.000060,0.002160,0.001346,,0.000000,0.000000,0.000000,0.000000,0.000000,0.000000,0.000000,0.000000,0.000000,0.000000,0.000000,0.000000,0.000000,0.000000,0.000000,2.378822,0.000000,0.000000,0.000000,1.000000,0.000000,0.031290
39.370255,1,100625.000000,100625.000000,100627.000000,100626.000000,100626.000000,0.000000,0.000000,0.000000,0.000000,0.000000,299.000000,100630.132812,298.996399,0.000000,-45.934437,87.623642,-54.948406,-0.014095,-0.001930,-0.040197,-0.000976,0.002764,0.000765,,0.000000,0.000000,0.000000,0.000000,0.000000,0.000000,0.000000,0.000000,0.000000,0.000000,0.000000,0.000000,0.000000,0.000000,0.000000,2.376358,0.000000,0.000000,0.000000,1.000000,0.000000,0.024104
39.393913,1,100625.000000,100627.000000,100626.000000,100622.000000,100622.000000,0.000000,0.000000,0.000000,0.000000,0.000000,299.000000,100630.132812,298.996399,0.000000,-45.958401,87.623810,-54.970539,0.008965,0.010750,-0.030813,-0.000061,0.001204,0.000966,,0.000000,0.000000,0.000000,0.000000,0.000000,0.000000,0.000000,0.000000,0.000000,0.000000,0.000000,0.000000,0.000000,0.000000,0.000000,2.376190,0.000000,0.000000,0.000000,1.000000,0.000000,0.023711
39.417473,1,100627.000000,100626.000000,100622.000000,100627.000000,100627.000000,0.000000,0.000000,0.000000,0.000000,0.000000,299.010010,100630.125000,298.996399,0.000000,-45.954369,87.623566,-54.966965,0.004267,0.002922,-0.034500,-0.000128,0.001941,0.001050,,0.000000,0.000000,0.000000,0.000000,0.000000,0.000000,0.000000,0.000000,0.000000,0.000000,0.000000,0.000000,0.000000,0.000000,0.000000,2.376434,0.000000,0.000000,0.000000,1.000000,0.000000,0.023568
39.445920,1,100626.000000,100622.000000,100627.000000,100626.000000,100626.000000,0.000000,0.000000,0.000000,0.000000,0.000000,299.000000,100630.125000,298.996399,0.000000,-45.925499,87.622406,-54.940361,-0.009326,0.004587,-0.046129,0.000066,0.000488,0.000380,,0.000000,0.000000,0.000000,0.000000,0.000000,0.000000,0.000000,0.000000,0.000000,0.000000,0.000000,0.000000,0.000000,0.000000,0.000000,2.377594,0.000000,0.000000,0.000000,1.000000,0.000000,0.028457
39.470222,1,100622.000000,100627.000000,100626.000000,100628.000000,100628.000000,0.000000,0.000000,0.000000,0.000000,0.000000,299.010010,100630.125000,298.996429,0.000000,-45.943542,87.623482,-54.956558,-0.022737,-0.008498,-0.044703,-0.000755,0.002055,0.000327,,0.000000,0.000000,0.000000,0.000000,0.000000,0.000000,0.000000,0.000000,0.000000,0.000000,0.000000,0.000000,0.000000,0.000000,0.000000,2.376518,0.000000,0.000000,0.000000,1.000000,0.000000,0.024295
39.494276,1,100627.000000,100626.000000,100628.000000,100622.000000,100622.000000,0.000000,0.000000,0.000000,0.000000,0.000000,299.010010,100630.117188,298.996429,0.000000,-45.966190,87.623398,-54.977779,0.002364,-0.005931,-0.033085,-0.001075,0.001954,0.000703,,0.000000,0.000000,0.000000,0.000000,0.000000,0.000000,0.000000,0.000000,0.000000,0.000000,0.000000,0.000000,0.000000,0.000000,0.000000,2.376602,0.000000,0.000000,0.000000,1.000000,0.000000,0.023976
39.518256,1,100626.000000,100628.000000,100622.000000,100632.000000,100632.000000,0.000000,0.000000,0.000000,0.000000,0.000000,299.010010,100630.117188,298.996429,0.000000,-45.976337,87.622826,-54.988010,0.015545,-0.001925,-0.037471,-0.000042,0.000968,0.000441,,0.000000,0.000000,0.000000,0.000000,0.000000,0.000000,0.000000,0.000000,0.000000,0.000000,0.000000,0.000000,0.000000,0.000000,0.000000,2.377174,0.000000,0.000000,0.000000,1.000000,0.000000,0.024036
39.541841,1,100628.000000,100622.000000,100632.000000,100630.000000,100630.000000,0.000000,0.000000,0.000000,0.000000,0.000000,299.010010,100630.117188,298.996460,0.000000,-45.964104,87.622574,-54.977215,0.006453,0.024705,-0.029695,0.000253,0.001862,0.000469,,0.000000,0.000000,0.000000,0.000000,0.000000,0.000000,0.000000,0.000000,0.000000,0.000000,0.000000,0.000000,0.000000,0.000000,0.000000,2.377426,0.000000,0.000000,0.000000,1.000000,0.000000,0.023605
39.570201,1,100622.000000,100632.000000,100630.000000,100624.000000,100624.000000,0.000000,0.000000,0.000000,0.000000,0.000000,299.010010,100630.109375,298.996460,0.000000,-45.958683,87.623070,-54.971130,-0.001909,-0.004383,-0.030794,0.000610,0.000837,0.000197,,0.000000,0.000000,0.000000,0.000000,0.000000,0.000000,0.000000,0.000000,0.000000,0.000000,0.000000,0.000000,0.000000,0.000000,0.000000,2.376930,0.000000,0.000000,0.000000,1.000000,0.000000,0.028365
39.596092,1,100632.000000,100630.000000,100624.000000,100623.000000,100623.000000,0.000000,0.000000,0.000000,0.000000,0.000000,299.010010,100630.101562,298.996460,0.000000,-45.953625,87.622826,-54.965412,-0.009458,-0.013374,-0.030252,-0.000567,0.001816,0.000916,,0.000000,0.000000,0.000000,0.000000,0.000000,0.000000,0.000000,0.000000,0.000000,0.000000,0.000000,0.000000,0.000000,0.000000,0.000000,2.377174,0.000000,0.000000,0.000000,1.000000,0.000000,0.025874
39.629358,1,100630.000000,100624.000000,100623.000000,100626.000000,100626.000000,0.000000,0.000000,0.000000,0.000000,0.000000,298.989990,100630.101562,298.996460,0.000000,-45.990871,87.624390,-55.001381,-0.007154,-0.000903,-0.041295,-0.000211,0.001682,0.000479,,0.000000,0.000000,0.000000,0.000000,0.000000,0.000000,0.000000,0.000000,0.000000,0.000000,0.000000,0.000000,0.000000,0.000000,0.000000,2.375610,0.000000,0.000000,0.000000,1.000000,0.000000,0.033280
39.658291,1,100624.000000,100623.000000,100626.000000,100621.000000,100621.000000,0.000000,0.000000,0.000000,0.000000,0.000000,298.989990,100630.093750,298.996460,0.000000,-45.986115,87.624878,-54.995567,0.008672,0.029245,-0.040297,-0.000579,0.000442,0.000677,,0.000000,0.000000,0.000000,0.000000,0.000000,0.000000,0.000000,0.000000,0.000000,0.000000,0.000000,0.000000,0.000000,0.000000,0.000000,2.375122,0.000000,0.000000,0.000000,1.000000,0.000000,0.028933
39.686231,1,100623.000000,100626.000000,100621.000000,100626.000000,100626.000000,0.000000,0.000000,0.000000,0.000000,0.000000,298.989990,100630.093750,298.996460,0.000000,-45.954956,87.621590,-54.967457,-0.000893,0.002738,-0.030954,0.001285,-0.000111,0.000464,,0.000000,0.000000,0.000000,0.000000,0.000000,0.000000,0.000000,0.000000,0.000000,0.000000,0.000000,0.000000,0.000000,0.000000,0.000000,2.378410,0.000000,0.000000,0.000000,1.000000,0.000000,0.027941
39.712839,1,100626.000000,100621.000000,100626.000000,100632.000000,100632.000000,0.000000,0.000000,0.000000,0.000000,0.000000,298.989990,100630.093750,298.996460,0.000000,-45.967022,87.622322,-54.978386,-0.005646,-0.016361,-0.027418,-0.001632,0.002774,0.000629,,0.000000,0.000000,0.000000,0.000000,0.000000,0.000000,0.000000,0.000000,0.000000,0.000000,0.000000,0.000000,0.000000,0.000000,0.000000,2.377678,0.000000,0.000000,0.000000,1.000000,0.000000,0.026610
39.746180,1,100621.000000,100626.000000,100632.000000,100629.000000,100629.000000,0.000000,0.000000,0.000000,0.000000,0.000000,298.989990,100630.093750,298.996460,0.000000,-45.985451,87.622826,-54.996758,-0.007743,-0.011014,-0.041000,-0.000687,0.002049,0.000797,,0.000000,0.000000,0.000000,0.000000,0.000000,0.000000,0.000000,0.000000,0.000000,0.000000,0.000000,0.000000,0.000000,0.000000,0.000000,2.377174,0.000000,0.000000,0.000000,1.000000,0.000000,0.033342
39.774301,1,100626.000000,100632.000000,100629.000000,100625.000000,100625.000000,0.000000,0.000000,0.000000,0.000000,0.000000,298.980011,100630.085938,298.996429,0.000000,-46.010952,87.625130,-55.020622,0.006736,0.007420,-0.038776,-0.001751,0.002566,0.001119,,0.000000,0.000000,0.000000,0.000000,0.000000,0.000000,0.000000,0.000000,0.000000,0.000000,0.000000,0.000000,0.000000,0.000000,0.000000,2.374870,0.000000,0.000000,0.000000,1.000000,0.000000,0.028020
39.799197,1,100632.000000,100629.000000,100625.000000,100622.000000,100622.000000,0.000000,0.000000,0.000000,0.000000,0.000000,298.989990,100630.078125,298.996429,0.000000,-45.991795,87.622490,-55.003296,0.006135,0.005679,-0.029629,0.001468,0.000639,-0.000060,,0.000000,0.000000,0.000000,0.000000,0.000000,0.000000,0.000000,0.000000,0.000000,0.000000,0.000000,0.000000,0.000000,0.000000,0.000000,2.377510,0.000000,0.000000,0.000000,1.000000,0.000000,0.024958
39.822772,1,100629.000000,100625.000000,100622.000000,100629.000000,100629.000000,0.000000,0.000000,0.000000,0.000000,0.000000,298.989990,100630.078125,298.996429,0.000000,-45.974823,87.621918,-54.990070,-0.004721,-0.001651,-0.039401,0.001282,0.000314,0.000341,,0.000000,0.000000,0.000000,0.000000,0.000000,0.000000,0.000000,0.000000,0.000000,0.000000,0.000000,0.000000,0.000000,0.000000,0.000000,2.378082,0.000000,0.000000,0.000000,1.000000,0.000000,0.023605
39.846481,1,100625.000000,100622.000000,100629.000000,100631.000000,100631.000000,0.000000,0.000000,0.000000,0.000000,0.000000,298.989990,100630.078125,298.996429,0.000000,-45.959568,87.620758,-54.972130,-0.024779,0.003479,-0.042553,-0.001828,0.002341,0.000411,,0.000000,0.000000,0.000000,0.000000,0.000000,0.000000,0.000000,0.000000,0.000000,0.000000,0.000000,0.000000,0.000000,0.000000,0.000000,2.379242,0.000000,0.000000,0.000000,1.000000,0.000000,0.023715
39.874275,1,100622.000000,100629.000000,100631.000000,100628.000000,100628.000000,0.000000,0.000000,0.000000,0.000000,0.000000,298.989990,100630.078125,298.996399,0.000000,-45.990200,87.622490,-54.999893,0.006918,-0.014707,-0.026964,-0.000621,0.001516,0.000557,,0.000000,0.000000,0.000000,0.000000,0.000000,0.000000,0.000000,0.000000,0.000000,0.000000,0.000000,0.000000,0.000000,0.000000,0.000000,2.377510,0.000000,0.000000,0.000000,1.000000,0.000000,0.027722
39.899235,1,100629.000000,100631.000000,100628.000000,100628.000000,100628.000000,0.000000,0.000000,0.000000,0.000000,0.000000,298.989990,100630.078125,298.996399,0.000000,-46.017620,87.622910,-55.027367,0.015428,0.010456,-0.029282,0.000171,0.001525,0.000395,,0.000000,0.000000,0.000000,0.000000,0.000000,0.000000,0.000000,0.000000,0.000000,0.000000,0.000000,0.000000,0.000000,0.000000,0.000000,2.377090,0.000000,0.000000,0.000000,1.000000,0.000000,0.025028
39.926214,1,100631.000000,100628.000000,100628.000000,100627.000000,100627.000000,0.000000,0.000000,0.000000,0.000000,0.000000,298.989990,100630.078125,298.996399,0.000000,-46.015141,87.623482,-55.025646,0.010869,0.008723,-0.040552,0.001774,0.000412,0.000471,,0.000000,0.000000,0.000000,0.000000,0.000000,0.000000,0.000000,0.000000,0.000000,0.000000,0.000000,0.000000,0.000000,0.000000,0.000000,2.376518,0.000000,0.000000,0.000000,1.000000,0.000000,0.026957
39.949767,1,100628.000000,100628.000000,100627.000000,100627.000000,100627.000000,0.000000,0.000000,0.000000,0.000000,0.000000,299.000000,100630.070312,298.996399,0.000000,-45.982323,87.620438,-54.996754,-0.011291,-0.006607,-0.029963,0.000692,0.000800,0.000553,,0.000000,0.000000,0.000000,0.000000,0.000000,0.000000,0.000000,0.000000,0.000000,0.000000,0.000000,0.000000,0.000000,0.000000,0.000000,2.379562,0.000000,0.000000,0.000000,1.000000,0.000000,0.023585
39.975347,1,100628.000000,100627.000000,100627.000000,100634.000000,100634.000000,0.000000,0.000000,0.000000,0.000000,0.000000,299.000000,100630.078125,298.996399,0.000000,-45.976635,87.622002,-54.988426,0.005078,-0.009801,-0.032602,-0.000639,0.001874,0.000169,,0.000000,0.000000,0.000000,0.000000,0.000000,0.000000,0.000000,0.000000,0.000000,0.000000,0.000000,0.000000,0.000000,0.000000,0.000000,2.377998,0.000000,0.000000,0.000000,1.000000,0.000000,0.025519
39.999575,1,100627.000000,100627.000000,100634.000000,100627.000000,100627.000000,0.000000,0.000000,0.000000,0.000000,0.000000,299.000000,100630.070312,298.996399,0.000000,-45.998215,87.622910,-55.008739,0.007804,0.001078,-0.031536,-0.001331,0.002359,0.001050,,0.000000,0.000000,0.000000,0.000000,0.000000,0.000000,0.000000,0.000000,0.000000,0.000000,0.000000,0.000000,0.000000,0.000000,0.000000,2.377090,0.000000,0.000000,0.000000,1.000000,0.000000,0.024300
40.029947,1,100627.000000,100634.000000,100627.000000,100631.000000,100631.000000,0.000000,0.000000,0.000000,0.000000,0.000000,299.000000,100630.070312,298.996429,0.000000,-45.993179,87.624550,-55.002918,0.004414,0.015324,-0.044333,-0.000829,0.001883,0.000688,,0.000000,0.000000,0.000000,0.000000,0.000000,0.000000,0.000000,0.000000,0.000000,0.000000,0.000000,0.000000,0.000000,0.000000,0.000000,2.375450,0.000000,0.000000,0.000000,1.000000,0.000000,0.030361
40.054283,1,100634.000000,100627.000000,100631.000000,100623.000000,100623.000000,0.000000,0.000000,0.000000,0.000000,0.000000,299.000000,100630.070312,298.996429,0.000000,-45.982292,87.622826,-54.993462,0.001675,0.014662,-0.033072,-0.001038,0.001944,0.000806,,0.000000,0.000000,0.000000,0.000000,0.000000,0.000000,0.000000,0.000000,0.000000,0.000000,0.000000,0.000000,0.000000,0.000000,0.000000,2.377174,0.000000,0.000000,0.000000,1.000000,0.000000,0.024249
40.078235,1,100627.000000,100631.000000,100623.000000,100628.000000,100628.000000,0.000000,0.000000,0.000000,0.000000,0.000000,299.000000,100630.062500,298.996429,0.000000,-45.957626,87.621094,-54.970860,0.004739,-0.006628,-0.031340,0.000515,0.000205,0.000230,,0.000000,0.000000,0.000000,0.000000,0.000000,0.000000,0.000000,0.000000,0.000000,0.000000,0.000000,0.000000,0.000000,0.000000,0.000000,2.378906,0.000000,0.000000,0.000000,1.000000,0.000000,0.024026
40.101818,1,100631.000000,100623.000000,100628.000000,100624.000000,100624.000000,0.000000,0.000000,0.000000,0.000000,0.000000,299.000000,100630.062500,298.996429,0.000000,-45.953049,87.621178,-54.966015,-0.000052,-0.007633,-0.030139,-0.000124,0.001380,0.000581,,0.000000,0.000000,0.000000,0.000000,0.000000,0.000000,0.000000,0.000000,0.000000,0.000000,0.000000,0.000000,0.000000,0.000000,0.000000,2.378822,0.000000,0.000000,0.000000,1.000000,0.000000,0.023596
40.130007,1,100623.000000,100628.000000,100624.000000,100626.000000,100626.000000,0.000000,0.000000,0.000000,0.000000,0.000000,299.000000,100630.054688,298.996429,0.000000,-45.970192,87.622162,-54.982666,-0.010772,0.000071,-0.039831,0.001450,-0.000035,0.000837,,0.000000,0.000000,0.000000,0.000000,0.000000,0.000000,0.000000,0.000000,0.000000,0.000000,0.000000,0.000000,0.000000,0.000000,0.000000,2.377838,0.000000,0.000000,0.000000,1.000000,0.000000,0.028190
40.158327,1,100628.000000,100624.000000,100626.000000,100627.000000,100627.000000,0.000000,0.000000,0.000000,0.000000,0.000000,299.000000,100630.054688,298.996429,0.000000,-45.972710,87.622246,-54.984131,0.001533,-0.000521,-0.032690,-0.000065,0.002001,0.000274,,0.000000,0.000000,0.000000,0.000000,0.000000,0.000000,0.000000,0.000000,0.000000,0.000000,0.000000,0.000000,0.000000,0.000000,0.000000,2.377754,0.000000,0.000000,0.000000,1.000000,0.000000,0.028259
40.182126,1,100624.000000,100626.000000,100627.000000,100629.000000,100629.000000,0.000000,0.000000,0.000000,0.000000,0.000000,299.000000,100630.054688,298.996429,0.000000,-45.950275,87.621094,-54.962303,0.000761,-0.001499,-0.034195,0.000591,0.000805,0.000676,,0.000000,0.000000,0.000000,0.000000,0.000000,0.000000,0.000000,0.000000,0.000000,0.000000,0.000000,0.000000,0.000000,0.000000,0.000000,2.378906,0.000000,0.000000,0.000000,1.000000,0.000000,0.023861
40.206195,1,100626.000000,100627.000000,100629.000000,100635.000000,100635.000000,0.000000,0.000000,0.000000,0.000000,0.000000,299.000000,100630.054688,298.996429,0.000000,-45.938305,87.621422,-54.953411,-0.008022,0.006481,-0.038932,0.000150,0.001862,0.001220,,0.000000,0.000000,0.000000,0.000000,0.000000,0.000000,0.000000,0.000000,0.000000,0.000000,0.000000,0.000000,0.000000,0.000000,0.000000,2.378578,0.000000,0.000000,0.000000,1.000000,0.000000,0.024055
40.229895,1,100627.000000,100629.000000,100635.000000,100632.000000,100632.000000,0.000000,0.000000,0.000000,0.000000,0.000000,299.010010,100630.062500,298.996460,0.000000,-45.952335,87.621750,-54.966953,-0.017021,0.010633,-0.038910,-0.000621,0.001801,0.000407,,0.000000,0.000000,0.000000,0.000000,0.000000,0.000000,0.000000,0.000000,0.000000,0.000000,0.000000,0.000000,0.000000,0.000000,0.000000,2.378250,0.000000,0.000000,0.000000,1.000000,0.000000,0.023717
40.254175,1,100629.000000,100635.000000,100632.000000,100629.000000,100629.000000,0.000000,0.000000,0.000000,0.000000,0.000000,299.010010,100630.062500,298.996460,0.000000,-45.970638,87.622742,-54.982445,0.000036,0.002368,-0.026377,-0.001590,0.002044,0.000651,,0.000000,0.000000,0.000000,0.000000,0.000000,0.000000,0.000000,0.000000,0.000000,0.000000,0.000000,0.000000,0.000000,0.000000,0.000000,2.377258,0.000000,0.000000,0.000000,1.000000,0.000000,0.024277
40.278222,1,100635.000000,100632.000000,100629.000000,100631.000000,100631.000000,0.000000,0.000000,0.000000,0.000000,0.000000,299.010010,100630.062500,298.996460,0.000000,-45.994110,87.623238,-55.004204,0.009496,-0.002800,-0.028576,-0.000243,0.000978,0.000087,,0.000000,0.000000,0.000000,0.000000,0.000000,0.000000,0.000000,0.000000,0.000000,0.000000,0.000000,0.000000,0.000000,0.000000,0.000000,2.376762,0.000000,0.000000,0.000000,1.000000,0.000000,0.024047
40.302251,1,100632.000000,100629.000000,100631.000000,100625.000000,100625.000000,0.000000,0.000000,0.000000,0.000000,0.000000,299.010010,100630.054688,298.996490,0.000000,-45.981171,87.621834,-54.994015,-0.000774,0.007203,-0.033337,0.000633,0.000538,0.000574,,0.000000,0.000000,0.000000,0.000000,0.000000,0.000000,0.000000,0.000000,0.000000,0.000000,0.000000,0.000000,0.000000,0.000000,0.000000,2.378166,0.000000,0.000000,0.000000,1.000000,0.000000,0.023643
40.325879,1,100629.000000,100631.000000,100625.000000,100624.000000,100624.000000,0.000000,0.000000,0.000000,0.000000,0.000000,299.010010,100630.054688,298.996490,0.000000,-45.926159,87.620270,-54.941605,-0.007032,0.012162,-0.034369,0.001710,0.000115,0.000183,,0.000000,0.000000,0.000000,0.000000,0.000000,0.000000,0.000000,0.000000,0.000000,0.000000,0.000000,0.000000,0.000000,0.000000,0.000000,2.379730,0.000000,0.000000,0.000000,1.000000,0.000000,0.024019
40.350215,1,100631.000000,100625.000000,100624.000000,100626.000000,100626.000000,0.000000,0.000000,0.000000,0.000000,0.000000,299.010010,100630.046875,298.996490,0.000000,-45.942638,87.621017,-54.956810,0.004482,0.006782,-0.037085,0.000646,0.000378,0.000477,,0.000000,0.000000,0.000000,0.000000,0.000000,0.000000,0.000000,0.000000,0.000000,0.000000,0.000000,0.000000,0.000000,0.000000,0.000000,2.378983,0.000000,0.000000,0.000000,1.000000,0.000000,0.024335
40.374256,1,100625.000000,100624.000000,100626.000000,100628.000000,100628.000000,0.000000,0.000000,0.000000,0.000000,0.000000,299.019989,100630.046875,298.996521,0.000000,-45.950089,87.623070,-54.962261,0.012559,-0.004521,-0.034129,-0.001101,0.002657,0.000821,,0.000000,0.000000,0.000000,0.000000,0.000000,0.000000,0.000000,0.000000,0.000000,0.000000,0.000000,0.000000,0.000000,0.000000,0.000000,2.376930,0.000000,0.000000,0.000000,1.000000,0.000000,0.024022
40.397851,1,100624.000000,100626.000000,100628.000000,100628.000000,100628.000000,0.000000,0.000000,0.000000,0.000000,0.000000,299.019989,100630.046875,298.996552,0.000000,-45.981232,87.624222,-54.991550,-0.012249,0.004650,-0.038518,-0.000644,0.002169,0.001181,,0.000000,0.000000,0.000000,0.000000,0.000000,0.000000,0.000000,0.000000,0.000000,0.000000,0.000000,0.000000,0.000000,0.000000,0.000000,2.375778,0.000000,0.000000,0.000000,1.000000,0.000000,0.023547
40.422277,1,100626.000000,100628.000000,100628.000000,100627.000000,100627.000000,0.000000,0.000000,0.000000,0.000000,0.000000,299.019989,100630.039062,298.996552,0.000000,-45.975174,87.624222,-54.985619,-0.018818,0.005790,-0.037228,-0.000077,0.000934,0.000603,,0.000000,0.000000,0.000000,0.000000,0.000000,0.000000,0.000000,0.000000,0.000000,0.000000,0.000000,0.000000,0.000000,0.000000,0.000000,2.375778,0.000000,0.000000,0.000000,1.000000,0.000000,0.024453
40.445843,1,100628.000000,100628.000000,100627.000000,100623.000000,100623.000000,0.000000,0.000000,0.000000,0.000000,0.000000,299.019989,100630.039062,298.996582,0.000000,-45.922142,87.619698,-54.936817,0.005419,-0.004767,-0.026365,0.001038,-0.000821,0.000313,,0.000000,0.000000,0.000000,0.000000,0.000000,0.000000,0.000000,0.000000,0.000000,0.000000,0.000000,0.000000,0.000000,0.000000,0.000000,2.380302,0.000000,0.000000,0.000000,1.000000,0.000000,0.023607
40.471393,1,100628.000000,100627.000000,100623.000000,100629.000000,100629.000000,0.000000,0.000000,0.000000,0.000000,0.000000,299.019989,100630.039062,298.996582,0.000000,-45.917107,87.619858,-54.932079,0.011127,0.003716,-0.032866,0.000451,0.001066,-0.000028,,0.000000,0.000000,0.000000,0.000000,0.000000,0.000000,0.000000,0.000000,0.000000,0.000000,0.000000,0.000000,0.000000,0.000000,0.000000,2.380142,0.000000,0.000000,0.000000,1.000000,0.000000,0.025539
40.496807,1,100627.000000,100623.000000,100629.000000,100625.000000,100625.000000,0.000000,0.000000,0.000000,0.000000,0.000000,299.019989,100630.031250,298.996613,0.000000,-45.926407,87.620926,-54.941559,-0.011199,0.007972,-0.034334,0.000035,0.002386,0.001263,,0.000000,0.000000,0.000000,0.000000,0.000000,0.000000,0.000000,0.000000,0.000000,0.000000,0.000000,0.000000,0.000000,0.000000,0.000000,2.379074,0.000000,0.000000,0.000000,1.000000,0.000000,0.025404
40.522357,1,100623.000000,100629.000000,100625.000000,100630.000000,100630.000000,0.000000,0.000000,0.000000,0.000000,0.000000,299.019989,100630.031250,298.996643,0.000000,-45.932308,87.622078,-54.945866,-0.000010,-0.004850,-0.036583,0.000093,0.001674,0.000901,,0.000000,0.000000,0.000000,0.000000,0.000000,0.000000,0.000000,0.000000,0.000000,0.000000,0.000000,0.000000,0.000000,0.000000,0.000000,2.377922,0.000000,0.000000,0.000000,1.000000,0.000000,0.025483
40.546001,1,100629.000000,100625.000000,100630.000000,100627.000000,100627.000000,0.000000,0.000000,0.000000,0.000000,0.000000,299.019989,100630.031250,298.996643,0.000000,-45.919739,87.621262,-54.935078,0.006626,-0.010448,-0.019098,0.001011,0.000975,0.000650,,0.000000,0.000000,0.000000,0.000000,0.000000,0.000000,0.000000,0.000000,0.000000,0.000000,0.000000,0.000000,0.000000,0.000000,0.000000,2.378738,0.000000,0.000000,0.000000,1.000000,0.000000,0.023667
40.570265,1,100625.000000,100630.000000,100627.000000,100628.000000,100628.000000,0.000000,0.000000,0.000000,0.000000,0.000000,299.019989,100630.023438,298.996674,0.000000,-45.942059,87.623482,-54.957516,0.019960,-0.004061,-0.050917,0.001421,0.001098,0.001250,,0.000000,0.000000,0.000000,0.000000,0.000000,0.000000,0.000000,0.000000,0.000000,0.000000,0.000000,0.000000,0.000000,0.000000,0.000000,2.376518,0.000000,0.000000,0.000000,1.000000,0.000000,0.024294
40.597048,1,100630.000000,100627.000000,100628.000000,100625.000000,100625.000000,0.000000,0.000000,0.000000,0.000000,0.000000,299.019989,100630.023438,298.996704,0.000000,-45.904522,87.622986,-54.922207,-0.006372,0.011232,-0.005516,0.000851,0.001137,0.001433,,0.000000,0.000000,0.000000,0.000000,0.000000,0.000000,0.000000,0.000000,0.000000,0.000000,0.000000,0.000000,0.000000,0.000000,0.000000,2.377014,0.000000,0.000000,0.000000,1.000000,0.000000,0.026782
40.626727,1,100627.000000,100628.000000,100625.000000,100628.000000,100628.000000,0.000000,0.000000,0.000000,0.000000,0.000000,299.010010,100630.023438,298.996704,0.000000,-45.918358,87.623482,-54.934467,-0.026021,-0.006199,-0.053848,-0.000956,0.001463,0.000638,,0.000000,0.000000,0.000000,0.000000,0.000000,0.000000,0.000000,0.000000,0.000000,0.000000,0.000000,0.000000,0.000000,0.000000,0.000000,2.376518,0.000000,0.000000,0.000000,1.000000,0.000000,0.029654
40.662569,1,100628.000000,100625.000000,100628.000000,100628.000000,100628.000000,0.000000,0.000000,0.000000,0.000000,0.000000,299.000000,100630.023438,298.996704,0.000000,-45.898006,87.620758,-54.915318,0.013384,-0.000545,-0.044699,0.000696,-0.000239,-0.000379,,0.000000,0.000000,0.000000,0.000000,0.000000,0.000000,0.000000,0.000000,0.000000,0.000000,0.000000,0.000000,0.000000,0.000000,0.000000,2.379242,0.000000,0.000000,0.000000,1.000000,0.000000,0.034903
40.689289,1,100625.000000,100628.000000,100628.000000,100626.000000,100626.000000,0.000000,0.000000,0.000000,0.000000,0.000000,299.000000,100630.015625,298.996704,0.000000,-45.924347,87.621506,-54.942223,0.033225,-0.020204,-0.015754,0.000924,0.001189,0.000365,,0.000000,0.000000,0.000000,0.000000,0.000000,0.000000,0.000000,0.000000,0.000000,0.000000,0.000000,0.000000,0.000000,0.000000,0.000000,2.378494,0.000000,0.000000,0.000000,1.000000,0.000000,0.026731
40.718905,1,100628.000000,100628.000000,100626.000000,100622.000000,100622.000000,0.000000,0.000000,0.000000,0.000000,0.000000,299.000000,100630.007812,298.996704,0.000000,-45.890125,87.620926,-54.912640,-0.005525,0.014884,-0.039629,0.000648,0.001225,0.000675,,0.000000,0.000000,0.000000,0.000000,0.000000,0.000000,0.000000,0.000000,0.000000,0.000000,0.000000,0.000000,0.000000,0.000000,0.000000,2.379074,0.000000,0.000000,0.000000,1.000000,0.000000,0.030492
40.744730,1,100628.000000,100626.000000,100622.000000,100629.000000,100629.000000,0.000000,0.000000,0.000000,0.000000,0.000000,298.989990,100630.007812,298.996704,0.000000,-45.889561,87.618706,-54.911491,-0.006589,-0.005245,-0.034369,-0.000045,0.001053,0.000212,,0.000000,0.000000,0.000000,0.000000,0.000000,0.000000,0.000000,0.000000,0.000000,0.000000,0.000000,0.000000,0.000000,0.000000,0.000000,2.381294,0.000000,0.000000,0.000000,1.000000,0.000000,0.025859
40.771459,1,100626.000000,100622.000000,100629.000000,100630.000000,100630.000000,0.000000,0.000000,0.000000,0.000000,0.000000,298.989990,100630.007812,298.996704,0.000000,-45.915733,87.619370,-54.936539,0.002686,-0.008196,-0.033147,-0.000609,0.001968,0.000260,,0.000000,0.000000,0.000000,0.000000,0.000000,0.000000,0.000000,0.000000,0.000000,0.000000,0.000000,0.000000,0.000000,0.000000,0.000000,2.380630,0.000000,0.000000,0.000000,1.000000,0.000000,0.026784
40.800010,1,100622.000000,100629.000000,100630.000000,100625.000000,100625.000000,0.000000,0.000000,0.000000,0.000000,0.000000,298.989990,100630.007812,298.996704,0.000000,-45.933113,87.622986,-54.953552,0.008007,-0.008162,-0.045340,0.000460,0.001598,0.001411,,0.000000,0.000000,0.000000,0.000000,0.000000,0.000000,0.000000,0.000000,0.000000,0.000000,0.000000,0.000000,0.000000,0.000000,0.000000,2.377014,0.000000,0.000000,0.000000,1.000000,0.000000,0.028524
40.825113,1,100629.000000,100630.000000,100625.000000,100629.000000,100629.000000,0.000000,0.000000,0.000000,0.000000,0.000000,298.989990,100630.007812,298.996674,0.000000,-45.907375,87.621346,-54.930660,-0.021029,0.021011,-0.033178,0.001770,0.000125,-0.000089,,0.000000,0.000000,0.000000,0.000000,0.000000,0.000000,0.000000,0.000000,0.000000,0.000000,0.000000,0.000000,0.000000,0.000000,0.000000,2.378654,0.000000,0.000000,0.000000,1.000000,0.000000,0.024677
40.850032,1,100630.000000,100625.000000,100629.000000,100632.000000,100632.000000,0.000000,0.000000,0.000000,0.000000,0.000000,299.000000,100630.007812,298.996704,0.000000,-45.873234,87.618217,-54.897953,0.015160,-0.010090,-0.026770,0.000178,0.001093,0.000842,,0.000000,0.000000,0.000000,0.000000,0.000000,0.000000,0.000000,0.000000,0.000000,0.000000,0.000000,0.000000,0.000000,0.000000,0.000000,2.381783,0.000000,0.000000,0.000000,1.000000,0.000000,0.025373
40.885327,1,100625.000000,100629.000000,100632.000000,100627.000000,100627.000000,0.000000,0.000000,0.000000,0.000000,0.000000,298.989990,100630.007812,298.996674,0.000000,-45.891373,87.618790,-54.913624,0.015515,-0.001112,-0.030100,-0.001021,0.001249,-0.000048,,0.000000,0.000000,0.000000,0.000000,0.000000,0.000000,0.000000,0.000000,0.000000,0.000000,0.000000,0.000000,0.000000,0.000000,0.000000,2.381210,0.000000,0.000000,0.000000,1.000000,0.000000,0.035280
40.913737,1,100629.000000,100632.000000,100627.000000,100629.000000,100629.000000,0.000000,0.000000,0.000000,0.000000,0.000000,298.989990,100630.000000,298.996674,0.000000,-45.924881,87.621346,-54.947315,0.003174,0.012097,-0.036072,-0.000935,0.001954,0.001411,,0.000000,0.000000,0.000000,0.000000,0.000000,0.000000,0.000000,0.000000,0.000000,0.000000,0.000000,0.000000,0.000000,0.000000,0.000000,2.378654,0.000000,0.000000,0.000000,1.000000,0.000000,0.028475
40.945236,1,100632.000000,100627.000000,100629.000000,100633.000000,100633.000000,0.000000,0.000000,0.000000,0.000000,0.000000,298.989990,100630.007812,298.996674,0.000000,-45.923908,87.620926,-54.946854,-0.010277,-0.004372,-0.044657,0.000799,0.000736,0.000035,,0.000000,0.000000,0.000000,0.000000,0.000000,0.000000,0.000000,0.000000,0.000000,0.000000,0.000000,0.000000,0.000000,0.000000,0.000000,2.379074,0.000000,0.000000,0.000000,1.000000,0.000000,0.031495
40.977384,1,100627.000000,100629.000000,100633.000000,100633.000000,100633.000000,0.000000,0.000000,0.000000,0.000000,0.000000,298.980011,100630.007812,298.996674,0.000000,-45.900414,87.617477,-54.927357,0.003780,-0.023126,-0.030901,0.001569,0.000324,-0.000194,,0.000000,0.000000,0.000000,0.000000,0.000000,0.000000,0.000000,0.000000,0.000000,0.000000,0.000000,0.000000,0.000000,0.000000,0.000000,2.382523,0.000000,0.000000,0.000000,1.000000,0.000000,0.032130
41.012771,1,100629.000000,100633.000000,100633.000000,100623.000000,100623.000000,0.000000,0.000000,0.000000,0.000000,0.000000,298.980011,100630.000000,298.996643,0.000000,-45.877083,87.616737,-54.906578,0.001279,0.019191,-0.035576,0.002541,-0.000086,0.000744,,0.000000,0.000000,0.000000,0.000000,0.000000,0.000000,0.000000,0.000000,0.000000,0.000000,0.000000,0.000000,0.000000,0.000000,0.000000,2.383263,0.000000,0.000000,0.000000,1.000000,0.000000,0.035416
41.037833,1,100633.000000,100633.000000,100623.000000,100627.000000,100627.000000,0.000000,0.000000,0.000000,0.000000,0.000000,298.970001,100630.000000,298.996613,0.000000,-45.903831,87.618462,-54.931881,-0.002326,0.006760,-0.039326,-0.000681,0.002762,0.000928,,0.000000,0.000000,0.000000,0.000000,0.000000,0.000000,0.000000,0.000000,0.000000,0.000000,0.000000,0.000000,0.000000,0.000000,0.000000,2.381538,0.000000,0.000000,0.000000,1.000000,0.000000,0.025050
41.064212,1,100633.000000,100623.000000,100627.000000,100626.000000,100626.000000,0.000000,0.000000,0.000000,0.000000,0.000000,298.970001,100630.000000,298.996613,0.000000,-45.902039,87.617966,-54.928249,0.007740,-0.004357,-0.030083,-0.000265,0.001289,0.000889,,0.000000,0.000000,0.000000,0.000000,0.000000,0.000000,0.000000,0.000000,0.000000,0.000000,0.000000,0.000000,0.000000,0.000000,0.000000,2.382034,0.000000,0.000000,0.000000,1.000000,0.000000,0.026384
41.093468,1,100623.000000,100627.000000,100626.000000,100625.000000,100625.000000,0.000000,0.000000,0.000000,0.000000,0.000000,298.970001,100629.992188,298.996582,0.000000,-45.878788,87.618217,-54.908386,-0.012937,0.008203,-0.028002,0.001162,0.000715,0.000556,,0.000000,0.000000,0.000000,0.000000,0.000000,0.000000,0.000000,0.000000,0.000000,0.000000,0.000000,0.000000,0.000000,0.000000,0.000000,2.381783,0.000000,0.000000,0.000000,1.000000,0.000000,0.029020
41.122266,1,100627.000000,100626.000000,100625.000000,100631.000000,100631.000000,0.000000,0.000000,0.000000,0.000000,0.000000,298.980011,100629.992188,298.996582,0.000000,-45.866131,87.617149,-54.896381,0.006148,0.021061,-0.041015,0.000654,0.000494,0.000253,,0.000000,0.000000,0.000000,0.000000,0.000000,0.000000,0.000000,0.000000,0.000000,0.000000,0.000000,0.000000,0.000000,0.000000,0.000000,2.382851,0.000000,0.000000,0.000000,1.000000,0.000000,0.029031
41.152254,1,100626.000000,100625.000000,100631.000000,100625.000000,100625.000000,0.000000,0.000000,0.000000,0.000000,0.000000,298.970001,100629.992188,298.996552,0.000000,-45.914562,87.617805,-54.943859,0.000401,-0.019671,-0.040915,-0.000581,0.001578,0.000824,,0.000000,0.000000,0.000000,0.000000,0.000000,0.000000,0.000000,0.000000,0.000000,0.000000,0.000000,0.000000,0.000000,0.000000,0.000000,2.382195,0.000000,0.000000,0.000000,1.000000,0.000000,0.030003
41.177239,1,100625.000000,100631.000000,100625.000000,100623.000000,100623.000000,0.000000,0.000000,0.000000,0.000000,0.000000,298.970001,100629.984375,298.996521,0.000000,-45.922203,87.620926,-54.950886,0.002706,-0.003469,-0.036167,-0.000720,0.002947,0.001100,,0.000000,0.000000,0.000000,0.000000,0.000000,0.000000,0.000000,0.000000,0.000000,0.000000,0.000000,0.000000,0.000000,0.000000,0.000000,2.379074,0.000000,0.000000,0.000000,1.000000,0.000000,0.024908
41.207227,1,100631.000000,100625.000000,100623.000000,100626.000000,100626.000000,0.000000,0.000000,0.000000,0.000000,0.000000,298.970001,100629.984375,298.996521,0.000000,-45.902279,87.620842,-54.931316,0.016044,0.020289,-0.030376,0.000693,0.000659,0.000647,,0.000000,0.000000,0.000000,0.000000,0.000000,0.000000,0.000000,0.000000,0.000000,0.000000,0.000000,0.000000,0.000000,0.000000,0.000000,2.379158,0.000000,0.000000,0.000000,1.000000,0.000000,0.030053
41.237595,1,100625.000000,100623.000000,100626.000000,100636.000000,100636.000000,0.000000,0.000000,0.000000,0.000000,0.000000,298.970001,100629.984375,298.996490,0.000000,-45.861340,87.618378,-54.892937,0.016212,-0.000780,-0.034571,0.001535,0.000458,0.000585,,0.000000,0.000000,0.000000,0.000000,0.000000,0.000000,0.000000,0.000000,0.000000,0.000000,0.000000,0.000000,0.000000,0.000000,0.000000,2.381622,0.000000,0.000000,0.000000,1.000000,0.000000,0.030004
41.261597,1,100623.000000,100626.000000,100636.000000,100628.000000,100628.000000,0.000000,0.000000,0.000000,0.000000,0.000000,298.970001,100629.984375,298.996460,0.000000,-45.857407,87.618874,-54.889103,0.006755,-0.006323,-0.037565,0.000411,0.001358,0.000572,,0.000000,0.000000,0.000000,0.000000,0.000000,0.000000,0.000000,0.000000,0.000000,0.000000,0.000000,0.000000,0.000000,0.000000,0.000000,2.381126,0.000000,0.000000,0.000000,1.000000,0.000000,0.024419
41.285553,1,100626.000000,100636.000000,100628.000000,100626.000000,100626.000000,0.000000,0.000000,0.000000,0.000000,0.000000,298.980011,100629.984375,298.996460,0.000000,-45.895493,87.621178,-54.926552,-0.005692,-0.003632,-0.045712,-0.000041,0.001992,0.000244,,0.000000,0.000000,0.000000,0.000000,0.000000,0.000000,0.000000,0.000000,0.000000,0.000000,0.000000,0.000000,0.000000,0.000000,0.000000,2.378822,0.000000,0.000000,0.000000,1.000000,0.000000,0.023960
41.310294,1,100636.000000,100628.000000,100626.000000,100624.000000,100624.000000,0.000000,0.000000,0.000000,0.000000,0.000000,298.980011,100629.976562,298.996429,0.000000,-45.895893,87.620598,-54.925873,0.008143,0.012224,-0.032759,-0.000313,0.000719,0.000303,,0.000000,0.000000,0.000000,0.000000,0.000000,0.000000,0.000000,0.000000,0.000000,0.000000,0.000000,0.000000,0.000000,0.000000,0.000000,2.379402,0.000000,0.000000,0.000000,1.000000,0.000000,0.024736
41.334270,1,100628.000000,100626.000000,100624.000000,100621.000000,100621.000000,0.000000,0.000000,0.000000,0.000000,0.000000,298.989990,100629.968750,298.996429,0.000000,-45.871597,87.619698,-54.903408,0.003661,0.008285,-0.036524,0.000606,0.000871,0.000245,,0.000000,0.000000,0.000000,0.000000,0.000000,0.000000,0.000000,0.000000,0.000000,0.000000,0.000000,0.000000,0.000000,0.000000,0.000000,2.380302,0.000000,0.000000,0.000000,1.000000,0.000000,0.023981
41.357794,1,100626.000000,100624.000000,100621.000000,100629.000000,100629.000000,0.000000,0.000000,0.000000,0.000000,0.000000,298.989990,100629.968750,298.996429,0.000000,-45.867390,87.619286,-54.900646,-0.002262,0.001285,-0.030216,-0.001271,0.003023,0.001461,,0.000000,0.000000,0.000000,0.000000,0.000000,0.000000,0.000000,0.000000,0.000000,0.000000,0.000000,0.000000,0.000000,0.000000,0.000000,2.380714,0.000000,0.000000,0.000000,1.000000,0.000000,0.023524
41.381332,1,100624.000000,100621.000000,100629.000000,100630.000000,100630.000000,0.000000,0.000000,0.000000,0.000000,0.000000,299.000000,100629.968750,298.996429,0.000000,-45.891220,87.620514,-54.924694,-0.018669,-0.012395,-0.053099,0.000468,0.001233,0.000793,,0.000000,0.000000,0.000000,0.000000,0.000000,0.000000,0.000000,0.000000,0.000000,0.000000,0.000000,0.000000,0.000000,0.000000,0.000000,2.379486,0.000000,0.000000,0.000000,1.000000,0.000000,0.023555
41.404843,1,100621.000000,100629.000000,100630.000000,100626.000000,100626.000000,0.000000,0.000000,0.000000,0.000000,0.000000,299.000000,100629.968750,298.996429,0.000000,-45.902534,87.622162,-54.935448,0.005636,0.000561,-0.033722,-0.000407,0.002375,0.001291,,0.000000,0.000000,0.000000,0.000000,0.000000,0.000000,0.000000,0.000000,0.000000,0.000000,0.000000,0.000000,0.000000,0.000000,0.000000,2.377838,0.000000,0.000000,0.000000,1.000000,0.000000,0.023497
41.428632,1,100629.000000,100630.000000,100626.000000,100627.000000,100627.000000,0.000000,0.000000,0.000000,0.000000,0.000000,299.000000,100629.960938,298.996429,0.000000,-45.894855,87.622910,-54.927979,0.009567,0.008114,-0.027447,-0.001103,0.001758,0.001257,,0.000000,0.000000,0.000000,0.000000,0.000000,0.000000,0.000000,0.000000,0.000000,0.000000,0.000000,0.000000,0.000000,0.000000,0.000000,2.377090,0.000000,0.000000,0.000000,1.000000,0.000000,0.023774
41.452214,1,100630.000000,100626.000000,100627.000000,100628.000000,100628.000000,0.000000,0.000000,0.000000,0.000000,0.000000,299.010010,100629.960938,298.996460,0.000000,-45.878040,87.621017,-54.913750,0.011368,0.006183,-0.034824,0.001013,0.000767,0.000270,,0.000000,0.000000,0.000000,0.000000,0.000000,0.000000,0.000000,0.000000,0.000000,0.000000,0.000000,0.000000,0.000000,0.000000,0.000000,2.378983,0.000000,0.000000,0.000000,1.000000,0.000000,0.023584
41.475751,1,100626.000000,100627.000000,100628.000000,100627.000000,100627.000000,0.000000,0.000000,0.000000,0.000000,0.000000,299.010010,100629.960938,298.996460,0.000000,-45.848507,87.619530,-54.886955,-0.004143,0.012260,-0.037045,0.000873,0.000293,0.000354,,0.000000,0.000000,0.000000,0.000000,0.000000,0.000000,0.000000,0.000000,0.000000,0.000000,0.000000,0.000000,0.000000,0.000000,0.000000,2.380470,0.000000,0.000000,0.000000,1.000000,0.000000,0.023564
41.499629,1,100627.000000,100628.000000,100627.000000,100629.000000,100629.000000,0.000000,0.000000,0.000000,0.000000,0.000000,299.010010,100629.960938,298.996460,0.000000,-45.846039,87.617561,-54.886398,-0.002013,0.001587,-0.030424,0.001246,-0.000271,0.000117,,0.000000,0.000000,0.000000,0.000000,0.000000,0.000000,0.000000,0.000000,0.000000,0.000000,0.000000,0.000000,0.000000,0.000000,0.000000,2.382439,0.000000,0.000000,0.000000,1.000000,0.000000,0.023830
41.523333,1,100628.000000,100627.000000,100629.000000,100627.000000,100627.000000,0.000000,0.000000,0.000000,0.000000,0.000000,299.010010,100629.953125,298.996490,0.000000,-45.875515,87.618546,-54.913910,0.006905,-0.003316,-0.029482,-0.001043,0.001713,0.001054,,0.000000,0.000000,0.000000,0.000000,0.000000,0.000000,0.000000,0.000000,0.000000,0.000000,0.000000,0.000000,0.000000,0.000000,0.000000,2.381454,0.000000,0.000000,0.000000,1.000000,0.000000,0.023738
41.550300,1,100627.000000,100629.000000,100627.000000,100626.000000,100626.000000,0.000000,0.000000,0.000000,0.000000,0.000000,299.010010,100629.953125,298.996490,0.000000,-45.888363,87.620598,-54.926056,0.001486,0.004110,-0.032856,-0.000800,0.001950,0.000679,,0.000000,0.000000,0.000000,0.000000,0.000000,0.000000,0.000000,0.000000,0.000000,0.000000,0.000000,0.000000,0.000000,0.000000,0.000000,2.379402,0.000000,0.000000,0.000000,1.000000,0.000000,0.026938
41.574845,1,100629.000000,100627.000000,100626.000000,100630.000000,100630.000000,0.000000,0.000000,0.000000,0.000000,0.000000,299.010010,100629.953125,298.996490,0.000000,-45.879478,87.619614,-54.918819,0.000064,0.012449,-0.032253,0.000978,0.000509,-0.000117,,0.000000,0.000000,0.000000,0.000000,0.000000,0.000000,0.000000,0.000000,0.000000,0.000000,0.000000,0.000000,0.000000,0.000000,0.000000,2.380386,0.000000,0.000000,0.000000,1.000000,0.000000,0.024553
41.600286,1,100627.000000,100626.000000,100630.000000,100632.000000,100632.000000,0.000000,0.000000,0.000000,0.000000,0.000000,299.010010,100629.953125,298.996521,0.000000,-45.881367,87.618294,-54.922302,-0.001225,0.007457,-0.034138,0.001173,-0.000093,0.000153,,0.000000,0.000000,0.000000,0.000000,0.000000,0.000000,0.000000,0.000000,0.000000,0.000000,0.000000,0.000000,0.000000,0.000000,0.000000,2.381706,0.000000,0.000000,0.000000,1.000000,0.000000,0.025448
41.624614,1,100626.000000,100630.000000,100632.000000,100625.000000,100625.000000,0.000000,0.000000,0.000000,0.000000,0.000000,299.010010,100629.953125,298.996521,0.000000,-45.856075,87.616005,-54.899040,0.000948,0.002633,-0.027551,0.000352,-0.000018,-0.000074,,0.000000,0.000000,0.000000,0.000000,0.000000,0.000000,0.000000,0.000000,0.000000,0.000000,0.000000,0.000000,0.000000,0.000000,0.000000,2.383995,0.000000,0.000000,0.000000,1.000000,0.000000,0.024283
41.649264,1,100630.000000,100632.000000,100625.000000,100629.000000,100629.000000,0.000000,0.000000,0.000000,0.000000,0.000000,299.010010,100629.953125,298.996521,0.000000,-45.836758,87.616982,-54.880127,0.009482,-0.004156,-0.038836,0.001855,-0.000178,0.000500,,0.000000,0.000000,0.000000,0.000000,0.000000,0.000000,0.000000,0.000000,0.000000,0.000000,0.000000,0.000000,0.000000,0.000000,0.000000,2.383018,0.000000,0.000000,0.000000,1.000000,0.000000,0.023922
41.673858,1,100632.000000,100625.000000,100629.000000,100629.000000,100629.000000,0.000000,0.000000,0.000000,0.000000,0.000000,299.019989,100629.953125,298.996552,0.000000,-45.859577,87.617722,-54.901787,0.007481,0.002668,-0.028433,-0.001197,0.002795,0.001033,,0.000000,0.000000,0.000000,0.000000,0.000000,0.000000,0.000000,0.000000,0.000000,0.000000,0.000000,0.000000,0.000000,0.000000,0.000000,2.382278,0.000000,0.000000,0.000000,1.000000,0.000000,0.025368
41.698357,1,100625.000000,100629.000000,100629.000000,100627.000000,100627.000000,0.000000,0.000000,0.000000,0.000000,0.000000,299.019989,100629.945312,298.996582,0.000000,-45.863716,87.617477,-54.905777,0.001443,0.013342,-0.038080,0.000031,0.000881,0.000132,,0.000000,0.000000,0.000000,0.000000,0.000000,0.000000,0.000000,0.000000,0.000000,0.000000,0.000000,0.000000,0.000000,0.000000,0.000000,2.382523,0.000000,0.000000,0.000000,1.000000,0.000000,0.024472
41.722410,1,100629.000000,100629.000000,100627.000000,100626.000000,100626.000000,0.000000,0.000000,0.000000,0.000000,0.000000,299.019989,100629.945312,298.996582,0.000000,-45.849911,87.617310,-54.893505,0.002907,-0.003107,-0.025558,0.000477,0.000744,0.000102,,0.000000,0.000000,0.000000,0.000000,0.000000,0.000000,0.000000,0.000000,0.000000,0.000000,0.000000,0.000000,0.000000,0.000000,0.000000,2.382690,0.000000,0.000000,0.000000,1.000000,0.000000,0.024073
41.746397,1,100629.000000,100627.000000,100626.000000,100623.000000,100623.000000,0.000000,0.000000,0.000000,0.000000,0.000000,299.019989,100629.937500,298.996613,0.000000,-45.829971,87.615669,-54.874088,-0.005855,-0.009730,-0.035777,0.000673,0.000901,0.000211,,0.000000,0.000000,0.000000,0.000000,0.000000,0.000000,0.000000,0.000000,0.000000,0.000000,0.000000,0.000000,0.000000,0.000000,0.000000,2.384331,0.000000,0.000000,0.000000,1.000000,0.000000,0.023986
41.770108,1,100627.000000,100626.000000,100623.000000,100628.000000,100628.000000,0.000000,0.000000,0.000000,0.000000,0.000000,299.019989,100629.937500,298.996613,0.000000,-45.845810,87.616653,-54.889503,-0.013942,-0.006508,-0.033397,-0.000005,0.001795,0.000556,,0.000000,0.000000,0.000000,0.000000,0.000000,0.000000,0.000000,0.000000,0.000000,0.000000,0.000000,0.000000,0.000000,0.000000,0.000000,2.383347,0.000000,0.000000,0.000000,1.000000,0.000000,0.023719
41.794295,1,100626.000000,100623.000000,100628.000000,100631.000000,100631.000000,0.000000,0.000000,0.000000,0.000000,0.000000,299.019989,100629.937500,298.996643,0.000000,-45.821327,87.615669,-54.861198,0.014567,-0.005879,-0.032146,-0.001681,0.001825,0.000985,,0.000000,0.000000,0.000000,0.000000,0.000000,0.000000,0.000000,0.000000,0.000000,0.000000,0.000000,0.000000,0.000000,0.000000,0.000000,2.384331,0.000000,0.000000,0.000000,1.000000,0.000000,0.024187
41.818453,1,100623.000000,100628.000000,100631.000000,100627.000000,100627.000000,0.000000,0.000000,0.000000,0.000000,0.000000,299.019989,100629.937500,298.996674,0.000000,-45.865089,87.617805,-54.902382,0.020475,0.008693,-0.028509,-0.000406,0.001456,0.000256,,0.000000,0.000000,0.000000,0.000000,0.000000,0.000000,0.000000,0.000000,0.000000,0.000000,0.000000,0.000000,0.000000,0.000000,0.000000,2.382195,0.000000,0.000000,0.000000,1.000000,0.000000,0.024159
41.842279,1,100628.000000,100631.000000,100627.000000,100628.000000,100628.000000,0.000000,0.000000,0.000000,0.000000,0.000000,299.019989,100629.937500,298.996674,0.000000,-45.836189,87.616905,-54.874744,0.010564,0.019571,-0.044342,0.000816,0.000258,0.000457,,0.000000,0.000000,0.000000,0.000000,0.000000,0.000000,0.000000,0.000000,0.000000,0.000000,0.000000,0.000000,0.000000,0.000000,0.000000,2.383095,0.000000,0.000000,0.000000,1.000000,0.000000,0.023828
41.866400,1,100631.000000,100627.000000,100628.000000,100630.000000,100630.000000,0.000000,0.000000,0.000000,0.000000,0.000000,299.019989,100629.937500,298.996704,0.000000,-45.819630,87.615257,-54.858994,-0.005919,-0.006844,-0.039296,-0.001401,0.001962,0.000920,,0.000000,0.000000,0.000000,0.000000,0.000000,0.000000,0.000000,0.000000,0.000000,0.000000,0.000000,0.000000,0.000000,0.000000,0.000000,2.384743,0.000000,0.000000,0.000000,1.000000,0.000000,0.024122
41.890319,1,100627.000000,100628.000000,100630.000000,100628.000000,100628.000000,0.000000,0.000000,0.000000,0.000000,0.000000,299.029999,100629.929688,298.996735,0.000000,-45.840580,87.616577,-54.879326,-0.012326,-0.012272,-0.032309,-0.000072,0.001155,0.000758,,0.000000,0.000000,0.000000,0.000000,0.000000,0.000000,0.000000,0.000000,0.000000,0.000000,0.000000,0.000000,0.000000,0.000000,0.000000,2.383423,0.000000,0.000000,0.000000,1.000000,0.000000,0.023909
41.914307,1,100628.000000,100630.000000,100628.000000,100630.000000,100630.000000,0.000000,0.000000,0.000000,0.000000,0.000000,299.019989,100629.929688,298.996735,0.000000,-45.869530,87.617233,-54.905769,0.001857,-0.009730,-0.031027,-0.000701,0.002488,0.000805,,0.000000,0.000000,0.000000,0.000000,0.000000,0.000000,0.000000,0.000000,0.000000,0.000000,0.000000,0.000000,0.000000,0.000000,0.000000,2.382767,0.000000,0.000000,0.000000,1.000000,0.000000,0.024001
41.938288,1,100630.000000,100628.000000,100630.000000,100630.000000,100630.000000,0.000000,0.000000,0.000000,0.000000,0.000000,299.029999,100629.929688,298.996765,0.000000,-45.864441,87.619041,-54.901253,0.006928,0.003343,-0.034222,0.001719,0.000144,0.000692,,0.000000,0.000000,0.000000,0.000000,0.000000,0.000000,0.000000,0.000000,0.000000,0.000000,0.000000,0.000000,0.000000,0.000000,0.000000,2.380959,0.000000,0.000000,0.000000,1.000000,0.000000,0.023996
41.962472,1,100628.000000,100630.000000,100630.000000,100628.000000,100628.000000,0.000000,0.000000,0.000000,0.000000,0.000000,299.029999,100629.929688,298.996796,0.000000,-45.863773,87.619041,-54.901115,0.006435,0.018286,-0.035278,0.000176,0.001458,0.000345,,0.000000,0.000000,0.000000,0.000000,0.000000,0.000000,0.000000,0.000000,0.000000,0.000000,0.000000,0.000000,0.000000,0.000000,0.000000,2.380959,0.000000,0.000000,0.000000,1.000000,0.000000,0.024157
41.988045,1,100630.000000,100630.000000,100628.000000,100631.000000,100631.000000,0.000000,0.000000,0.000000,0.000000,0.000000,299.019989,100629.929688,298.996796,0.000000,-45.808147,87.615585,-54.849007,0.003813,0.002693,-0.028257,0.001053,-0.000030,0.000439,,0.000000,0.000000,0.000000,0.000000,0.000000,0.000000,0.000000,0.000000,0.000000,0.000000,0.000000,0.000000,0.000000,0.000000,0.000000,2.384415,0.000000,0.000000,0.000000,1.000000,0.000000,0.025580
42.011669,1,100630.000000,100628.000000,100631.000000,100630.000000,100630.000000,0.000000,0.000000,0.000000,0.000000,0.000000,299.029999,100629.929688,298.996826,0.000000,-45.811604,87.614685,-54.853462,-0.000449,-0.007290,-0.034388,0.001296,0.000648,0.000769,,0.000000,0.000000,0.000000,0.000000,0.000000,0.000000,0.000000,0.000000,0.000000,0.000000,0.000000,0.000000,0.000000,0.000000,0.000000,2.385315,0.000000,0.000000,0.000000,1.000000,0.000000,0.023595
42.035255,1,100628.000000,100631.000000,100630.000000,100631.000000,100631.000000,0.000000,0.000000,0.000000,0.000000,0.000000,299.029999,100629.929688,298.996857,0.000000,-45.861259,87.618134,-54.900898,-0.016640,-0.006039,-0.024420,-0.001226,0.002292,0.001032,,0.000000,0.000000,0.000000,0.000000,0.000000,0.000000,0.000000,0.000000,0.000000,0.000000,0.000000,0.000000,0.000000,0.000000,0.000000,2.381866,0.000000,0.000000,0.000000,1.000000,0.000000,0.023634
42.058872,1,100631.000000,100630.000000,100631.000000,100625.000000,100625.000000,0.000000,0.000000,0.000000,0.000000,0.000000,299.029999,100629.929688,298.996887,0.000000,-45.882778,87.619530,-54.921505,-0.010456,0.003009,-0.038315,-0.000603,0.003016,0.001639,,0.000000,0.000000,0.000000,0.000000,0.000000,0.000000,0.000000,0.000000,0.000000,0.000000,0.000000,0.000000,0.000000,0.000000,0.000000,2.380470,0.000000,0.000000,0.000000,1.000000,0.000000,0.023566
42.082438,1,100630.000000,100631.000000,100625.000000,100630.000000,100630.000000,0.000000,0.000000,0.000000,0.000000,0.000000,299.029999,100629.929688,298.996918,0.000000,-45.866966,87.619698,-54.905350,0.006150,0.004565,-0.032343,0.000606,0.000382,0.000925,,0.000000,0.000000,0.000000,0.000000,0.000000,0.000000,0.000000,0.000000,0.000000,0.000000,0.000000,0.000000,0.000000,0.000000,0.000000,2.380302,0.000000,0.000000,0.000000,1.000000,0.000000,0.023604
42.105863,1,100631.000000,100625.000000,100630.000000,100629.000000,100629.000000,0.000000,0.000000,0.000000,0.000000,0.000000,299.029999,100629.929688,298.996948,0.000000,-45.830200,87.618378,-54.871899,0.011932,0.005080,-0.039783,0.001412,0.000226,0.000658,,0.000000,0.000000,0.000000,0.000000,0.000000,0.000000,0.000000,0.000000,0.000000,0.000000,0.000000,0.000000,0.000000,0.000000,0.000000,2.381622,0.000000,0.000000,0.000000,1.000000,0.000000,0.023426
42.129742,1,100625.000000,100630.000000,100629.000000,100626.000000,100626.000000,0.000000,0.000000,0.000000,0.000000,0.000000,299.029999,100629.921875,298.996948,0.000000,-45.806568,87.617722,-54.850628,0.001403,-0.004446,-0.037283,0.001483,0.000832,0.001314,,0.000000,0.000000,0.000000,0.000000,0.000000,0.000000,0.000000,0.000000,0.000000,0.000000,0.000000,0.000000,0.000000,0.000000,0.000000,2.382278,0.000000,0.000000,0.000000,1.000000,0.000000,0.023728
42.153357,1,100630.000000,100629.000000,100626.000000,100632.000000,100632.000000,0.000000,0.000000,0.000000,0.000000,0.000000,299.040009,100629.929688,298.997009,0.000000,-45.796631,87.619614,-54.841125,-0.016684,-0.009215,-0.029242,-0.001842,0.002707,0.001474,,0.000000,0.000000,0.000000,0.000000,0.000000,0.000000,0.000000,0.000000,0.000000,0.000000,0.000000,0.000000,0.000000,0.000000,0.000000,2.380386,0.000000,0.000000,0.000000,1.000000,0.000000,0.023734
42.177185,1,100629.000000,100626.000000,100632.000000,100623.000000,100623.000000,0.000000,0.000000,0.000000,0.000000,0.000000,299.029999,100629.921875,298.997009,0.000000,-45.842937,87.622162,-54.884075,-0.008230,0.003453,-0.036182,-0.001344,0.002263,0.000794,,0.000000,0.000000,0.000000,0.000000,0.000000,0.000000,0.000000,0.000000,0.000000,0.000000,0.000000,0.000000,0.000000,0.000000,0.000000,2.377838,0.000000,0.000000,0.000000,1.000000,0.000000,0.023725
42.200859,1,100626.000000,100632.000000,100623.000000,100631.000000,100631.000000,0.000000,0.000000,0.000000,0.000000,0.000000,299.029999,100629.921875,298.997040,0.000000,-45.852482,87.622078,-54.892925,0.009297,0.019590,-0.032381,-0.001010,0.002470,0.000877,,0.000000,0.000000,0.000000,0.000000,0.000000,0.000000,0.000000,0.000000,0.000000,0.000000,0.000000,0.000000,0.000000,0.000000,0.000000,2.377922,0.000000,0.000000,0.000000,1.000000,0.000000,0.023799
42.226510,1,100632.000000,100623.000000,100631.000000,100630.000000,100630.000000,0.000000,0.000000,0.000000,0.000000,0.000000,299.029999,100629.921875,298.997070,0.000000,-45.835407,87.622162,-54.877125,0.005722,0.019251,-0.032969,0.001186,0.000730,0.000495,,0.000000,0.000000,0.000000,0.000000,0.000000,0.000000,0.000000,0.000000,0.000000,0.000000,0.000000,0.000000,0.000000,0.000000,0.000000,2.377838,0.000000,0.000000,0.000000,1.000000,0.000000,0.025653
42.251359,1,100623.000000,100631.000000,100630.000000,100627.000000,100627.000000,0.000000,0.000000,0.000000,0.000000,0.000000,299.029999,100629.921875,298.997101,0.000000,-45.814308,87.620354,-54.857288,-0.004582,-0.002890,-0.034126,0.001041,0.000144,0.000094,,0.000000,0.000000,0.000000,0.000000,0.000000,0.000000,0.000000,0.000000,0.000000,0.000000,0.000000,0.000000,0.000000,0.000000,0.000000,2.379646,0.000000,0.000000,0.000000,1.000000,0.000000,0.024848
42.276148,1,100631.000000,100630.000000,100627.000000,100627.000000,100627.000000,0.000000,0.000000,0.000000,0.000000,0.000000,299.029999,100629.921875,298.997131,0.000000,-45.791267,87.619698,-54.834713,-0.016657,-0.010536,-0.042198,0.000078,0.000836,0.000580,,0.000000,0.000000,0.000000,0.000000,0.000000,0.000000,0.000000,0.000000,0.000000,0.000000,0.000000,0.000000,0.000000,0.000000,0.000000,2.380302,0.000000,0.000000,0.000000,1.000000,0.000000,0.024791
42.301107,1,100630.000000,100627.000000,100627.000000,100629.000000,100629.000000,0.000000,0.000000,0.000000,0.000000,0.000000,299.029999,100629.914062,298.997131,0.000000,-45.807026,87.619370,-54.849380,-0.004111,-0.001612,-0.032463,0.000933,-0.000034,0.000291,,0.000000,0.000000,0.000000,0.000000,0.000000,0.000000,0.000000,0.000000,0.000000,0.000000,0.000000,0.000000,0.000000,0.000000,0.000000,2.380630,0.000000,0.000000,0.000000,1.000000,0.000000,0.024956
42.326430,1,100627.000000,100627.000000,100629.000000,100630.000000,100630.000000,0.000000,0.000000,0.000000,0.000000,0.000000,299.029999,100629.914062,298.997162,0.000000,-45.813496,87.619286,-54.855362,0.006406,0.003599,-0.031267,-0.000830,0.001116,0.000314,,0.000000,0.000000,0.000000,0.000000,0.000000,0.000000,0.000000,0.000000,0.000000,0.000000,0.000000,0.000000,0.000000,0.000000,0.000000,2.380714,0.000000,0.000000,0.000000,1.000000,0.000000,0.025327
42.350422,1,100627.000000,100629.000000,100630.000000,100629.000000,100629.000000,0.000000,0.000000,0.000000,0.000000,0.000000,299.029999,100629.914062,298.997192,0.000000,-45.814808,87.619041,-54.856724,0.005154,0.011829,-0.027227,0.000680,0.000913,0.000643,,0.000000,0.000000,0.000000,0.000000,0.000000,0.000000,0.000000,0.000000,0.000000,0.000000,0.000000,0.000000,0.000000,0.000000,0.000000,2.380959,0.000000,0.000000,0.000000,1.000000,0.000000,0.023966
42.376459,1,100629.000000,100630.000000,100629.000000,100626.000000,100626.000000,0.000000,0.000000,0.000000,0.000000,0.000000,299.029999,100629.914062,298.997223,0.000000,-45.806484,87.620598,-54.849308,-0.010862,-0.011735,-0.036846,-0.000269,0.002194,0.001411,,0.000000,0.000000,0.000000,0.000000,0.000000,0.000000,0.000000,0.000000,0.000000,0.000000,0.000000,0.000000,0.000000,0.000000,0.000000,2.379402,0.000000,0.000000,0.000000,1.000000,0.000000,0.026062
42.400362,1,100630.000000,100629.000000,100626.000000,100632.000000,100632.000000,0.000000,0.000000,0.000000,0.000000,0.000000,299.029999,100629.914062,298.997253,0.000000,-45.816597,87.619942,-54.860455,-0.018903,-0.005572,-0.027147,0.000575,0.001361,0.000151,,0.000000,0.000000,0.000000,0.000000,0.000000,0.000000,0.000000,0.000000,0.000000,0.000000,0.000000,0.000000,0.000000,0.000000,0.000000,2.380058,0.000000,0.000000,0.000000,1.000000,0.000000,0.023895
42.424551,1,100629.000000,100626.000000,100632.000000,100632.000000,100632.000000,0.000000,0.000000,0.000000,0.000000,0.000000,299.029999,100629.914062,298.997284,0.000000,-45.838932,87.621422,-54.880505,0.007906,-0.004559,-0.031292,-0.001129,0.002610,0.001243,,0.000000,0.000000,0.000000,0.000000,0.000000,0.000000,0.000000,0.000000,0.000000,0.000000,0.000000,0.000000,0.000000,0.000000,0.000000,2.378578,0.000000,0.000000,0.000000,1.000000,0.000000,0.024193
42.449442,1,100626.000000,100632.000000,100632.000000,100624.000000,100624.000000,0.000000,0.000000,0.000000,0.000000,0.000000,299.029999,100629.914062,298.997284,0.000000,-45.857704,87.622826,-54.898781,0.014072,0.014423,-0.026435,-0.000932,0.002496,0.000579,,0.000000,0.000000,0.000000,0.000000,0.000000,0.000000,0.000000,0.000000,0.000000,0.000000,0.000000,0.000000,0.000000,0.000000,0.000000,2.377174,0.000000,0.000000,0.000000,1.000000,0.000000,0.024729
42.472945,1,100632.000000,100632.000000,100624.000000,100634.000000,100634.000000,0.000000,0.000000,0.000000,0.000000,0.000000,299.029999,100629.914062,298.997314,0.000000,-45.870579,87.622002,-54.911716,0.006658,0.010147,-0.038404,0.000350,0.001219,0.000015,,0.000000,0.000000,0.000000,0.000000,0.000000,0.000000,0.000000,0.000000,0.000000,0.000000,0.000000,0.000000,0.000000,0.000000,0.000000,2.377998,0.000000,0.000000,0.000000,1.000000,0.000000,0.023669
42.498383,1,100632.000000,100624.000000,100634.000000,100627.000000,100627.000000,0.000000,0.000000,0.000000,0.000000,0.000000,299.029999,100629.914062,298.997345,0.000000,-45.847748,87.618217,-54.891251,-0.007416,0.002107,-0.032398,0.000963,-0.000554,-0.000817,,0.000000,0.000000,0.000000,0.000000,0.000000,0.000000,0.000000,0.000000,0.000000,0.000000,0.000000,0.000000,0.000000,0.000000,0.000000,2.381783,0.000000,0.000000,0.000000,1.000000,0.000000,0.025423
42.522427,1,100624.000000,100634.000000,100627.000000,100632.000000,100632.000000,0.000000,0.000000,0.000000,0.000000,0.000000,299.029999,100629.914062,298.997375,0.000000,-45.852219,87.616905,-54.896561,0.005182,-0.002469,-0.024340,0.000633,0.000316,-0.000273,,0.000000,0.000000,0.000000,0.000000,0.000000,0.000000,0.000000,0.000000,0.000000,0.000000,0.000000,0.000000,0.000000,0.000000,0.000000,2.383095,0.000000,0.000000,0.000000,1.000000,0.000000,0.024055
42.546412,1,100634.000000,100627.000000,100632.000000,100629.000000,100629.000000,0.000000,0.000000,0.000000,0.000000,0.000000,299.029999,100629.914062,298.997406,0.000000,-45.853012,87.618217,-54.896271,0.000248,-0.007673,-0.041809,-0.000810,0.002254,0.000593,,0.000000,0.000000,0.000000,0.000000,0.000000,0.000000,0.000000,0.000000,0.000000,0.000000,0.000000,0.000000,0.000000,0.000000,0.000000,2.381783,0.000000,0.000000,0.000000,1.000000,0.000000,0.023986
42.569902,1,100627.000000,100632.000000,100629.000000,100629.000000,100629.000000,0.000000,0.000000,0.000000,0.000000,0.000000,299.029999,100629.914062,298.997406,0.000000,-45.881180,87.619781,-54.922249,0.001254,0.001387,-0.019598,-0.001555,0.002680,0.000886,,0.000000,0.000000,0.000000,0.000000,0.000000,0.000000,0.000000,0.000000,0.000000,0.000000,0.000000,0.000000,0.000000,0.000000,0.000000,2.380219,0.000000,0.000000,0.000000,1.000000,0.000000,0.023489
42.594472,1,100632.000000,100629.000000,100629.000000,100628.000000,100628.000000,0.000000,0.000000,0.000000,0.000000,0.000000,299.029999,100629.914062,298.997437,0.000000,-45.832958,87.617233,-54.877117,-0.002372,0.015877,-0.035533,0.000353,0.001340,-0.000034,,0.000000,0.000000,0.000000,0.000000,0.000000,0.000000,0.000000,0.000000,0.000000,0.000000,0.000000,0.000000,0.000000,0.000000,0.000000,2.382767,0.000000,0.000000,0.000000,1.000000,0.000000,0.024572
42.618291,1,100629.000000,100629.000000,100628.000000,100627.000000,100627.000000,0.000000,0.000000,0.000000,0.000000,0.000000,299.029999,100629.914062,298.997467,0.000000,-45.840004,87.617966,-54.884346,0.003644,0.004012,-0.029259,0.000945,0.000737,0.000949,,0.000000,0.000000,0.000000,0.000000,0.000000,0.000000,0.000000,0.000000,0.000000,0.000000,0.000000,0.000000,0.000000,0.000000,0.000000,2.382034,0.000000,0.000000,0.000000,1.000000,0.000000,0.023767
42.642181,1,100629.000000,100628.000000,100627.000000,100629.000000,100629.000000,0.000000,0.000000,0.000000,0.000000,0.000000,299.029999,100629.906250,298.997498,0.000000,-45.808903,87.616905,-54.854813,0.004290,0.001676,-0.037029,0.000835,0.000330,0.000237,,0.000000,0.000000,0.000000,0.000000,0.000000,0.000000,0.000000,0.000000,0.000000,0.000000,0.000000,0.000000,0.000000,0.000000,0.000000,2.383095,0.000000,0.000000,0.000000,1.000000,0.000000,0.023859
42.669988,1,100628.000000,100627.000000,100629.000000,100625.000000,100625.000000,0.000000,0.000000,0.000000,0.000000,0.000000,299.029999,100629.906250,298.997528,0.000000,-45.833233,87.616821,-54.880074,0.001663,-0.002281,-0.040611,-0.000231,0.001369,0.000718,,0.000000,0.000000,0.000000,0.000000,0.000000,0.000000,0.000000,0.000000,0.000000,0.000000,0.000000,0.000000,0.000000,0.000000,0.000000,2.383179,0.000000,0.000000,0.000000,1.000000,0.000000,0.027889
42.694428,1,100627.000000,100629.000000,100625.000000,100631.000000,100631.000000,0.000000,0.000000,0.000000,0.000000,0.000000,299.029999,100629.906250,298.997528,0.000000,-45.850632,87.618050,-54.895466,-0.009292,0.007363,-0.039351,-0.000427,0.002539,0.000781,,0.000000,0.000000,0.000000,0.000000,0.000000,0.000000,0.000000,0.000000,0.000000,0.000000,0.000000,0.000000,0.000000,0.000000,0.000000,2.381950,0.000000,0.000000,0.000000,1.000000,0.000000,0.024442
42.718132,1,100629.000000,100625.000000,100631.000000,100626.000000,100626.000000,0.000000,0.000000,0.000000,0.000000,0.000000,299.029999,100629.906250,298.997559,0.000000,-45.856071,87.618462,-54.900951,0.010844,-0.003323,-0.034067,0.000076,0.001260,0.000885,,0.000000,0.000000,0.000000,0.000000,0.000000,0.000000,0.000000,0.000000,0.000000,0.000000,0.000000,0.000000,0.000000,0.000000,0.000000,2.381538,0.000000,0.000000,0.000000,1.000000,0.000000,0.023704
42.741934,1,100625.000000,100631.000000,100626.000000,100628.000000,100628.000000,0.000000,0.000000,0.000000,0.000000,0.000000,299.029999,100629.898438,298.997589,0.000000,-45.851383,87.617310,-54.896801,0.002354,-0.001213,-0.029337,0.001938,-0.000172,0.000118,,0.000000,0.000000,0.000000,0.000000,0.000000,0.000000,0.000000,0.000000,0.000000,0.000000,0.000000,0.000000,0.000000,0.000000,0.000000,2.382690,0.000000,0.000000,0.000000,1.000000,0.000000,0.023799
42.765848,1,100631.000000,100626.000000,100628.000000,100627.000000,100627.000000,0.000000,0.000000,0.000000,0.000000,0.000000,299.029999,100629.898438,298.997620,0.000000,-45.828453,87.615829,-54.873100,-0.010329,-0.003348,-0.041740,0.001434,0.000699,0.000546,,0.000000,0.000000,0.000000,0.000000,0.000000,0.000000,0.000000,0.000000,0.000000,0.000000,0.000000,0.000000,0.000000,0.000000,0.000000,2.384171,0.000000,0.000000,0.000000,1.000000,0.000000,0.023915
42.792456,1,100626.000000,100628.000000,100627.000000,100630.000000,100630.000000,0.000000,0.000000,0.000000,0.000000,0.000000,299.029999,100629.898438,298.997650,0.000000,-45.827751,87.616325,-54.871696,-0.007517,-0.005653,-0.031960,0.000274,0.001295,0.000699,,0.000000,0.000000,0.000000,0.000000,0.000000,0.000000,0.000000,0.000000,0.000000,0.000000,0.000000,0.000000,0.000000,0.000000,0.000000,2.383675,0.000000,0.000000,0.000000,1.000000,0.000000,0.026607
42.817183,1,100628.000000,100627.000000,100630.000000,100627.000000,100627.000000,0.000000,0.000000,0.000000,0.000000,0.000000,299.029999,100629.898438,298.997650,0.000000,-45.813469,87.615341,-54.855907,0.004237,0.000706,-0.036572,0.000568,0.001328,0.000676,,0.000000,0.000000,0.000000,0.000000,0.000000,0.000000,0.000000,0.000000,0.000000,0.000000,0.000000,0.000000,0.000000,0.000000,0.000000,2.384659,0.000000,0.000000,0.000000,1.000000,0.000000,0.024707
42.845182,1,100627.000000,100630.000000,100627.000000,100635.000000,100635.000000,0.000000,0.000000,0.000000,0.000000,0.000000,299.029999,100629.898438,298.997681,0.000000,-45.840649,87.617393,-54.880016,-0.000818,0.012122,-0.024925,-0.000080,0.001986,0.001082,,0.000000,0.000000,0.000000,0.000000,0.000000,0.000000,0.000000,0.000000,0.000000,0.000000,0.000000,0.000000,0.000000,0.000000,0.000000,2.382607,0.000000,0.000000,0.000000,1.000000,0.000000,0.028015
42.870104,1,100630.000000,100627.000000,100635.000000,100624.000000,100624.000000,0.000000,0.000000,0.000000,0.000000,0.000000,299.029999,100629.898438,298.997711,0.000000,-45.826675,87.616165,-54.866970,-0.004145,0.010286,-0.048754,0.000715,0.000724,0.000237,,0.000000,0.000000,0.000000,0.000000,0.000000,0.000000,0.000000,0.000000,0.000000,0.000000,0.000000,0.000000,0.000000,0.000000,0.000000,2.383835,0.000000,0.000000,0.000000,1.000000,0.000000,0.024926
42.896394,1,100627.000000,100635.000000,100624.000000,100629.000000,100629.000000,0.000000,0.000000,0.000000,0.000000,0.000000,299.029999,100629.898438,298.997742,0.000000,-45.812992,87.615089,-54.854721,-0.000047,-0.006162,-0.023455,0.001460,-0.000227,0.000436,,0.000000,0.000000,0.000000,0.000000,0.000000,0.000000,0.000000,0.000000,0.000000,0.000000,0.000000,0.000000,0.000000,0.000000,0.000000,2.384911,0.000000,0.000000,0.000000,1.000000,0.000000,0.026263
42.920378,1,100635.000000,100624.000000,100629.000000,100629.000000,100629.000000,0.000000,0.000000,0.000000,0.000000,0.000000,299.029999,100629.898438,298.997772,0.000000,-45.795120,87.614113,-54.837406,0.002642,-0.010030,-0.028210,0.000401,0.001282,0.000471,,0.000000,0.000000,0.000000,0.000000,0.000000,0.000000,0.000000,0.000000,0.000000,0.000000,0.000000,0.000000,0.000000,0.000000,0.000000,2.385887,0.000000,0.000000,0.000000,1.000000,0.000000,0.024011
42.946416,1,100624.000000,100629.000000,100629.000000,100629.000000,100629.000000,0.000000,0.000000,0.000000,0.000000,0.000000,299.029999,100629.898438,298.997772,0.000000,-45.831234,87.616005,-54.872162,-0.000188,0.003042,-0.038894,0.000452,0.001301,0.000768,,0.000000,0.000000,0.000000,0.000000,0.000000,0.000000,0.000000,0.000000,0.000000,0.000000,0.000000,0.000000,0.000000,0.000000,0.000000,2.383995,0.000000,0.000000,0.000000,1.000000,0.000000,0.026011
42.970403,1,100629.000000,100629.000000,100629.000000,100632.000000,100632.000000,0.000000,0.000000,0.000000,0.000000,0.000000,299.029999,100629.898438,298.997803,0.000000,-45.840878,87.616982,-54.881519,0.004021,0.013625,-0.035683,-0.000250,0.001734,0.000551,,0.000000,0.000000,0.000000,0.000000,0.000000,0.000000,0.000000,0.000000,0.000000,0.000000,0.000000,0.000000,0.000000,0.000000,0.000000,2.383018,0.000000,0.000000,0.000000,1.000000,0.000000,0.024020
42.994301,1,100629.000000,100629.000000,100632.000000,100629.000000,100629.000000,0.000000,0.000000,0.000000,0.000000,0.000000,299.029999,100629.898438,298.997833,0.000000,-45.808235,87.616005,-54.850086,0.002318,-0.006563,-0.040552,0.001541,0.000289,0.000449,,0.000000,0.000000,0.000000,0.000000,0.000000,0.000000,0.000000,0.000000,0.000000,0.000000,0.000000,0.000000,0.000000,0.000000,0.000000,2.383995,0.000000,0.000000,0.000000,1.000000,0.000000,0.023884
43.018004,1,100629.000000,100632.000000,100629.000000,100626.000000,100626.000000,0.000000,0.000000,0.000000,0.000000,0.000000,299.029999,100629.890625,298.997864,0.000000,-45.805187,87.616081,-54.847984,0.002445,-0.003509,-0.032087,-0.000045,0.001765,0.000946,,0.000000,0.000000,0.000000,0.000000,0.000000,0.000000,0.000000,0.000000,0.000000,0.000000,0.000000,0.000000,0.000000,0.000000,0.000000,2.383919,0.000000,0.000000,0.000000,1.000000,0.000000,0.023714
43.042322,1,100632.000000,100629.000000,100626.000000,100630.000000,100630.000000,0.000000,0.000000,0.000000,0.000000,0.000000,299.029999,100629.890625,298.997864,0.000000,-45.808674,87.615585,-54.851864,-0.011273,0.006106,-0.040956,0.000613,0.001224,0.000301,,0.000000,0.000000,0.000000,0.000000,0.000000,0.000000,0.000000,0.000000,0.000000,0.000000,0.000000,0.000000,0.000000,0.000000,0.000000,2.384415,0.000000,0.000000,0.000000,1.000000,0.000000,0.024318
43.066769,1,100629.000000,100626.000000,100630.000000,100627.000000,100627.000000,0.000000,0.000000,0.000000,0.000000,0.000000,299.029999,100629.890625,298.997894,0.000000,-45.825581,87.616249,-54.866894,-0.001303,0.008767,-0.025156,-0.000839,0.001343,0.000864,,0.000000,0.000000,0.000000,0.000000,0.000000,0.000000,0.000000,0.000000,0.000000,0.000000,0.000000,0.000000,0.000000,0.000000,0.000000,2.383751,0.000000,0.000000,0.000000,1.000000,0.000000,0.024399
43.091782,1,100626.000000,100630.000000,100627.000000,100629.000000,100629.000000,0.000000,0.000000,0.000000,0.000000,0.000000,299.029999,100629.890625,298.997925,0.000000,-45.832191,87.616325,-54.871624,0.001010,0.015334,-0.039219,-0.001946,0.002186,0.001065,,0.000000,0.000000,0.000000,0.000000,0.000000,0.000000,0.000000,0.000000,0.000000,0.000000,0.000000,0.000000,0.000000,0.000000,0.000000,2.383675,0.000000,0.000000,0.000000,1.000000,0.000000,0.025060
43.116250,1,100630.000000,100627.000000,100629.000000,100629.000000,100629.000000,0.000000,0.000000,0.000000,0.000000,0.000000,299.029999,100629.890625,298.997955,0.000000,-45.779873,87.613289,-54.822926,0.010231,-0.004753,-0.037594,0.000499,0.000193,0.000011,,0.000000,0.000000,0.000000,0.000000,0.000000,0.000000,0.000000,0.000000,0.000000,0.000000,0.000000,0.000000,0.000000,0.000000,0.000000,2.386711,0.000000,0.000000,0.000000,1.000000,0.000000,0.024432
43.140053,1,100627.000000,100629.000000,100629.000000,100627.000000,100627.000000,0.000000,0.000000,0.000000,0.000000,0.000000,299.029999,100629.890625,298.997986,0.000000,-45.795204,87.612801,-54.840469,-0.007874,-0.004499,-0.035455,0.001113,0.000690,0.000015,,0.000000,0.000000,0.000000,0.000000,0.000000,0.000000,0.000000,0.000000,0.000000,0.000000,0.000000,0.000000,0.000000,0.000000,0.000000,2.387199,0.000000,0.000000,0.000000,1.000000,0.000000,0.023821
43.166572,1,100629.000000,100629.000000,100627.000000,100627.000000,100627.000000,0.000000,0.000000,0.000000,0.000000,0.000000,299.029999,100629.882812,298.997986,0.000000,-45.775997,87.611320,-54.821743,-0.014734,-0.004782,-0.032935,-0.000460,0.001238,0.001126,,0.000000,0.000000,0.000000,0.000000,0.000000,0.000000,0.000000,0.000000,0.000000,0.000000,0.000000,0.000000,0.000000,0.000000,0.000000,2.388680,0.000000,0.000000,0.000000,1.000000,0.000000,0.026515
43.190975,1,100629.000000,100627.000000,100627.000000,100627.000000,100627.000000,0.000000,0.000000,0.000000,0.000000,0.000000,299.029999,100629.882812,298.998016,0.000000,-45.786335,87.613045,-54.830261,-0.000216,-0.006637,-0.032216,-0.000698,0.001972,0.001253,,0.000000,0.000000,0.000000,0.000000,0.000000,0.000000,0.000000,0.000000,0.000000,0.000000,0.000000,0.000000,0.000000,0.000000,0.000000,2.386955,0.000000,0.000000,0.000000,1.000000,0.000000,0.024421
43.216459,1,100627.000000,100627.000000,100627.000000,100623.000000,100623.000000,0.000000,0.000000,0.000000,0.000000,0.000000,299.029999,100629.875000,298.998047,0.000000,-45.821812,87.615173,-54.864960,0.005752,0.009739,-0.041631,-0.000145,0.002269,0.000793,,0.000000,0.000000,0.000000,0.000000,0.000000,0.000000,0.000000,0.000000,0.000000,0.000000,0.000000,0.000000,0.000000,0.000000,0.000000,2.384827,0.000000,0.000000,0.000000,1.000000,0.000000,0.025484
43.240824,1,100627.000000,100627.000000,100623.000000,100630.000000,100630.000000,0.000000,0.000000,0.000000,0.000000,0.000000,299.029999,100629.875000,298.998077,0.000000,-45.811794,87.615669,-54.855827,-0.005211,0.009261,-0.030967,0.000609,0.001439,0.000732,,0.000000,0.000000,0.000000,0.000000,0.000000,0.000000,0.000000,0.000000,0.000000,0.000000,0.000000,0.000000,0.000000,0.000000,0.000000,2.384331,0.000000,0.000000,0.000000,1.000000,0.000000,0.024366
43.266279,1,100627.000000,100623.000000,100630.000000,100631.000000,100631.000000,0.000000,0.000000,0.000000,0.000000,0.000000,299.029999,100629.882812,298.998077,0.000000,-45.774925,87.611649,-54.819893,-0.005106,-0.006976,-0.036231,0.000993,0.000020,0.000234,,0.000000,0.000000,0.000000,0.000000,0.000000,0.000000,0.000000,0.000000,0.000000,0.000000,0.000000,0.000000,0.000000,0.000000,0.000000,2.388351,0.000000,0.000000,0.000000,1.000000,0.000000,0.025449
43.289976,1,100623.000000,100630.000000,100631.000000,100626.000000,100626.000000,0.000000,0.000000,0.000000,0.000000,0.000000,299.029999,100629.875000,298.998108,0.000000,-45.759308,87.610420,-54.805027,0.002443,-0.011572,-0.032520,0.001165,0.000021,0.000458,,0.000000,0.000000,0.000000,0.000000,0.000000,0.000000,0.000000,0.000000,0.000000,0.000000,0.000000,0.000000,0.000000,0.000000,0.000000,2.389580,0.000000,0.000000,0.000000,1.000000,0.000000,0.023704
43.313686,1,100630.000000,100631.000000,100626.000000,100628.000000,100628.000000,0.000000,0.000000,0.000000,0.000000,0.000000,299.029999,100629.875000,298.998138,0.000000,-45.769234,87.612305,-54.813141,0.005941,0.001983,-0.040007,-0.000085,0.002138,0.001003,,0.000000,0.000000,0.000000,0.000000,0.000000,0.000000,0.000000,0.000000,0.000000,0.000000,0.000000,0.000000,0.000000,0.000000,0.000000,2.387695,0.000000,0.000000,0.000000,1.000000,0.000000,0.023705
43.337363,1,100631.000000,100626.000000,100628.000000,100626.000000,100626.000000,0.000000,0.000000,0.000000,0.000000,0.000000,299.029999,100629.875000,298.998169,0.000000,-45.792511,87.614433,-54.835739,0.003239,0.004572,-0.033352,-0.000731,0.002631,0.000918,,0.000000,0.000000,0.000000,0.000000,0.000000,0.000000,0.000000,0.000000,0.000000,0.000000,0.000000,0.000000,0.000000,0.000000,0.000000,2.385567,0.000000,0.000000,0.000000,1.000000,0.000000,0.023682
43.361696,1,100626.000000,100628.000000,100626.000000,100627.000000,100627.000000,0.000000,0.000000,0.000000,0.000000,0.000000,299.029999,100629.867188,298.998199,0.000000,-45.789761,87.614929,-54.833611,-0.005191,0.008253,-0.042759,0.000388,0.001738,0.000885,,0.000000,0.000000,0.000000,0.000000,0.000000,0.000000,0.000000,0.000000,0.000000,0.000000,0.000000,0.000000,0.000000,0.000000,0.000000,2.385071,0.000000,0.000000,0.000000,1.000000,0.000000,0.024328
43.385515,1,100628.000000,100626.000000,100627.000000,100633.000000,100633.000000,0.000000,0.000000,0.000000,0.000000,0.000000,299.040009,100629.875000,298.998230,0.000000,-45.805042,87.613205,-54.849300,0.001825,-0.006375,-0.034229,0.001451,0.000088,0.000129,,0.000000,0.000000,0.000000,0.000000,0.000000,0.000000,0.000000,0.000000,0.000000,0.000000,0.000000,0.000000,0.000000,0.000000,0.000000,2.386795,0.000000,0.000000,0.000000,1.000000,0.000000,0.023825
43.415214,1,100626.000000,100627.000000,100633.000000,100626.000000,100626.000000,0.000000,0.000000,0.000000,0.000000,0.000000,299.029999,100629.867188,298.998230,0.000000,-45.769695,87.611893,-54.816578,0.001359,-0.008223,-0.028260,0.000723,0.000421,0.000446,,0.000000,0.000000,0.000000,0.000000,0.000000,0.000000,0.000000,0.000000,0.000000,0.000000,0.000000,0.000000,0.000000,0.000000,0.000000,2.388107,0.000000,0.000000,0.000000,1.000000,0.000000,0.029700
43.439434,1,100627.000000,100633.000000,100626.000000,100628.000000,100628.000000,0.000000,0.000000,0.000000,0.000000,0.000000,299.029999,100629.867188,298.998260,0.000000,-45.779827,87.611977,-54.825981,0.002201,-0.000447,-0.030751,-0.000022,0.001070,0.000055,,0.000000,0.000000,0.000000,0.000000,0.000000,0.000000,0.000000,0.000000,0.000000,0.000000,0.000000,0.000000,0.000000,0.000000,0.000000,2.388023,0.000000,0.000000,0.000000,1.000000,0.000000,0.024224
43.464710,1,100633.000000,100626.000000,100628.000000,100628.000000,100628.000000,0.000000,0.000000,0.000000,0.000000,0.000000,299.029999,100629.867188,298.998291,0.000000,-45.815842,87.614113,-54.859451,0.006691,0.019531,-0.036741,-0.001148,0.002147,0.000409,,0.000000,0.000000,0.000000,0.000000,0.000000,0.000000,0.000000,0.000000,0.000000,0.000000,0.000000,0.000000,0.000000,0.000000,0.000000,2.385887,0.000000,0.000000,0.000000,1.000000,0.000000,0.025263
43.488545,1,100626.000000,100628.000000,100628.000000,100630.000000,100630.000000,0.000000,0.000000,0.000000,0.000000,0.000000,299.029999,100629.867188,298.998322,0.000000,-45.802040,87.613045,-54.845688,0.003097,0.001822,-0.033606,0.000584,0.000797,0.000462,,0.000000,0.000000,0.000000,0.000000,0.000000,0.000000,0.000000,0.000000,0.000000,0.000000,0.000000,0.000000,0.000000,0.000000,0.000000,2.386955,0.000000,0.000000,0.000000,1.000000,0.000000,0.023839
43.512768,1,100628.000000,100628.000000,100630.000000,100625.000000,100625.000000,0.000000,0.000000,0.000000,0.000000,0.000000,299.029999,100629.867188,298.998322,0.000000,-45.789471,87.611076,-54.834339,0.001942,0.002232,-0.025106,0.001423,0.000363,-0.000394,,0.000000,0.000000,0.000000,0.000000,0.000000,0.000000,0.000000,0.000000,0.000000,0.000000,0.000000,0.000000,0.000000,0.000000,0.000000,2.388924,0.000000,0.000000,0.000000,1.000000,0.000000,0.024223
43.536532,1,100628.000000,100630.000000,100625.000000,100626.000000,100626.000000,0.000000,0.000000,0.000000,0.000000,0.000000,299.029999,100629.859375,298.998352,0.000000,-45.784420,87.610420,-54.831089,0.001115,0.000927,-0.034119,0.001744,0.000430,0.000462,,0.000000,0.000000,0.000000,0.000000,0.000000,0.000000,0.000000,0.000000,0.000000,0.000000,0.000000,0.000000,0.000000,0.000000,0.000000,2.389580,0.000000,0.000000,0.000000,1.000000,0.000000,0.023761
43.562967,1,100630.000000,100625.000000,100626.000000,100626.000000,100626.000000,0.000000,0.000000,0.000000,0.000000,0.000000,299.029999,100629.859375,298.998383,0.000000,-45.795143,87.610336,-54.842354,0.004370,0.004417,-0.031889,0.000703,0.001196,0.000671,,0.000000,0.000000,0.000000,0.000000,0.000000,0.000000,0.000000,0.000000,0.000000,0.000000,0.000000,0.000000,0.000000,0.000000,0.000000,2.389664,0.000000,0.000000,0.000000,1.000000,0.000000,0.026437
43.586665,1,100625.000000,100626.000000,100626.000000,100626.000000,100626.000000,0.000000,0.000000,0.000000,0.000000,0.000000,299.029999,100629.851562,298.998413,0.000000,-45.810745,87.612633,-54.855656,0.009231,0.004040,-0.028088,-0.000046,0.001581,0.000747,,0.000000,0.000000,0.000000,0.000000,0.000000,0.000000,0.000000,0.000000,0.000000,0.000000,0.000000,0.000000,0.000000,0.000000,0.000000,2.387367,0.000000,0.000000,0.000000,1.000000,0.000000,0.023704
43.610321,1,100626.000000,100626.000000,100626.000000,100624.000000,100624.000000,0.000000,0.000000,0.000000,0.000000,0.000000,299.029999,100629.851562,298.998413,0.000000,-45.805042,87.612061,-54.849800,-0.000757,-0.000750,-0.030100,0.001365,0.000017,0.000100,,0.000000,0.000000,0.000000,0.000000,0.000000,0.000000,0.000000,0.000000,0.000000,0.000000,0.000000,0.000000,0.000000,0.000000,0.000000,2.387939,0.000000,0.000000,0.000000,1.000000,0.000000,0.023658
43.635984,1,100626.000000,100626.000000,100624.000000,100629.000000,100629.000000,0.000000,0.000000,0.000000,0.000000,0.000000,299.029999,100629.851562,298.998444,0.000000,-45.788532,87.611488,-54.835186,-0.000679,0.002688,-0.038498,0.001148,0.000230,0.000340,,0.000000,0.000000,0.000000,0.000000,0.000000,0.000000,0.000000,0.000000,0.000000,0.000000,0.000000,0.000000,0.000000,0.000000,0.000000,2.388512,0.000000,0.000000,0.000000,1.000000,0.000000,0.025514
43.660536,1,100626.000000,100624.000000,100629.000000,100629.000000,100629.000000,0.000000,0.000000,0.000000,0.000000,0.000000,299.029999,100629.851562,298.998474,0.000000,-45.775688,87.609352,-54.823479,-0.006861,0.001661,-0.031881,0.000574,0.000866,0.000279,,0.000000,0.000000,0.000000,0.000000,0.000000,0.000000,0.000000,0.000000,0.000000,0.000000,0.000000,0.000000,0.000000,0.000000,0.000000,2.390648,0.000000,0.000000,0.000000,1.000000,0.000000,0.024666
43.686248,1,100624.000000,100629.000000,100629.000000,100628.000000,100628.000000,0.000000,0.000000,0.000000,0.000000,0.000000,299.029999,100629.851562,298.998505,0.000000,-45.758949,87.608948,-54.805573,0.001559,-0.005289,-0.042233,0.000249,0.000679,0.000830,,0.000000,0.000000,0.000000,0.000000,0.000000,0.000000,0.000000,0.000000,0.000000,0.000000,0.000000,0.000000,0.000000,0.000000,0.000000,2.391052,0.000000,0.000000,0.000000,1.000000,0.000000,0.025745
43.710306,1,100629.000000,100629.000000,100628.000000,100630.000000,100630.000000,0.000000,0.000000,0.000000,0.000000,0.000000,299.029999,100629.851562,298.998505,0.000000,-45.799763,87.609932,-54.846931,0.005436,0.004624,-0.028214,-0.000688,0.002255,0.000793,,0.000000,0.000000,0.000000,0.000000,0.000000,0.000000,0.000000,0.000000,0.000000,0.000000,0.000000,0.000000,0.000000,0.000000,0.000000,2.390068,0.000000,0.000000,0.000000,1.000000,0.000000,0.024057
43.734839,1,100629.000000,100628.000000,100630.000000,100625.000000,100625.000000,0.000000,0.000000,0.000000,0.000000,0.000000,299.029999,100629.843750,298.998535,0.000000,-45.807228,87.612305,-54.854446,-0.001862,0.008126,-0.029465,0.000232,0.001343,0.000973,,0.000000,0.000000,0.000000,0.000000,0.000000,0.000000,0.000000,0.000000,0.000000,0.000000,0.000000,0.000000,0.000000,0.000000,0.000000,2.387695,0.000000,0.000000,0.000000,1.000000,0.000000,0.024514
43.762395,1,100628.000000,100630.000000,100625.000000,100628.000000,100628.000000,0.000000,0.000000,0.000000,0.000000,0.000000,299.029999,100629.843750,298.998566,0.000000,-45.809361,87.612473,-54.855480,0.006824,-0.004835,-0.035135,0.000526,0.001219,0.000343,,0.000000,0.000000,0.000000,0.000000,0.000000,0.000000,0.000000,0.000000,0.000000,0.000000,0.000000,0.000000,0.000000,0.000000,0.000000,2.387527,0.000000,0.000000,0.000000,1.000000,0.000000,0.027485
43.786078,1,100630.000000,100625.000000,100628.000000,100624.000000,100624.000000,0.000000,0.000000,0.000000,0.000000,0.000000,299.029999,100629.835938,298.998596,0.000000,-45.776829,87.610992,-54.823776,0.002602,-0.002075,-0.043992,0.000522,0.000014,0.000749,,0.000000,0.000000,0.000000,0.000000,0.000000,0.000000,0.000000,0.000000,0.000000,0.000000,0.000000,0.000000,0.000000,0.000000,0.000000,2.389008,0.000000,0.000000,0.000000,1.000000,0.000000,0.023775
43.810480,1,100625.000000,100628.000000,100624.000000,100627.000000,100627.000000,0.000000,0.000000,0.000000,0.000000,0.000000,299.029999,100629.835938,298.998596,0.000000,-45.770760,87.610336,-54.818970,0.001118,0.011291,-0.032835,0.000772,0.000207,-0.000219,,0.000000,0.000000,0.000000,0.000000,0.000000,0.000000,0.000000,0.000000,0.000000,0.000000,0.000000,0.000000,0.000000,0.000000,0.000000,2.389664,0.000000,0.000000,0.000000,1.000000,0.000000,0.024265
43.835799,1,100628.000000,100624.000000,100627.000000,100625.000000,100625.000000,0.000000,0.000000,0.000000,0.000000,0.000000,299.029999,100629.835938,298.998627,0.000000,-45.782104,87.610916,-54.830559,0.004152,0.011858,-0.043325,-0.000611,0.001634,0.000685,,0.000000,0.000000,0.000000,0.000000,0.000000,0.000000,0.000000,0.000000,0.000000,0.000000,0.000000,0.000000,0.000000,0.000000,0.000000,2.389084,0.000000,0.000000,0.000000,1.000000,0.000000,0.025459
43.862456,1,100624.000000,100627.000000,100625.000000,100629.000000,100629.000000,0.000000,0.000000,0.000000,0.000000,0.000000,299.029999,100629.835938,298.998657,0.000000,-45.784973,87.611649,-54.832581,-0.000322,0.004652,-0.040875,-0.000577,0.001325,0.000551,,0.000000,0.000000,0.000000,0.000000,0.000000,0.000000,0.000000,0.000000,0.000000,0.000000,0.000000,0.000000,0.000000,0.000000,0.000000,2.388351,0.000000,0.000000,0.000000,1.000000,0.000000,0.026656
43.886309,1,100627.000000,100625.000000,100629.000000,100630.000000,100630.000000,0.000000,0.000000,0.000000,0.000000,0.000000,299.029999,100629.835938,298.998688,0.000000,-45.769775,87.610336,-54.818035,-0.000567,-0.002783,-0.020478,-0.000495,0.001319,0.001021,,0.000000,0.000000,0.000000,0.000000,0.000000,0.000000,0.000000,0.000000,0.000000,0.000000,0.000000,0.000000,0.000000,0.000000,0.000000,2.389664,0.000000,0.000000,0.000000,1.000000,0.000000,0.023850
43.911066,1,100625.000000,100629.000000,100630.000000,100626.000000,100626.000000,0.000000,0.000000,0.000000,0.000000,0.000000,299.029999,100629.828125,298.998688,0.000000,-45.752323,87.610176,-54.800793,0.001849,-0.002951,-0.035450,0.000624,0.000901,0.000399,,0.000000,0.000000,0.000000,0.000000,0.000000,0.000000,0.000000,0.000000,0.000000,0.000000,0.000000,0.000000,0.000000,0.000000,0.000000,2.389824,0.000000,0.000000,0.000000,1.000000,0.000000,0.024759
43.935937,1,100629.000000,100630.000000,100626.000000,100630.000000,100630.000000,0.000000,0.000000,0.000000,0.000000,0.000000,299.029999,100629.828125,298.998718,0.000000,-45.767525,87.610336,-54.815056,0.001366,-0.003698,-0.039672,-0.000532,0.000956,0.000248,,0.000000,0.000000,0.000000,0.000000,0.000000,0.000000,0.000000,0.000000,0.000000,0.000000,0.000000,0.000000,0.000000,0.000000,0.000000,2.389664,0.000000,0.000000,0.000000,1.000000,0.000000,0.024869
43.960613,1,100630.000000,100626.000000,100630.000000,100627.000000,100627.000000,0.000000,0.000000,0.000000,0.000000,0.000000,299.029999,100629.828125,298.998749,0.000000,-45.776466,87.609932,-54.823532,-0.004463,0.009016,-0.032165,0.001360,0.000249,-0.000256,,0.000000,0.000000,0.000000,0.000000,0.000000,0.000000,0.000000,0.000000,0.000000,0.000000,0.000000,0.000000,0.000000,0.000000,0.000000,2.390068,0.000000,0.000000,0.000000,1.000000,0.000000,0.024680
43.985881,1,100626.000000,100630.000000,100627.000000,100625.000000,100625.000000,0.000000,0.000000,0.000000,0.000000,0.000000,299.029999,100629.828125,298.998779,0.000000,-45.775383,87.610420,-54.823547,0.003757,0.000647,-0.030259,0.000180,0.001129,0.000659,,0.000000,0.000000,0.000000,0.000000,0.000000,0.000000,0.000000,0.000000,0.000000,0.000000,0.000000,0.000000,0.000000,0.000000,0.000000,2.389580,0.000000,0.000000,0.000000,1.000000,0.000000,0.025262
44.011130,1,100630.000000,100627.000000,100625.000000,100625.000000,100625.000000,0.000000,0.000000,0.000000,0.000000,0.000000,299.029999,100629.820312,298.998779,0.000000,-45.747383,87.609932,-54.795635,-0.000272,-0.001872,-0.042004,0.001219,0.000804,0.001091,,0.000000,0.000000,0.000000,0.000000,0.000000,0.000000,0.000000,0.000000,0.000000,0.000000,0.000000,0.000000,0.000000,0.000000,0.000000,2.390068,0.000000,0.000000,0.000000,1.000000,0.000000,0.025253
44.036053,1,100627.000000,100625.000000,100625.000000,100624.000000,100624.000000,0.000000,0.000000,0.000000,0.000000,0.000000,299.029999,100629.820312,298.998810,0.000000,-45.740021,87.608452,-54.790588,-0.001806,0.002156,-0.033453,-0.000699,0.002011,0.001464,,0.000000,0.000000,0.000000,0.000000,0.000000,0.000000,0.000000,0.000000,0.000000,0.000000,0.000000,0.000000,0.000000,0.000000,0.000000,2.391548,0.000000,0.000000,0.000000,1.000000,0.000000,0.024920
44.062323,1,100625.000000,100625.000000,100624.000000,100629.000000,100629.000000,0.000000,0.000000,0.000000,0.000000,0.000000,299.029999,100629.820312,298.998840,0.000000,-45.727898,87.609192,-54.777222,-0.011703,0.009557,-0.029322,0.000592,0.000172,0.000375,,0.000000,0.000000,0.000000,0.000000,0.000000,0.000000,0.000000,0.000000,0.000000,0.000000,0.000000,0.000000,0.000000,0.000000,0.000000,2.390808,0.000000,0.000000,0.000000,1.000000,0.000000,0.026276
44.091952,1,100625.000000,100624.000000,100629.000000,100626.000000,100626.000000,0.000000,0.000000,0.000000,0.000000,0.000000,299.029999,100629.812500,298.998871,0.000000,-45.765015,87.610992,-54.811901,0.005557,0.005253,-0.034574,-0.001414,0.002087,0.001324,,0.000000,0.000000,0.000000,0.000000,0.000000,0.000000,0.000000,0.000000,0.000000,0.000000,0.000000,0.000000,0.000000,0.000000,0.000000,2.389008,0.000000,0.000000,0.000000,1.000000,0.000000,0.029623
44.117179,1,100624.000000,100629.000000,100626.000000,100622.000000,100622.000000,0.000000,0.000000,0.000000,0.000000,0.000000,299.029999,100629.804688,298.998871,0.000000,-45.770824,87.610260,-54.817883,0.011374,0.001218,-0.020964,0.001994,0.000082,-0.000219,,0.000000,0.000000,0.000000,0.000000,0.000000,0.000000,0.000000,0.000000,0.000000,0.000000,0.000000,0.000000,0.000000,0.000000,0.000000,2.389740,0.000000,0.000000,0.000000,1.000000,0.000000,0.025216
44.141006,1,100629.000000,100626.000000,100622.000000,100628.000000,100628.000000,0.000000,0.000000,0.000000,0.000000,0.000000,299.029999,100629.804688,298.998901,0.000000,-45.740780,87.610176,-54.788555,-0.001452,0.001188,-0.022360,0.001596,0.000700,0.000365,,0.000000,0.000000,0.000000,0.000000,0.000000,0.000000,0.000000,0.000000,0.000000,0.000000,0.000000,0.000000,0.000000,0.000000,0.000000,2.389824,0.000000,0.000000,0.000000,1.000000,0.000000,0.023771
44.165192,1,100626.000000,100622.000000,100628.000000,100625.000000,100625.000000,0.000000,0.000000,0.000000,0.000000,0.000000,299.029999,100629.804688,298.998932,0.000000,-45.705940,87.606163,-54.757370,0.002630,-0.000551,-0.029644,0.001428,-0.000389,-0.000416,,0.000000,0.000000,0.000000,0.000000,0.000000,0.000000,0.000000,0.000000,0.000000,0.000000,0.000000,0.000000,0.000000,0.000000,0.000000,2.393837,0.000000,0.000000,0.000000,1.000000,0.000000,0.024219
44.189160,1,100622.000000,100628.000000,100625.000000,100631.000000,100631.000000,0.000000,0.000000,0.000000,0.000000,0.000000,299.029999,100629.804688,298.998962,0.000000,-45.733677,87.608124,-54.785065,-0.000396,-0.000094,-0.035491,-0.000840,0.002561,0.000680,,0.000000,0.000000,0.000000,0.000000,0.000000,0.000000,0.000000,0.000000,0.000000,0.000000,0.000000,0.000000,0.000000,0.000000,0.000000,2.391876,0.000000,0.000000,0.000000,1.000000,0.000000,0.024001
44.214486,1,100628.000000,100625.000000,100631.000000,100629.000000,100629.000000,0.000000,0.000000,0.000000,0.000000,0.000000,299.029999,100629.804688,298.998962,0.000000,-45.760872,87.609436,-54.811890,0.001167,0.007095,-0.035581,-0.001128,0.002583,0.000977,,0.000000,0.000000,0.000000,0.000000,0.000000,0.000000,0.000000,0.000000,0.000000,0.000000,0.000000,0.000000,0.000000,0.000000,0.000000,2.390564,0.000000,0.000000,0.000000,1.000000,0.000000,0.025318
44.238191,1,100625.000000,100631.000000,100629.000000,100628.000000,100628.000000,0.000000,0.000000,0.000000,0.000000,0.000000,299.029999,100629.804688,298.998993,0.000000,-45.789452,87.611320,-54.836105,-0.006498,0.007817,-0.029970,-0.000589,0.001924,0.001380,,0.000000,0.000000,0.000000,0.000000,0.000000,0.000000,0.000000,0.000000,0.000000,0.000000,0.000000,0.000000,0.000000,0.000000,0.000000,2.388680,0.000000,0.000000,0.000000,1.000000,0.000000,0.023717
44.262444,1,100631.000000,100629.000000,100628.000000,100629.000000,100629.000000,0.000000,0.000000,0.000000,0.000000,0.000000,299.029999,100629.804688,298.999023,0.000000,-45.812138,87.610176,-54.858753,-0.002837,0.008308,-0.033984,0.000268,0.000707,-0.000363,,0.000000,0.000000,0.000000,0.000000,0.000000,0.000000,0.000000,0.000000,0.000000,0.000000,0.000000,0.000000,0.000000,0.000000,0.000000,2.389824,0.000000,0.000000,0.000000,1.000000,0.000000,0.024252
44.286159,1,100629.000000,100628.000000,100629.000000,100624.000000,100624.000000,0.000000,0.000000,0.000000,0.000000,0.000000,299.029999,100629.796875,298.999054,0.000000,-45.779903,87.608620,-54.829090,-0.000888,0.001461,-0.039146,-0.001044,0.001977,0.000860,,0.000000,0.000000,0.000000,0.000000,0.000000,0.000000,0.000000,0.000000,0.000000,0.000000,0.000000,0.000000,0.000000,0.000000,0.000000,2.391380,0.000000,0.000000,0.000000,1.000000,0.000000,0.023712
44.310447,1,100628.000000,100629.000000,100624.000000,100624.000000,100624.000000,0.000000,0.000000,0.000000,0.000000,0.000000,299.029999,100629.796875,298.999054,0.000000,-45.760090,87.607887,-54.809849,0.003583,-0.001095,-0.027592,0.001389,0.000329,0.000557,,0.000000,0.000000,0.000000,0.000000,0.000000,0.000000,0.000000,0.000000,0.000000,0.000000,0.000000,0.000000,0.000000,0.000000,0.000000,2.392113,0.000000,0.000000,0.000000,1.000000,0.000000,0.024287
44.334220,1,100629.000000,100624.000000,100624.000000,100630.000000,100630.000000,0.000000,0.000000,0.000000,0.000000,0.000000,299.040009,100629.796875,298.999084,0.000000,-45.783371,87.609764,-54.831486,0.001119,0.008072,-0.036329,-0.001097,0.002874,0.000692,,0.000000,0.000000,0.000000,0.000000,0.000000,0.000000,0.000000,0.000000,0.000000,0.000000,0.000000,0.000000,0.000000,0.000000,0.000000,2.390236,0.000000,0.000000,0.000000,1.000000,0.000000,0.023774
44.361025,1,100624.000000,100624.000000,100630.000000,100627.000000,100627.000000,0.000000,0.000000,0.000000,0.000000,0.000000,299.029999,100629.789062,298.999115,0.000000,-45.807156,87.610832,-54.855202,0.004696,0.009045,-0.042212,-0.000564,0.002040,0.000921,,0.000000,0.000000,0.000000,0.000000,0.000000,0.000000,0.000000,0.000000,0.000000,0.000000,0.000000,0.000000,0.000000,0.000000,0.000000,2.389168,0.000000,0.000000,0.000000,1.000000,0.000000,0.026795
44.385494,1,100624.000000,100630.000000,100627.000000,100627.000000,100627.000000,0.000000,0.000000,0.000000,0.000000,0.000000,299.040009,100629.789062,298.999146,0.000000,-45.810459,87.611649,-54.856834,0.003682,-0.006544,-0.036344,-0.000589,0.002447,0.001420,,0.000000,0.000000,0.000000,0.000000,0.000000,0.000000,0.000000,0.000000,0.000000,0.000000,0.000000,0.000000,0.000000,0.000000,0.000000,2.388351,0.000000,0.000000,0.000000,1.000000,0.000000,0.024360
44.409160,1,100630.000000,100627.000000,100627.000000,100627.000000,100627.000000,0.000000,0.000000,0.000000,0.000000,0.000000,299.040009,100629.789062,298.999176,0.000000,-45.765457,87.608208,-54.816399,-0.000012,-0.000497,-0.041616,0.001671,-0.000034,0.000762,,0.000000,0.000000,0.000000,0.000000,0.000000,0.000000,0.000000,0.000000,0.000000,0.000000,0.000000,0.000000,0.000000,0.000000,0.000000,2.391792,0.000000,0.000000,0.000000,1.000000,0.000000,0.023784
44.433961,1,100627.000000,100627.000000,100627.000000,100625.000000,100625.000000,0.000000,0.000000,0.000000,0.000000,0.000000,299.029999,100629.781250,298.999207,0.000000,-45.747787,87.607643,-54.800480,-0.004793,0.000708,-0.042130,0.001178,-0.000181,0.000216,,0.000000,0.000000,0.000000,0.000000,0.000000,0.000000,0.000000,0.000000,0.000000,0.000000,0.000000,0.000000,0.000000,0.000000,0.000000,2.392357,0.000000,0.000000,0.000000,1.000000,0.000000,0.024799
44.462288,1,100627.000000,100627.000000,100625.000000,100627.000000,100627.000000,0.000000,0.000000,0.000000,0.000000,0.000000,299.029999,100629.781250,298.999207,0.000000,-45.753242,87.606247,-54.805260,-0.000533,0.010091,-0.033122,0.000060,0.001221,0.000203,,0.000000,0.000000,0.000000,0.000000,0.000000,0.000000,0.000000,0.000000,0.000000,0.000000,0.000000,0.000000,0.000000,0.000000,0.000000,2.393753,0.000000,0.000000,0.000000,1.000000,0.000000,0.028335
44.486866,1,100627.000000,100625.000000,100627.000000,100626.000000,100626.000000,0.000000,0.000000,0.000000,0.000000,0.000000,299.029999,100629.781250,298.999237,0.000000,-45.772144,87.608124,-54.820713,0.003026,0.003843,-0.032831,-0.002117,0.002663,0.001474,,0.000000,0.000000,0.000000,0.000000,0.000000,0.000000,0.000000,0.000000,0.000000,0.000000,0.000000,0.000000,0.000000,0.000000,0.000000,2.391876,0.000000,0.000000,0.000000,1.000000,0.000000,0.024556
44.514420,1,100625.000000,100627.000000,100626.000000,100631.000000,100631.000000,0.000000,0.000000,0.000000,0.000000,0.000000,299.029999,100629.781250,298.999268,0.000000,-45.806713,87.609680,-54.854286,-0.003829,0.001617,-0.035072,-0.000075,0.001765,0.000240,,0.000000,0.000000,0.000000,0.000000,0.000000,0.000000,0.000000,0.000000,0.000000,0.000000,0.000000,0.000000,0.000000,0.000000,0.000000,2.390320,0.000000,0.000000,0.000000,1.000000,0.000000,0.027546
44.538126,1,100627.000000,100626.000000,100631.000000,100631.000000,100631.000000,0.000000,0.000000,0.000000,0.000000,0.000000,299.029999,100629.781250,298.999268,0.000000,-45.826817,87.610748,-54.873421,-0.000162,0.001836,-0.036224,0.000180,0.001538,0.000150,,0.000000,0.000000,0.000000,0.000000,0.000000,0.000000,0.000000,0.000000,0.000000,0.000000,0.000000,0.000000,0.000000,0.000000,0.000000,2.389252,0.000000,0.000000,0.000000,1.000000,0.000000,0.023732
44.562321,1,100626.000000,100631.000000,100631.000000,100628.000000,100628.000000,0.000000,0.000000,0.000000,0.000000,0.000000,299.029999,100629.781250,298.999298,0.000000,-45.833450,87.609604,-54.881454,0.002985,-0.000544,-0.035030,0.001108,0.000812,0.000194,,0.000000,0.000000,0.000000,0.000000,0.000000,0.000000,0.000000,0.000000,0.000000,0.000000,0.000000,0.000000,0.000000,0.000000,0.000000,2.390396,0.000000,0.000000,0.000000,1.000000,0.000000,0.024193
44.586371,1,100631.000000,100631.000000,100628.000000,100629.000000,100629.000000,0.000000,0.000000,0.000000,0.000000,0.000000,299.029999,100629.781250,298.999329,0.000000,-45.830944,87.609108,-54.879738,0.002381,0.007772,-0.040545,-0.000096,0.001816,-0.000059,,0.000000,0.000000,0.000000,0.000000,0.000000,0.000000,0.000000,0.000000,0.000000,0.000000,0.000000,0.000000,0.000000,0.000000,0.000000,2.390892,0.000000,0.000000,0.000000,1.000000,0.000000,0.024027
44.610034,1,100631.000000,100628.000000,100629.000000,100633.000000,100633.000000,0.000000,0.000000,0.000000,0.000000,0.000000,299.029999,100629.781250,298.999359,0.000000,-45.840889,87.610336,-54.889561,0.001597,0.005312,-0.031804,0.000776,0.000754,0.000842,,0.000000,0.000000,0.000000,0.000000,0.000000,0.000000,0.000000,0.000000,0.000000,0.000000,0.000000,0.000000,0.000000,0.000000,0.000000,2.389664,0.000000,0.000000,0.000000,1.000000,0.000000,0.023689
44.634769,1,100628.000000,100629.000000,100633.000000,100627.000000,100627.000000,0.000000,0.000000,0.000000,0.000000,0.000000,299.040009,100629.781250,298.999390,0.000000,-45.859989,87.610260,-54.907429,0.001270,0.002127,-0.037531,-0.000301,0.001461,0.000292,,0.000000,0.000000,0.000000,0.000000,0.000000,0.000000,0.000000,0.000000,0.000000,0.000000,0.000000,0.000000,0.000000,0.000000,0.000000,2.389740,0.000000,0.000000,0.000000,1.000000,0.000000,0.024685
44.658464,1,100629.000000,100633.000000,100627.000000,100624.000000,100624.000000,0.000000,0.000000,0.000000,0.000000,0.000000,299.040009,100629.773438,298.999390,0.000000,-45.830761,87.609848,-54.877747,0.003258,0.008066,-0.031660,0.000275,0.000462,0.000666,,0.000000,0.000000,0.000000,0.000000,0.000000,0.000000,0.000000,0.000000,0.000000,0.000000,0.000000,0.000000,0.000000,0.000000,0.000000,2.390152,0.000000,0.000000,0.000000,1.000000,0.000000,0.023710
44.682559,1,100633.000000,100627.000000,100624.000000,100625.000000,100625.000000,0.000000,0.000000,0.000000,0.000000,0.000000,299.040009,100629.773438,298.999420,0.000000,-45.813026,87.608536,-54.862289,0.000534,-0.004067,-0.032293,0.001144,0.000303,0.000066,,0.000000,0.000000,0.000000,0.000000,0.000000,0.000000,0.000000,0.000000,0.000000,0.000000,0.000000,0.000000,0.000000,0.000000,0.000000,2.391464,0.000000,0.000000,0.000000,1.000000,0.000000,0.024076
44.706467,1,100627.000000,100624.000000,100625.000000,100630.000000,100630.000000,0.000000,0.000000,0.000000,0.000000,0.000000,299.040009,100629.773438,298.999451,0.000000,-45.828663,87.608780,-54.877201,0.002828,0.005483,-0.035185,-0.000259,0.001551,0.000898,,0.000000,0.000000,0.000000,0.000000,0.000000,0.000000,0.000000,0.000000,0.000000,0.000000,0.000000,0.000000,0.000000,0.000000,0.000000,2.391220,0.000000,0.000000,0.000000,1.000000,0.000000,0.023949
44.730214,1,100624.000000,100625.000000,100630.000000,100629.000000,100629.000000,0.000000,0.000000,0.000000,0.000000,0.000000,299.040009,100629.773438,298.999481,0.000000,-45.851528,87.609276,-54.900787,0.003888,-0.002375,-0.044323,-0.000115,0.002438,0.000483,,0.000000,0.000000,0.000000,0.000000,0.000000,0.000000,0.000000,0.000000,0.000000,0.000000,0.000000,0.000000,0.000000,0.000000,0.000000,2.390724,0.000000,0.000000,0.000000,1.000000,0.000000,0.023751
44.754280,1,100625.000000,100630.000000,100629.000000,100629.000000,100629.000000,0.000000,0.000000,0.000000,0.000000,0.000000,299.040009,100629.773438,298.999512,0.000000,-45.860218,87.610588,-54.909187,0.002376,0.004175,-0.029248,0.000569,0.001337,0.000681,,0.000000,0.000000,0.000000,0.000000,0.000000,0.000000,0.000000,0.000000,0.000000,0.000000,0.000000,0.000000,0.000000,0.000000,0.000000,2.389412,0.000000,0.000000,0.000000,1.000000,0.000000,0.024070
44.778318,1,100630.000000,100629.000000,100629.000000,100629.000000,100629.000000,0.000000,0.000000,0.000000,0.000000,0.000000,299.040009,100629.773438,298.999542,0.000000,-45.867382,87.610916,-54.915726,0.004461,0.004644,-0.038651,-0.000020,0.002210,0.000216,,0.000000,0.000000,0.000000,0.000000,0.000000,0.000000,0.000000,0.000000,0.000000,0.000000,0.000000,0.000000,0.000000,0.000000,0.000000,2.389084,0.000000,0.000000,0.000000,1.000000,0.000000,0.024043
44.802365,1,100629.000000,100629.000000,100629.000000,100628.000000,100628.000000,0.000000,0.000000,0.000000,0.000000,0.000000,299.040009,100629.765625,298.999573,0.000000,-45.859642,87.609352,-54.909565,0.002997,0.005460,-0.030050,0.001232,0.000561,0.000237,,0.000000,0.000000,0.000000,0.000000,0.000000,0.000000,0.000000,0.000000,0.000000,0.000000,0.000000,0.000000,0.000000,0.000000,0.000000,2.390648,0.000000,0.000000,0.000000,1.000000,0.000000,0.024042
44.826295,1,100629.000000,100629.000000,100628.000000,100624.000000,100624.000000,0.000000,0.000000,0.000000,0.000000,0.000000,299.040009,100629.765625,298.999603,0.000000,-45.856304,87.608620,-54.908730,0.003572,0.005268,-0.030830,0.002632,0.000158,-0.000616,,0.000000,0.000000,0.000000,0.000000,0.000000,0.000000,0.000000,0.000000,0.000000,0.000000,0.000000,0.000000,0.000000,0.000000,0.000000,2.391380,0.000000,0.000000,0.000000,1.000000,0.000000,0.023930
44.850389,1,100629.000000,100628.000000,100624.000000,100623.000000,100623.000000,0.000000,0.000000,0.000000,0.000000,0.000000,299.040009,100629.757812,298.999634,0.000000,-45.885029,87.610092,-54.935520,0.003141,0.000824,-0.036847,0.000640,0.001856,0.000753,,0.000000,0.000000,0.000000,0.000000,0.000000,0.000000,0.000000,0.000000,0.000000,0.000000,0.000000,0.000000,0.000000,0.000000,0.000000,2.389908,0.000000,0.000000,0.000000,1.000000,0.000000,0.024094
44.876508,1,100628.000000,100624.000000,100623.000000,100626.000000,100626.000000,0.000000,0.000000,0.000000,0.000000,0.000000,299.040009,100629.757812,298.999664,0.000000,-45.880062,87.611320,-54.928871,0.000203,0.005457,-0.033460,-0.000374,0.001827,0.000678,,0.000000,0.000000,0.000000,0.000000,0.000000,0.000000,0.000000,0.000000,0.000000,0.000000,0.000000,0.000000,0.000000,0.000000,0.000000,2.388680,0.000000,0.000000,0.000000,1.000000,0.000000,0.026124
44.901137,1,100624.000000,100623.000000,100626.000000,100627.000000,100627.000000,0.000000,0.000000,0.000000,0.000000,0.000000,299.040009,100629.757812,298.999695,0.000000,-45.878204,87.610092,-54.927673,0.003333,-0.000752,-0.031723,0.001297,0.000069,-0.000665,,0.000000,0.000000,0.000000,0.000000,0.000000,0.000000,0.000000,0.000000,0.000000,0.000000,0.000000,0.000000,0.000000,0.000000,0.000000,2.389908,0.000000,0.000000,0.000000,1.000000,0.000000,0.024625
44.930309,1,100623.000000,100626.000000,100627.000000,100626.000000,100626.000000,0.000000,0.000000,0.000000,0.000000,0.000000,299.029999,100629.750000,298.999725,0.000000,-45.831638,87.608452,-54.884155,0.002080,-0.006723,-0.033401,0.001341,-0.000019,0.000692,,0.000000,0.000000,0.000000,0.000000,0.000000,0.000000,0.000000,0.000000,0.000000,0.000000,0.000000,0.000000,0.000000,0.000000,0.000000,2.391548,0.000000,0.000000,0.000000,1.000000,0.000000,0.029166
44.954030,1,100626.000000,100627.000000,100626.000000,100627.000000,100627.000000,0.000000,0.000000,0.000000,0.000000,0.000000,299.029999,100629.750000,298.999725,0.000000,-45.809261,87.606575,-54.862663,0.002923,0.010293,-0.036551,0.000948,-0.000118,0.000573,,0.000000,0.000000,0.000000,0.000000,0.000000,0.000000,0.000000,0.000000,0.000000,0.000000,0.000000,0.000000,0.000000,0.000000,0.000000,2.393425,0.000000,0.000000,0.000000,1.000000,0.000000,0.023730
44.978308,1,100627.000000,100626.000000,100627.000000,100629.000000,100629.000000,0.000000,0.000000,0.000000,0.000000,0.000000,299.029999,100629.750000,298.999756,0.000000,-45.825912,87.608696,-54.876827,0.003437,0.003439,-0.029068,-0.001610,0.002484,0.001269,,0.000000,0.000000,0.000000,0.000000,0.000000,0.000000,0.000000,0.000000,0.000000,0.000000,0.000000,0.000000,0.000000,0.000000,0.000000,2.391304,0.000000,0.000000,0.000000,1.000000,0.000000,0.024277
45.002323,1,100626.000000,100627.000000,100629.000000,100627.000000,100627.000000,0.000000,0.000000,0.000000,0.000000,0.000000,299.029999,100629.750000,298.999786,0.000000,-45.850273,87.610664,-54.899174,0.002519,0.003562,-0.032001,-0.001289,0.003061,0.001098,,0.000000,0.000000,0.000000,0.000000,0.000000,0.000000,0.000000,0.000000,0.000000,0.000000,0.000000,0.000000,0.000000,0.000000,0.000000,2.389336,0.000000,0.000000,0.000000,1.000000,0.000000,0.024013
45.026363,1,100627.000000,100629.000000,100627.000000,100627.000000,100627.000000,0.000000,0.000000,0.000000,0.000000,0.000000,299.040009,100629.750000,298.999817,0.000000,-45.865311,87.611404,-54.913185,0.003062,0.006194,-0.030188,-0.000028,0.001846,0.000122,,0.000000,0.000000,0.000000,0.000000,0.000000,0.000000,0.000000,0.000000,0.000000,0.000000,0.000000,0.000000,0.000000,0.000000,0.000000,2.388596,0.000000,0.000000,0.000000,1.000000,0.000000,0.024038
45.050376,1,100629.000000,100627.000000,100627.000000,100628.000000,100628.000000,0.000000,0.000000,0.000000,0.000000,0.000000,299.040009,100629.742188,298.999847,0.000000,-45.846249,87.610588,-54.894848,-0.009350,0.004922,-0.027258,0.002154,-0.000580,0.000462,,0.000000,0.000000,0.000000,0.000000,0.000000,0.000000,0.000000,0.000000,0.000000,0.000000,0.000000,0.000000,0.000000,0.000000,0.000000,2.389412,0.000000,0.000000,0.000000,1.000000,0.000000,0.024015
45.074118,1,100627.000000,100627.000000,100628.000000,100629.000000,100629.000000,0.000000,0.000000,0.000000,0.000000,0.000000,299.040009,100629.742188,298.999847,0.000000,-45.799606,87.606819,-54.852970,-0.006148,-0.000536,-0.033445,0.001555,-0.000285,0.000531,,0.000000,0.000000,0.000000,0.000000,0.000000,0.000000,0.000000,0.000000,0.000000,0.000000,0.000000,0.000000,0.000000,0.000000,0.000000,2.393181,0.000000,0.000000,0.000000,1.000000,0.000000,0.023740
45.098342,1,100627.000000,100628.000000,100629.000000,100625.000000,100625.000000,0.000000,0.000000,0.000000,0.000000,0.000000,299.040009,100629.742188,298.999878,0.000000,-45.800934,87.607147,-54.851864,0.000492,0.003610,-0.027627,-0.000204,0.001479,0.000783,,0.000000,0.000000,0.000000,0.000000,0.000000,0.000000,0.000000,0.000000,0.000000,0.000000,0.000000,0.000000,0.000000,0.000000,0.000000,2.392853,0.000000,0.000000,0.000000,1.000000,0.000000,0.024221
45.122017,1,100628.000000,100629.000000,100625.000000,100629.000000,100629.000000,0.000000,0.000000,0.000000,0.000000,0.000000,299.040009,100629.742188,298.999908,0.000000,-45.800537,87.607643,-54.849583,-0.001487,-0.000159,-0.039278,0.001180,-0.000123,0.001164,,0.000000,0.000000,0.000000,0.000000,0.000000,0.000000,0.000000,0.000000,0.000000,0.000000,0.000000,0.000000,0.000000,0.000000,0.000000,2.392357,0.000000,0.000000,0.000000,1.000000,0.000000,0.023576
45.146599,1,100629.000000,100625.000000,100629.000000,100630.000000,100630.000000,0.000000,0.000000,0.000000,0.000000,0.000000,299.040009,100629.742188,298.999939,0.000000,-45.810024,87.608452,-54.859692,-0.007912,-0.001299,-0.032516,0.000193,0.002005,0.000482,,0.000000,0.000000,0.000000,0.000000,0.000000,0.000000,0.000000,0.000000,0.000000,0.000000,0.000000,0.000000,0.000000,0.000000,0.000000,2.391548,0.000000,0.000000,0.000000,1.000000,0.000000,0.024615
45.170640,1,100625.000000,100629.000000,100630.000000,100628.000000,100628.000000,0.000000,0.000000,0.000000,0.000000,0.000000,299.040009,100629.742188,298.999969,0.000000,-45.803596,87.607803,-54.853962,0.001965,0.000908,-0.031898,0.000913,0.000573,0.000030,,0.000000,0.000000,0.000000,0.000000,0.000000,0.000000,0.000000,0.000000,0.000000,0.000000,0.000000,0.000000,0.000000,0.000000,0.000000,2.392197,0.000000,0.000000,0.000000,1.000000,0.000000,0.024110
45.194305,1,100629.000000,100630.000000,100628.000000,100626.000000,100626.000000,0.000000,0.000000,0.000000,0.000000,0.000000,299.040009,100629.734375,299.000000,0.000000,-45.799381,87.607719,-54.850113,-0.009924,0.011568,-0.029325,0.001306,0.000079,-0.000077,,0.000000,0.000000,0.000000,0.000000,0.000000,0.000000,0.000000,0.000000,0.000000,0.000000,0.000000,0.000000,0.000000,0.000000,0.000000,2.392281,0.000000,0.000000,0.000000,1.000000,0.000000,0.023669
45.221260,1,100630.000000,100628.000000,100626.000000,100627.000000,100627.000000,0.000000,0.000000,0.000000,0.000000,0.000000,299.040009,100629.734375,299.000031,0.000000,-45.766769,87.605675,-54.819767,-0.005420,0.002149,-0.036757,0.000916,0.001032,0.000528,,0.000000,0.000000,0.000000,0.000000,0.000000,0.000000,0.000000,0.000000,0.000000,0.000000,0.000000,0.000000,0.000000,0.000000,0.000000,2.394325,0.000000,0.000000,0.000000,1.000000,0.000000,0.026922
45.244898,1,100628.000000,100626.000000,100627.000000,100625.000000,100625.000000,0.000000,0.000000,0.000000,0.000000,0.000000,299.040009,100629.734375,299.000061,0.000000,-45.784821,87.606491,-54.837811,-0.002419,0.005661,-0.035923,-0.000425,0.001672,0.000479,,0.000000,0.000000,0.000000,0.000000,0.000000,0.000000,0.000000,0.000000,0.000000,0.000000,0.000000,0.000000,0.000000,0.000000,0.000000,2.393509,0.000000,0.000000,0.000000,1.000000,0.000000,0.023673
45.271219,1,100626.000000,100627.000000,100625.000000,100626.000000,100626.000000,0.000000,0.000000,0.000000,0.000000,0.000000,299.040009,100629.726562,299.000092,0.000000,-45.797588,87.606331,-54.850201,-0.005264,-0.000579,-0.039433,0.000987,0.000800,-0.000010,,0.000000,0.000000,0.000000,0.000000,0.000000,0.000000,0.000000,0.000000,0.000000,0.000000,0.000000,0.000000,0.000000,0.000000,0.000000,2.393669,0.000000,0.000000,0.000000,1.000000,0.000000,0.026291
45.294851,1,100627.000000,100625.000000,100626.000000,100626.000000,100626.000000,0.000000,0.000000,0.000000,0.000000,0.000000,299.040009,100629.726562,299.000122,0.000000,-45.796200,87.605431,-54.849453,-0.009440,0.009832,-0.035343,0.000042,0.001111,0.000259,,0.000000,0.000000,0.000000,0.000000,0.000000,0.000000,0.000000,0.000000,0.000000,0.000000,0.000000,0.000000,0.000000,0.000000,0.000000,2.394569,0.000000,0.000000,0.000000,1.000000,0.000000,0.023660
45.320944,1,100625.000000,100626.000000,100626.000000,100629.000000,100629.000000,0.000000,0.000000,0.000000,0.000000,0.000000,299.029999,100629.726562,299.000122,0.000000,-45.767677,87.604042,-54.822762,-0.002753,0.002292,-0.027415,0.001389,0.000491,-0.000178,,0.000000,0.000000,0.000000,0.000000,0.000000,0.000000,0.000000,0.000000,0.000000,0.000000,0.000000,0.000000,0.000000,0.000000,0.000000,2.395958,0.000000,0.000000,0.000000,1.000000,0.000000,0.026090
45.345952,1,100626.000000,100626.000000,100629.000000,100625.000000,100625.000000,0.000000,0.000000,0.000000,0.000000,0.000000,299.040009,100629.726562,299.000153,0.000000,-45.781227,87.605835,-54.835255,0.000880,0.002667,-0.035974,0.000749,0.000803,0.000922,,0.000000,0.000000,0.000000,0.000000,0.000000,0.000000,0.000000,0.000000,0.000000,0.000000,0.000000,0.000000,0.000000,0.000000,0.000000,2.394165,0.000000,0.000000,0.000000,1.000000,0.000000,0.024984
45.370413,1,100626.000000,100629.000000,100625.000000,100619.000000,100619.000000,0.000000,0.000000,0.000000,0.000000,0.000000,299.040009,100629.718750,299.000183,0.000000,-45.803581,87.606415,-54.856434,0.001215,0.005703,-0.037470,-0.001317,0.002260,0.000575,,0.000000,0.000000,0.000000,0.000000,0.000000,0.000000,0.000000,0.000000,0.000000,0.000000,0.000000,0.000000,0.000000,0.000000,0.000000,2.393585,0.000000,0.000000,0.000000,1.000000,0.000000,0.024466
45.394096,1,100629.000000,100625.000000,100619.000000,100628.000000,100628.000000,0.000000,0.000000,0.000000,0.000000,0.000000,299.040009,100629.718750,299.000214,0.000000,-45.827095,87.607231,-54.878941,-0.000335,-0.000938,-0.034323,-0.001551,0.002703,0.000473,,0.000000,0.000000,0.000000,0.000000,0.000000,0.000000,0.000000,0.000000,0.000000,0.000000,0.000000,0.000000,0.000000,0.000000,0.000000,2.392769,0.000000,0.000000,0.000000,1.000000,0.000000,0.023703
45.418116,1,100625.000000,100619.000000,100628.000000,100633.000000,100633.000000,0.000000,0.000000,0.000000,0.000000,0.000000,299.040009,100629.718750,299.000244,0.000000,-45.792637,87.604454,-54.846634,-0.005485,0.001733,-0.039021,0.001121,-0.000060,0.000547,,0.000000,0.000000,0.000000,0.000000,0.000000,0.000000,0.000000,0.000000,0.000000,0.000000,0.000000,0.000000,0.000000,0.000000,0.000000,2.395546,0.000000,0.000000,0.000000,1.000000,0.000000,0.024022
45.442140,1,100619.000000,100628.000000,100633.000000,100629.000000,100629.000000,0.000000,0.000000,0.000000,0.000000,0.000000,299.040009,100629.718750,299.000275,0.000000,-45.774899,87.604698,-54.829235,-0.017053,0.005246,-0.032977,0.001332,0.000424,0.000359,,0.000000,0.000000,0.000000,0.000000,0.000000,0.000000,0.000000,0.000000,0.000000,0.000000,0.000000,0.000000,0.000000,0.000000,0.000000,2.395302,0.000000,0.000000,0.000000,1.000000,0.000000,0.024021
45.466187,1,100628.000000,100633.000000,100629.000000,100628.000000,100628.000000,0.000000,0.000000,0.000000,0.000000,0.000000,299.040009,100629.718750,299.000305,0.000000,-45.739456,87.602982,-54.795803,-0.005625,0.001210,-0.036615,0.001634,0.000252,0.000539,,0.000000,0.000000,0.000000,0.000000,0.000000,0.000000,0.000000,0.000000,0.000000,0.000000,0.000000,0.000000,0.000000,0.000000,0.000000,2.397018,0.000000,0.000000,0.000000,1.000000,0.000000,0.024038
45.489673,1,100633.000000,100629.000000,100628.000000,100628.000000,100628.000000,0.000000,0.000000,0.000000,0.000000,0.000000,299.040009,100629.710938,299.000336,0.000000,-45.743961,87.603546,-54.800350,-0.000550,-0.002735,-0.029747,0.000332,0.001716,0.001129,,0.000000,0.000000,0.000000,0.000000,0.000000,0.000000,0.000000,0.000000,0.000000,0.000000,0.000000,0.000000,0.000000,0.000000,0.000000,2.396454,0.000000,0.000000,0.000000,1.000000,0.000000,0.023495
45.514126,1,100629.000000,100628.000000,100628.000000,100630.000000,100630.000000,0.000000,0.000000,0.000000,0.000000,0.000000,299.040009,100629.710938,299.000366,0.000000,-45.785366,87.605919,-54.839878,-0.001738,-0.000626,-0.037560,-0.000453,0.002732,0.001222,,0.000000,0.000000,0.000000,0.000000,0.000000,0.000000,0.000000,0.000000,0.000000,0.000000,0.000000,0.000000,0.000000,0.000000,0.000000,2.394081,0.000000,0.000000,0.000000,1.000000,0.000000,0.024458
45.537841,1,100628.000000,100628.000000,100630.000000,100629.000000,100629.000000,0.000000,0.000000,0.000000,0.000000,0.000000,299.040009,100629.710938,299.000397,0.000000,-45.797546,87.606575,-54.851322,-0.003659,-0.000260,-0.031653,-0.000439,0.001796,0.000794,,0.000000,0.000000,0.000000,0.000000,0.000000,0.000000,0.000000,0.000000,0.000000,0.000000,0.000000,0.000000,0.000000,0.000000,0.000000,2.393425,0.000000,0.000000,0.000000,1.000000,0.000000,0.023707
45.561363,1,100628.000000,100630.000000,100629.000000,100625.000000,100625.000000,0.000000,0.000000,0.000000,0.000000,0.000000,299.040009,100629.710938,299.000397,0.000000,-45.798660,87.607475,-54.852009,0.000078,0.001600,-0.039498,0.000840,0.000736,0.000669,,0.000000,0.000000,0.000000,0.000000,0.000000,0.000000,0.000000,0.000000,0.000000,0.000000,0.000000,0.000000,0.000000,0.000000,0.000000,2.392525,0.000000,0.000000,0.000000,1.000000,0.000000,0.023497
45.584860,1,100630.000000,100629.000000,100625.000000,100627.000000,100627.000000,0.000000,0.000000,0.000000,0.000000,0.000000,299.040009,100629.710938,299.000427,0.000000,-45.756908,87.605103,-54.813942,0.002487,0.003871,-0.033966,0.001133,0.000471,0.000245,,0.000000,0.000000,0.000000,0.000000,0.000000,0.000000,0.000000,0.000000,0.000000,0.000000,0.000000,0.000000,0.000000,0.000000,0.000000,2.394897,0.000000,0.000000,0.000000,1.000000,0.000000,0.023522
45.608349,1,100629.000000,100625.000000,100627.000000,100620.000000,100620.000000,0.000000,0.000000,0.000000,0.000000,0.000000,299.040009,100629.703125,299.000458,0.000000,-45.753407,87.604858,-54.809708,0.000598,0.000461,-0.036682,0.000094,0.000823,0.000697,,0.000000,0.000000,0.000000,0.000000,0.000000,0.000000,0.000000,0.000000,0.000000,0.000000,0.000000,0.000000,0.000000,0.000000,0.000000,2.395142,0.000000,0.000000,0.000000,1.000000,0.000000,0.023493
45.634418,1,100625.000000,100627.000000,100620.000000,100627.000000,100627.000000,0.000000,0.000000,0.000000,0.000000,0.000000,299.040009,100629.703125,299.000488,0.000000,-45.780190,87.606987,-54.834114,0.006574,0.006575,-0.031446,-0.000535,0.001650,0.000466,,0.000000,0.000000,0.000000,0.000000,0.000000,0.000000,0.000000,0.000000,0.000000,0.000000,0.000000,0.000000,0.000000,0.000000,0.000000,2.393013,0.000000,0.000000,0.000000,1.000000,0.000000,0.026059
45.657961,1,100627.000000,100620.000000,100627.000000,100629.000000,100629.000000,0.000000,0.000000,0.000000,0.000000,0.000000,299.040009,100629.703125,299.000519,0.000000,-45.790562,87.607391,-54.844036,-0.008523,-0.002036,-0.035471,-0.000099,0.002200,0.000572,,0.000000,0.000000,0.000000,0.000000,0.000000,0.000000,0.000000,0.000000,0.000000,0.000000,0.000000,0.000000,0.000000,0.000000,0.000000,2.392609,0.000000,0.000000,0.000000,1.000000,0.000000,0.023516
45.682534,1,100620.000000,100627.000000,100629.000000,100624.000000,100624.000000,0.000000,0.000000,0.000000,0.000000,0.000000,299.040009,100629.695312,299.000549,0.000000,-45.787518,87.607803,-54.841270,-0.011368,-0.001354,-0.040590,0.000508,0.001107,0.000451,,0.000000,0.000000,0.000000,0.000000,0.000000,0.000000,0.000000,0.000000,0.000000,0.000000,0.000000,0.000000,0.000000,0.000000,0.000000,2.392197,0.000000,0.000000,0.000000,1.000000,0.000000,0.024555
45.706411,1,100627.000000,100629.000000,100624.000000,100625.000000,100625.000000,0.000000,0.000000,0.000000,0.000000,0.000000,299.040009,100629.695312,299.000580,0.000000,-45.792999,87.606659,-54.848518,-0.001666,0.001526,-0.032624,0.001541,0.000246,0.000255,,0.000000,0.000000,0.000000,0.000000,0.000000,0.000000,0.000000,0.000000,0.000000,0.000000,0.000000,0.000000,0.000000,0.000000,0.000000,2.393341,0.000000,0.000000,0.000000,1.000000,0.000000,0.023931
45.734517,1,100629.000000,100624.000000,100625.000000,100623.000000,100623.000000,0.000000,0.000000,0.000000,0.000000,0.000000,299.040009,100629.687500,299.000610,0.000000,-45.760063,87.604454,-54.817604,0.002590,0.004684,-0.032412,0.000350,0.001075,0.000112,,0.000000,0.000000,0.000000,0.000000,0.000000,0.000000,0.000000,0.000000,0.000000,0.000000,0.000000,0.000000,0.000000,0.000000,0.000000,2.395546,0.000000,0.000000,0.000000,1.000000,0.000000,0.028091
45.758016,1,100624.000000,100625.000000,100623.000000,100626.000000,100626.000000,0.000000,0.000000,0.000000,0.000000,0.000000,299.029999,100629.687500,299.000610,0.000000,-45.780777,87.605179,-54.838543,-0.003092,0.008624,-0.026934,0.001399,0.000609,0.000312,,0.000000,0.000000,0.000000,0.000000,0.000000,0.000000,0.000000,0.000000,0.000000,0.000000,0.000000,0.000000,0.000000,0.000000,0.000000,2.394821,0.000000,0.000000,0.000000,1.000000,0.000000,0.023519
45.782604,1,100625.000000,100623.000000,100626.000000,100629.000000,100629.000000,0.000000,0.000000,0.000000,0.000000,0.000000,299.040009,100629.687500,299.000641,0.000000,-45.784538,87.606163,-54.841003,-0.004798,0.011028,-0.039608,0.001064,0.000671,0.000314,,0.000000,0.000000,0.000000,0.000000,0.000000,0.000000,0.000000,0.000000,0.000000,0.000000,0.000000,0.000000,0.000000,0.000000,0.000000,2.393837,0.000000,0.000000,0.000000,1.000000,0.000000,0.024570
45.806248,1,100623.000000,100626.000000,100629.000000,100628.000000,100628.000000,0.000000,0.000000,0.000000,0.000000,0.000000,299.040009,100629.687500,299.000671,0.000000,-45.799633,87.605919,-54.858017,0.004097,0.008332,-0.030554,0.000830,0.000976,0.000451,,0.000000,0.000000,0.000000,0.000000,0.000000,0.000000,0.000000,0.000000,0.000000,0.000000,0.000000,0.000000,0.000000,0.000000,0.000000,2.394081,0.000000,0.000000,0.000000,1.000000,0.000000,0.023658
45.830442,1,100626.000000,100629.000000,100628.000000,100634.000000,100634.000000,0.000000,0.000000,0.000000,0.000000,0.000000,299.040009,100629.687500,299.000702,0.000000,-45.764015,87.604202,-54.822269,0.001992,-0.002781,-0.029316,0.001620,0.000303,0.000059,,0.000000,0.000000,0.000000,0.000000,0.000000,0.000000,0.000000,0.000000,0.000000,0.000000,0.000000,0.000000,0.000000,0.000000,0.000000,2.395798,0.000000,0.000000,0.000000,1.000000,0.000000,0.024186
45.854133,1,100629.000000,100628.000000,100634.000000,100632.000000,100632.000000,0.000000,0.000000,0.000000,0.000000,0.000000,299.040009,100629.687500,299.000732,0.000000,-45.759678,87.603065,-54.821301,0.002214,-0.001363,-0.035342,0.000568,0.000804,0.000198,,0.000000,0.000000,0.000000,0.000000,0.000000,0.000000,0.000000,0.000000,0.000000,0.000000,0.000000,0.000000,0.000000,0.000000,0.000000,2.396935,0.000000,0.000000,0.000000,1.000000,0.000000,0.023699
45.878513,1,100628.000000,100634.000000,100632.000000,100625.000000,100625.000000,0.000000,0.000000,0.000000,0.000000,0.000000,299.040009,100629.687500,299.000763,0.000000,-45.765541,87.605179,-54.826416,0.002609,-0.000801,-0.034416,-0.000147,0.002125,0.001463,,0.000000,0.000000,0.000000,0.000000,0.000000,0.000000,0.000000,0.000000,0.000000,0.000000,0.000000,0.000000,0.000000,0.000000,0.000000,2.394821,0.000000,0.000000,0.000000,1.000000,0.000000,0.024378
45.902184,1,100634.000000,100632.000000,100625.000000,100628.000000,100628.000000,0.000000,0.000000,0.000000,0.000000,0.000000,299.040009,100629.687500,299.000793,0.000000,-45.805462,87.606087,-54.865372,0.000644,0.010992,-0.027264,-0.000358,0.001868,0.000337,,0.000000,0.000000,0.000000,0.000000,0.000000,0.000000,0.000000,0.000000,0.000000,0.000000,0.000000,0.000000,0.000000,0.000000,0.000000,2.393913,0.000000,0.000000,0.000000,1.000000,0.000000,0.023670
45.930270,1,100632.000000,100625.000000,100628.000000,100630.000000,100630.000000,0.000000,0.000000,0.000000,0.000000,0.000000,299.029999,100629.687500,299.000793,0.000000,-45.773449,87.605431,-54.833977,0.004550,0.000097,-0.036700,0.001195,0.000074,0.000655,,0.000000,0.000000,0.000000,0.000000,0.000000,0.000000,0.000000,0.000000,0.000000,0.000000,0.000000,0.000000,0.000000,0.000000,0.000000,2.394569,0.000000,0.000000,0.000000,1.000000,0.000000,0.028096
45.958261,1,100625.000000,100628.000000,100630.000000,100624.000000,100624.000000,0.000000,0.000000,0.000000,0.000000,0.000000,299.029999,100629.679688,299.000824,0.000000,-45.768490,87.604942,-54.829788,0.000965,-0.008007,-0.029208,0.001570,0.000725,0.000572,,0.000000,0.000000,0.000000,0.000000,0.000000,0.000000,0.000000,0.000000,0.000000,0.000000,0.000000,0.000000,0.000000,0.000000,0.000000,2.395058,0.000000,0.000000,0.000000,1.000000,0.000000,0.027987
45.982244,1,100628.000000,100630.000000,100624.000000,100630.000000,100630.000000,0.000000,0.000000,0.000000,0.000000,0.000000,299.029999,100629.679688,299.000854,0.000000,-45.752541,87.603714,-54.817123,-0.013107,0.001152,-0.035271,-0.000384,0.001954,0.000782,,0.000000,0.000000,0.000000,0.000000,0.000000,0.000000,0.000000,0.000000,0.000000,0.000000,0.000000,0.000000,0.000000,0.000000,0.000000,2.396286,0.000000,0.000000,0.000000,1.000000,0.000000,0.024000
46.006414,1,100630.000000,100624.000000,100630.000000,100624.000000,100624.000000,0.000000,0.000000,0.000000,0.000000,0.000000,299.029999,100629.679688,299.000854,0.000000,-45.769760,87.604698,-54.831108,-0.001807,0.004754,-0.038193,-0.000464,0.002002,0.001072,,0.000000,0.000000,0.000000,0.000000,0.000000,0.000000,0.000000,0.000000,0.000000,0.000000,0.000000,0.000000,0.000000,0.000000,0.000000,2.395302,0.000000,0.000000,0.000000,1.000000,0.000000,0.024124
46.030044,1,100624.000000,100630.000000,100624.000000,100630.000000,100630.000000,0.000000,0.000000,0.000000,0.000000,0.000000,299.029999,100629.679688,299.000885,0.000000,-45.783611,87.606247,-54.843468,0.007731,-0.003659,-0.039387,-0.000752,0.001579,0.000996,,0.000000,0.000000,0.000000,0.000000,0.000000,0.000000,0.000000,0.000000,0.000000,0.000000,0.000000,0.000000,0.000000,0.000000,0.000000,2.393753,0.000000,0.000000,0.000000,1.000000,0.000000,0.023659
46.053863,1,100630.000000,100624.000000,100630.000000,100624.000000,100624.000000,0.000000,0.000000,0.000000,0.000000,0.000000,299.029999,100629.671875,299.000916,0.000000,-45.815475,87.608376,-54.872929,-0.010291,-0.000622,-0.033873,-0.001413,0.003384,0.000923,,0.000000,0.000000,0.000000,0.000000,0.000000,0.000000,0.000000,0.000000,0.000000,0.000000,0.000000,0.000000,0.000000,0.000000,0.000000,2.391624,0.000000,0.000000,0.000000,1.000000,0.000000,0.023813
46.082358,1,100624.000000,100630.000000,100624.000000,100630.000000,100630.000000,0.000000,0.000000,0.000000,0.000000,0.000000,299.029999,100629.671875,299.000916,0.000000,-45.770405,87.605507,-54.832050,-0.000963,-0.004303,-0.031273,0.001612,0.000246,0.000407,,0.000000,0.000000,0.000000,0.000000,0.000000,0.000000,0.000000,0.000000,0.000000,0.000000,0.000000,0.000000,0.000000,0.000000,0.000000,2.394493,0.000000,0.000000,0.000000,1.000000,0.000000,0.028486
46.106066,1,100630.000000,100624.000000,100630.000000,100627.000000,100627.000000,0.000000,0.000000,0.000000,0.000000,0.000000,299.029999,100629.671875,299.000946,0.000000,-45.757050,87.605431,-54.819111,0.003758,0.006009,-0.034317,0.001641,0.000470,0.000467,,0.000000,0.000000,0.000000,0.000000,0.000000,0.000000,0.000000,0.000000,0.000000,0.000000,0.000000,0.000000,0.000000,0.000000,0.000000,2.394569,0.000000,0.000000,0.000000,1.000000,0.000000,0.023708
46.130006,1,100624.000000,100630.000000,100627.000000,100629.000000,100629.000000,0.000000,0.000000,0.000000,0.000000,0.000000,299.029999,100629.671875,299.000977,0.000000,-45.763466,87.604782,-54.825901,0.000425,0.007212,-0.037630,0.000330,0.000823,0.000497,,0.000000,0.000000,0.000000,0.000000,0.000000,0.000000,0.000000,0.000000,0.000000,0.000000,0.000000,0.000000,0.000000,0.000000,0.000000,2.395218,0.000000,0.000000,0.000000,1.000000,0.000000,0.023905
46.158918,1,100630.000000,100627.000000,100629.000000,100622.000000,100622.000000,0.000000,0.000000,0.000000,0.000000,0.000000,299.029999,100629.664062,299.000977,0.000000,-45.794559,87.608536,-54.853836,0.000385,-0.007450,-0.030233,-0.000871,0.002468,0.000920,,0.000000,0.000000,0.000000,0.000000,0.000000,0.000000,0.000000,0.000000,0.000000,0.000000,0.000000,0.000000,0.000000,0.000000,0.000000,2.391464,0.000000,0.000000,0.000000,1.000000,0.000000,0.028899
46.183688,1,100627.000000,100629.000000,100622.000000,100627.000000,100627.000000,0.000000,0.000000,0.000000,0.000000,0.000000,299.029999,100629.664062,299.001007,0.000000,-45.812721,87.607887,-54.871357,-0.008273,0.004079,-0.027176,-0.000258,0.001304,0.000651,,0.000000,0.000000,0.000000,0.000000,0.000000,0.000000,0.000000,0.000000,0.000000,0.000000,0.000000,0.000000,0.000000,0.000000,0.000000,2.392113,0.000000,0.000000,0.000000,1.000000,0.000000,0.024779
46.207517,1,100629.000000,100622.000000,100627.000000,100623.000000,100623.000000,0.000000,0.000000,0.000000,0.000000,0.000000,299.029999,100629.656250,299.001007,0.000000,-45.783466,87.607475,-54.843403,-0.012354,0.003593,-0.031197,-0.000616,0.001406,0.000719,,0.000000,0.000000,0.000000,0.000000,0.000000,0.000000,0.000000,0.000000,0.000000,0.000000,0.000000,0.000000,0.000000,0.000000,0.000000,2.392525,0.000000,0.000000,0.000000,1.000000,0.000000,0.023878
46.232489,1,100622.000000,100627.000000,100623.000000,100627.000000,100627.000000,0.000000,0.000000,0.000000,0.000000,0.000000,299.029999,100629.656250,299.001038,0.000000,-45.772095,87.605835,-54.832451,0.004459,0.002184,-0.030950,0.000509,0.000830,0.000197,,0.000000,0.000000,0.000000,0.000000,0.000000,0.000000,0.000000,0.000000,0.000000,0.000000,0.000000,0.000000,0.000000,0.000000,0.000000,2.394165,0.000000,0.000000,0.000000,1.000000,0.000000,0.024964
46.256190,1,100627.000000,100623.000000,100627.000000,100632.000000,100632.000000,0.000000,0.000000,0.000000,0.000000,0.000000,299.029999,100629.656250,299.001068,0.000000,-45.781563,87.606247,-54.841248,0.001851,0.002807,-0.030787,-0.001071,0.002417,0.000700,,0.000000,0.000000,0.000000,0.000000,0.000000,0.000000,0.000000,0.000000,0.000000,0.000000,0.000000,0.000000,0.000000,0.000000,0.000000,2.393753,0.000000,0.000000,0.000000,1.000000,0.000000,0.023714
46.280431,1,100623.000000,100627.000000,100632.000000,100626.000000,100626.000000,0.000000,0.000000,0.000000,0.000000,0.000000,299.029999,100629.656250,299.001068,0.000000,-45.776493,87.606087,-54.835861,0.000723,0.001267,-0.030642,-0.001336,0.001830,0.000937,,0.000000,0.000000,0.000000,0.000000,0.000000,0.000000,0.000000,0.000000,0.000000,0.000000,0.000000,0.000000,0.000000,0.000000,0.000000,2.393913,0.000000,0.000000,0.000000,1.000000,0.000000,0.024239
46.304077,1,100627.000000,100632.000000,100626.000000,100624.000000,100624.000000,0.000000,0.000000,0.000000,0.000000,0.000000,299.029999,100629.656250,299.001099,0.000000,-45.811169,87.607719,-54.868664,-0.009699,-0.002209,-0.027823,-0.000393,0.001016,0.000659,,0.000000,0.000000,0.000000,0.000000,0.000000,0.000000,0.000000,0.000000,0.000000,0.000000,0.000000,0.000000,0.000000,0.000000,0.000000,2.392281,0.000000,0.000000,0.000000,1.000000,0.000000,0.023647
46.328444,1,100632.000000,100626.000000,100624.000000,100627.000000,100627.000000,0.000000,0.000000,0.000000,0.000000,0.000000,299.029999,100629.648438,299.001129,0.000000,-45.786121,87.606415,-54.842205,-0.004817,-0.009307,-0.040475,0.000397,0.000485,-0.000182,,0.000000,0.000000,0.000000,0.000000,0.000000,0.000000,0.000000,0.000000,0.000000,0.000000,0.000000,0.000000,0.000000,0.000000,0.000000,2.393585,0.000000,0.000000,0.000000,1.000000,0.000000,0.024358
46.352271,1,100626.000000,100624.000000,100627.000000,100629.000000,100629.000000,0.000000,0.000000,0.000000,0.000000,0.000000,299.029999,100629.648438,299.001129,0.000000,-45.804821,87.606987,-54.860954,-0.005984,0.006564,-0.030855,-0.001987,0.003225,0.001041,,0.000000,0.000000,0.000000,0.000000,0.000000,0.000000,0.000000,0.000000,0.000000,0.000000,0.000000,0.000000,0.000000,0.000000,0.000000,2.393013,0.000000,0.000000,0.000000,1.000000,0.000000,0.023834
46.378272,1,100624.000000,100627.000000,100629.000000,100625.000000,100625.000000,0.000000,0.000000,0.000000,0.000000,0.000000,299.029999,100629.648438,299.001160,0.000000,-45.812012,87.606743,-54.867409,0.000191,0.002825,-0.051453,0.000036,0.001483,0.000138,,0.000000,0.000000,0.000000,0.000000,0.000000,0.000000,0.000000,0.000000,0.000000,0.000000,0.000000,0.000000,0.000000,0.000000,0.000000,2.393257,0.000000,0.000000,0.000000,1.000000,0.000000,0.026014
46.402260,1,100627.000000,100629.000000,100625.000000,100629.000000,100629.000000,0.000000,0.000000,0.000000,0.000000,0.000000,299.029999,100629.648438,299.001190,0.000000,-45.829369,87.607559,-54.883602,0.006980,0.007808,-0.032476,-0.000528,0.002297,0.001190,,0.000000,0.000000,0.000000,0.000000,0.000000,0.000000,0.000000,0.000000,0.000000,0.000000,0.000000,0.000000,0.000000,0.000000,0.000000,2.392441,0.000000,0.000000,0.000000,1.000000,0.000000,0.023992
46.425777,1,100629.000000,100625.000000,100629.000000,100632.000000,100632.000000,0.000000,0.000000,0.000000,0.000000,0.000000,299.029999,100629.648438,299.001190,0.000000,-45.853405,87.608864,-54.905602,-0.002965,0.006821,-0.031425,-0.000050,0.001051,-0.000074,,0.000000,0.000000,0.000000,0.000000,0.000000,0.000000,0.000000,0.000000,0.000000,0.000000,0.000000,0.000000,0.000000,0.000000,0.000000,2.391136,0.000000,0.000000,0.000000,1.000000,0.000000,0.023514
46.449277,1,100625.000000,100629.000000,100632.000000,100627.000000,100627.000000,0.000000,0.000000,0.000000,0.000000,0.000000,299.040009,100629.648438,299.001221,0.000000,-45.863083,87.608780,-54.916489,-0.008235,-0.000979,-0.031475,0.000779,0.000643,0.000840,,0.000000,0.000000,0.000000,0.000000,0.000000,0.000000,0.000000,0.000000,0.000000,0.000000,0.000000,0.000000,0.000000,0.000000,0.000000,2.391220,0.000000,0.000000,0.000000,1.000000,0.000000,0.023499
46.472978,1,100629.000000,100632.000000,100627.000000,100628.000000,100628.000000,0.000000,0.000000,0.000000,0.000000,0.000000,299.040009,100629.648438,299.001251,0.000000,-45.830711,87.606491,-54.885765,0.000647,-0.004423,-0.030994,0.001414,0.000171,0.000356,,0.000000,0.000000,0.000000,0.000000,0.000000,0.000000,0.000000,0.000000,0.000000,0.000000,0.000000,0.000000,0.000000,0.000000,0.000000,2.393509,0.000000,0.000000,0.000000,1.000000,0.000000,0.023692
46.496542,1,100632.000000,100627.000000,100628.000000,100626.000000,100626.000000,0.000000,0.000000,0.000000,0.000000,0.000000,299.040009,100629.640625,299.001282,0.000000,-45.796795,87.604858,-54.854874,-0.004427,0.005949,-0.029174,-0.000054,0.001425,0.000620,,0.000000,0.000000,0.000000,0.000000,0.000000,0.000000,0.000000,0.000000,0.000000,0.000000,0.000000,0.000000,0.000000,0.000000,0.000000,2.395142,0.000000,0.000000,0.000000,1.000000,0.000000,0.023555
46.520102,1,100627.000000,100628.000000,100626.000000,100624.000000,100624.000000,0.000000,0.000000,0.000000,0.000000,0.000000,299.040009,100629.640625,299.001312,0.000000,-45.816677,87.607071,-54.872974,-0.004682,0.008348,-0.035274,-0.000283,0.002395,0.000780,,0.000000,0.000000,0.000000,0.000000,0.000000,0.000000,0.000000,0.000000,0.000000,0.000000,0.000000,0.000000,0.000000,0.000000,0.000000,2.392929,0.000000,0.000000,0.000000,1.000000,0.000000,0.023583
46.543610,1,100628.000000,100626.000000,100624.000000,100626.000000,100626.000000,0.000000,0.000000,0.000000,0.000000,0.000000,299.040009,100629.640625,299.001343,0.000000,-45.844368,87.608948,-54.898567,-0.001290,0.008073,-0.039885,-0.001013,0.002152,0.000968,,0.000000,0.000000,0.000000,0.000000,0.000000,0.000000,0.000000,0.000000,0.000000,0.000000,0.000000,0.000000,0.000000,0.000000,0.000000,2.391052,0.000000,0.000000,0.000000,1.000000,0.000000,0.023490
46.567196,1,100626.000000,100624.000000,100626.000000,100630.000000,100630.000000,0.000000,0.000000,0.000000,0.000000,0.000000,299.040009,100629.640625,299.001343,0.000000,-45.820889,87.607231,-54.877563,0.003288,-0.002746,-0.032106,0.000227,0.001881,0.000372,,0.000000,0.000000,0.000000,0.000000,0.000000,0.000000,0.000000,0.000000,0.000000,0.000000,0.000000,0.000000,0.000000,0.000000,0.000000,2.392769,0.000000,0.000000,0.000000,1.000000,0.000000,0.023577
46.590754,1,100624.000000,100626.000000,100630.000000,100627.000000,100627.000000,0.000000,0.000000,0.000000,0.000000,0.000000,299.040009,100629.632812,299.001373,0.000000,-45.829807,87.606987,-54.886921,0.001402,0.001450,-0.043388,0.000915,0.000183,0.000157,,0.000000,0.000000,0.000000,0.000000,0.000000,0.000000,0.000000,0.000000,0.000000,0.000000,0.000000,0.000000,0.000000,0.000000,0.000000,2.393013,0.000000,0.000000,0.000000,1.000000,0.000000,0.023559
46.614521,1,100626.000000,100630.000000,100627.000000,100624.000000,100624.000000,0.000000,0.000000,0.000000,0.000000,0.000000,299.040009,100629.632812,299.001404,0.000000,-45.795456,87.605019,-54.853867,-0.010598,0.006905,-0.036253,0.000636,0.000733,0.000142,,0.000000,0.000000,0.000000,0.000000,0.000000,0.000000,0.000000,0.000000,0.000000,0.000000,0.000000,0.000000,0.000000,0.000000,0.000000,2.394981,0.000000,0.000000,0.000000,1.000000,0.000000,0.023599
46.638491,1,100630.000000,100627.000000,100624.000000,100632.000000,100632.000000,0.000000,0.000000,0.000000,0.000000,0.000000,299.049988,100629.632812,299.001434,0.000000,-45.802368,87.604858,-54.860191,-0.001759,0.001955,-0.031186,-0.000623,0.001257,0.000801,,0.000000,0.000000,0.000000,0.000000,0.000000,0.000000,0.000000,0.000000,0.000000,0.000000,0.000000,0.000000,0.000000,0.000000,0.000000,2.395142,0.000000,0.000000,0.000000,1.000000,0.000000,0.024050
46.666255,1,100627.000000,100624.000000,100632.000000,100622.000000,100622.000000,0.000000,0.000000,0.000000,0.000000,0.000000,299.040009,100629.625000,299.001465,0.000000,-45.849743,87.607071,-54.906075,-0.004860,0.011259,-0.036999,-0.000762,0.002581,0.000679,,0.000000,0.000000,0.000000,0.000000,0.000000,0.000000,0.000000,0.000000,0.000000,0.000000,0.000000,0.000000,0.000000,0.000000,0.000000,2.392929,0.000000,0.000000,0.000000,1.000000,0.000000,0.027837
46.689844,1,100624.000000,100632.000000,100622.000000,100627.000000,100627.000000,0.000000,0.000000,0.000000,0.000000,0.000000,299.040009,100629.625000,299.001495,0.000000,-45.871857,87.608620,-54.926834,0.002597,-0.003220,-0.041674,-0.000339,0.002464,0.001275,,0.000000,0.000000,0.000000,0.000000,0.000000,0.000000,0.000000,0.000000,0.000000,0.000000,0.000000,0.000000,0.000000,0.000000,0.000000,2.391380,0.000000,0.000000,0.000000,1.000000,0.000000,0.023627
46.714188,1,100632.000000,100622.000000,100627.000000,100633.000000,100633.000000,0.000000,0.000000,0.000000,0.000000,0.000000,299.040009,100629.625000,299.001526,0.000000,-45.868008,87.608536,-54.924183,0.003422,-0.003278,-0.034246,0.000994,0.001094,0.000708,,0.000000,0.000000,0.000000,0.000000,0.000000,0.000000,0.000000,0.000000,0.000000,0.000000,0.000000,0.000000,0.000000,0.000000,0.000000,2.391464,0.000000,0.000000,0.000000,1.000000,0.000000,0.024357
46.742083,1,100622.000000,100627.000000,100633.000000,100626.000000,100626.000000,0.000000,0.000000,0.000000,0.000000,0.000000,299.029999,100629.625000,299.001526,0.000000,-45.824581,87.606903,-54.882278,-0.000379,0.000490,-0.033873,0.000740,0.000309,0.000749,,0.000000,0.000000,0.000000,0.000000,0.000000,0.000000,0.000000,0.000000,0.000000,0.000000,0.000000,0.000000,0.000000,0.000000,0.000000,2.393097,0.000000,0.000000,0.000000,1.000000,0.000000,0.027879
46.765478,1,100627.000000,100633.000000,100626.000000,100629.000000,100629.000000,0.000000,0.000000,0.000000,0.000000,0.000000,299.029999,100629.625000,299.001556,0.000000,-45.839645,87.606987,-54.896664,-0.003807,0.005073,-0.032675,-0.000005,0.000941,0.000254,,0.000000,0.000000,0.000000,0.000000,0.000000,0.000000,0.000000,0.000000,0.000000,0.000000,0.000000,0.000000,0.000000,0.000000,0.000000,2.393013,0.000000,0.000000,0.000000,1.000000,0.000000,0.023402
46.788878,1,100633.000000,100626.000000,100629.000000,100631.000000,100631.000000,0.000000,0.000000,0.000000,0.000000,0.000000,299.029999,100629.625000,299.001587,0.000000,-45.830090,87.607071,-54.886467,-0.009351,0.001562,-0.037878,-0.001201,0.002298,0.001027,,0.000000,0.000000,0.000000,0.000000,0.000000,0.000000,0.000000,0.000000,0.000000,0.000000,0.000000,0.000000,0.000000,0.000000,0.000000,2.392929,0.000000,0.000000,0.000000,1.000000,0.000000,0.023394
46.812282,1,100626.000000,100629.000000,100631.000000,100632.000000,100632.000000,0.000000,0.000000,0.000000,0.000000,0.000000,299.040009,100629.625000,299.001587,0.000000,-45.872341,87.609192,-54.926239,0.006222,-0.002704,-0.040007,-0.000602,0.001630,0.000053,,0.000000,0.000000,0.000000,0.000000,0.000000,0.000000,0.000000,0.000000,0.000000,0.000000,0.000000,0.000000,0.000000,0.000000,0.000000,2.390808,0.000000,0.000000,0.000000,1.000000,0.000000,0.023402
46.835773,1,100629.000000,100631.000000,100632.000000,100630.000000,100630.000000,0.000000,0.000000,0.000000,0.000000,0.000000,299.040009,100629.625000,299.001617,0.000000,-45.845894,87.608124,-54.900024,0.003879,0.002623,-0.024179,0.001310,0.000358,0.001187,,0.000000,0.000000,0.000000,0.000000,0.000000,0.000000,0.000000,0.000000,0.000000,0.000000,0.000000,0.000000,0.000000,0.000000,0.000000,2.391876,0.000000,0.000000,0.000000,1.000000,0.000000,0.023498
46.859263,1,100631.000000,100632.000000,100630.000000,100624.000000,100624.000000,0.000000,0.000000,0.000000,0.000000,0.000000,299.040009,100629.625000,299.001648,0.000000,-45.811794,87.606415,-54.868469,0.003268,0.004069,-0.031721,0.000091,0.001272,0.000818,,0.000000,0.000000,0.000000,0.000000,0.000000,0.000000,0.000000,0.000000,0.000000,0.000000,0.000000,0.000000,0.000000,0.000000,0.000000,2.393585,0.000000,0.000000,0.000000,1.000000,0.000000,0.023491
46.882748,1,100632.000000,100630.000000,100624.000000,100621.000000,100621.000000,0.000000,0.000000,0.000000,0.000000,0.000000,299.040009,100629.617188,299.001678,0.000000,-45.835419,87.606163,-54.891941,0.001899,0.009366,-0.034607,0.000432,0.001361,0.000243,,0.000000,0.000000,0.000000,0.000000,0.000000,0.000000,0.000000,0.000000,0.000000,0.000000,0.000000,0.000000,0.000000,0.000000,0.000000,2.393837,0.000000,0.000000,0.000000,1.000000,0.000000,0.023473
46.906222,1,100630.000000,100624.000000,100621.000000,100626.000000,100626.000000,0.000000,0.000000,0.000000,0.000000,0.000000,299.040009,100629.617188,299.001709,0.000000,-45.852119,87.607147,-54.907593,0.004621,0.007983,-0.036600,-0.000743,0.002035,0.000453,,0.000000,0.000000,0.000000,0.000000,0.000000,0.000000,0.000000,0.000000,0.000000,0.000000,0.000000,0.000000,0.000000,0.000000,0.000000,2.392853,0.000000,0.000000,0.000000,1.000000,0.000000,0.023486
46.929611,1,100624.000000,100621.000000,100626.000000,100628.000000,100628.000000,0.000000,0.000000,0.000000,0.000000,0.000000,299.040009,100629.617188,299.001740,0.000000,-45.873146,87.608376,-54.927208,0.001511,-0.005236,-0.037360,0.000379,0.001418,0.000783,,0.000000,0.000000,0.000000,0.000000,0.000000,0.000000,0.000000,0.000000,0.000000,0.000000,0.000000,0.000000,0.000000,0.000000,0.000000,2.391624,0.000000,0.000000,0.000000,1.000000,0.000000,0.023392
46.953006,1,100621.000000,100626.000000,100628.000000,100631.000000,100631.000000,0.000000,0.000000,0.000000,0.000000,0.000000,299.040009,100629.617188,299.001740,0.000000,-45.873299,87.608620,-54.927212,0.001709,-0.003369,-0.037849,0.000452,0.001536,0.000543,,0.000000,0.000000,0.000000,0.000000,0.000000,0.000000,0.000000,0.000000,0.000000,0.000000,0.000000,0.000000,0.000000,0.000000,0.000000,2.391380,0.000000,0.000000,0.000000,1.000000,0.000000,0.023400
46.976395,1,100626.000000,100628.000000,100631.000000,100626.000000,100626.000000,0.000000,0.000000,0.000000,0.000000,0.000000,299.049988,100629.617188,299.001770,0.000000,-45.853634,87.608124,-54.909206,0.004836,0.002761,-0.031796,0.001214,0.000705,0.000246,,0.000000,0.000000,0.000000,0.000000,0.000000,0.000000,0.000000,0.000000,0.000000,0.000000,0.000000,0.000000,0.000000,0.000000,0.000000,2.391876,0.000000,0.000000,0.000000,1.000000,0.000000,0.023378
46.999869,1,100628.000000,100631.000000,100626.000000,100622.000000,100622.000000,0.000000,0.000000,0.000000,0.000000,0.000000,299.040009,100629.609375,299.001801,0.000000,-45.828735,87.607071,-54.885376,0.002421,0.004463,-0.039341,0.001743,-0.000100,0.000674,,0.000000,0.000000,0.000000,0.000000,0.000000,0.000000,0.000000,0.000000,0.000000,0.000000,0.000000,0.000000,0.000000,0.000000,0.000000,2.392929,0.000000,0.000000,0.000000,1.000000,0.000000,0.023477
47.023348,1,100631.000000,100626.000000,100622.000000,100630.000000,100630.000000,0.000000,0.000000,0.000000,0.000000,0.000000,299.049988,100629.609375,299.001831,0.000000,-45.866261,87.607719,-54.921406,0.004465,0.010549,-0.038549,-0.000457,0.001641,0.000318,,0.000000,0.000000,0.000000,0.000000,0.000000,0.000000,0.000000,0.000000,0.000000,0.000000,0.000000,0.000000,0.000000,0.000000,0.000000,2.392281,0.000000,0.000000,0.000000,1.000000,0.000000,0.023483
47.046807,1,100626.000000,100622.000000,100630.000000,100627.000000,100627.000000,0.000000,0.000000,0.000000,0.000000,0.000000,299.049988,100629.609375,299.001862,0.000000,-45.864834,87.608452,-54.917896,0.003232,0.002534,-0.039568,-0.001142,0.002073,0.000964,,0.000000,0.000000,0.000000,0.000000,0.000000,0.000000,0.000000,0.000000,0.000000,0.000000,0.000000,0.000000,0.000000,0.000000,0.000000,2.391548,0.000000,0.000000,0.000000,1.000000,0.000000,0.023463
47.070219,1,100622.000000,100630.000000,100627.000000,100625.000000,100625.000000,0.000000,0.000000,0.000000,0.000000,0.000000,299.049988,100629.601562,299.001892,0.000000,-45.899014,87.609024,-54.952091,0.005618,-0.002142,-0.033720,0.000327,0.001672,0.000584,,0.000000,0.000000,0.000000,0.000000,0.000000,0.000000,0.000000,0.000000,0.000000,0.000000,0.000000,0.000000,0.000000,0.000000,0.000000,2.390976,0.000000,0.000000,0.000000,1.000000,0.000000,0.023384
47.093689,1,100630.000000,100627.000000,100625.000000,100623.000000,100623.000000,0.000000,0.000000,0.000000,0.000000,0.000000,299.049988,100629.601562,299.001923,0.000000,-45.865219,87.608047,-54.919365,0.003769,0.004130,-0.035320,0.001094,0.000452,0.000718,,0.000000,0.000000,0.000000,0.000000,0.000000,0.000000,0.000000,0.000000,0.000000,0.000000,0.000000,0.000000,0.000000,0.000000,0.000000,2.391953,0.000000,0.000000,0.000000,1.000000,0.000000,0.023449
47.117215,1,100627.000000,100625.000000,100623.000000,100629.000000,100629.000000,0.000000,0.000000,0.000000,0.000000,0.000000,299.049988,100629.601562,299.001984,0.000000,-45.847710,87.608376,-54.902363,0.001775,0.003654,-0.043094,-0.000503,0.001965,0.001083,,0.000000,0.000000,0.000000,0.000000,0.000000,0.000000,0.000000,0.000000,0.000000,0.000000,0.000000,0.000000,0.000000,0.000000,0.000000,2.391624,0.000000,0.000000,0.000000,1.000000,0.000000,0.023498
47.140788,1,100625.000000,100623.000000,100629.000000,100622.000000,100622.000000,0.000000,0.000000,0.000000,0.000000,0.000000,299.049988,100629.593750,299.002014,0.000000,-45.840431,87.607147,-54.895336,0.001728,0.004328,-0.037592,0.000770,0.000495,0.000504,,0.000000,0.000000,0.000000,0.000000,0.000000,0.000000,0.000000,0.000000,0.000000,0.000000,0.000000,0.000000,0.000000,0.000000,0.000000,2.392853,0.000000,0.000000,0.000000,1.000000,0.000000,0.023582
47.164473,1,100623.000000,100629.000000,100622.000000,100625.000000,100625.000000,0.000000,0.000000,0.000000,0.000000,0.000000,299.049988,100629.593750,299.002045,0.000000,-45.863911,87.610260,-54.916321,0.003955,0.002960,-0.036755,-0.001272,0.002547,0.001323,,0.000000,0.000000,0.000000,0.000000,0.000000,0.000000,0.000000,0.000000,0.000000,0.000000,0.000000,0.000000,0.000000,0.000000,0.000000,2.389740,0.000000,0.000000,0.000000,1.000000,0.000000,0.023705
47.188070,1,100629.000000,100622.000000,100625.000000,100628.000000,100628.000000,0.000000,0.000000,0.000000,0.000000,0.000000,299.049988,100629.593750,299.002075,0.000000,-45.893982,87.611160,-54.945202,0.002109,0.010942,-0.035034,-0.000942,0.002815,0.000686,,0.000000,0.000000,0.000000,0.000000,0.000000,0.000000,0.000000,0.000000,0.000000,0.000000,0.000000,0.000000,0.000000,0.000000,0.000000,2.388840,0.000000,0.000000,0.000000,1.000000,0.000000,0.023634
47.214219,1,100622.000000,100625.000000,100628.000000,100628.000000,100628.000000,0.000000,0.000000,0.000000,0.000000,0.000000,299.049988,100629.585938,299.002106,0.000000,-45.897545,87.611977,-54.947758,-0.005639,0.005655,-0.032143,-0.001035,0.002716,0.001222,,0.000000,0.000000,0.000000,0.000000,0.000000,0.000000,0.000000,0.000000,0.000000,0.000000,0.000000,0.000000,0.000000,0.000000,0.000000,2.388023,0.000000,0.000000,0.000000,1.000000,0.000000,0.026161
47.238174,1,100625.000000,100628.000000,100628.000000,100625.000000,100625.000000,0.000000,0.000000,0.000000,0.000000,0.000000,299.049988,100629.585938,299.002136,0.000000,-45.859371,87.609764,-54.911354,-0.003255,0.002679,-0.036925,0.001423,-0.000346,0.000446,,0.000000,0.000000,0.000000,0.000000,0.000000,0.000000,0.000000,0.000000,0.000000,0.000000,0.000000,0.000000,0.000000,0.000000,0.000000,2.390236,0.000000,0.000000,0.000000,1.000000,0.000000,0.023945
47.261624,1,100628.000000,100628.000000,100625.000000,100627.000000,100627.000000,0.000000,0.000000,0.000000,0.000000,0.000000,299.040009,100629.585938,299.002167,0.000000,-45.845791,87.608452,-54.898575,0.002508,0.001945,-0.024332,0.001297,0.000191,0.000249,,0.000000,0.000000,0.000000,0.000000,0.000000,0.000000,0.000000,0.000000,0.000000,0.000000,0.000000,0.000000,0.000000,0.000000,0.000000,2.391548,0.000000,0.000000,0.000000,1.000000,0.000000,0.023411
47.285245,1,100628.000000,100625.000000,100627.000000,100627.000000,100627.000000,0.000000,0.000000,0.000000,0.000000,0.000000,299.049988,100629.585938,299.002197,0.000000,-45.831367,87.607971,-54.884853,0.001800,-0.003319,-0.025047,0.002080,0.000277,-0.000399,,0.000000,0.000000,0.000000,0.000000,0.000000,0.000000,0.000000,0.000000,0.000000,0.000000,0.000000,0.000000,0.000000,0.000000,0.000000,2.392029,0.000000,0.000000,0.000000,1.000000,0.000000,0.023627
47.308804,1,100625.000000,100627.000000,100627.000000,100624.000000,100624.000000,0.000000,0.000000,0.000000,0.000000,0.000000,299.049988,100629.578125,299.002228,0.000000,-45.855965,87.609108,-54.906891,0.004104,0.005299,-0.039499,-0.001340,0.001918,0.001023,,0.000000,0.000000,0.000000,0.000000,0.000000,0.000000,0.000000,0.000000,0.000000,0.000000,0.000000,0.000000,0.000000,0.000000,0.000000,2.390892,0.000000,0.000000,0.000000,1.000000,0.000000,0.023584
47.332306,1,100627.000000,100627.000000,100624.000000,100625.000000,100625.000000,0.000000,0.000000,0.000000,0.000000,0.000000,299.049988,100629.578125,299.002258,0.000000,-45.848801,87.609352,-54.898766,0.003060,0.001313,-0.032511,-0.000716,0.001326,0.000476,,0.000000,0.000000,0.000000,0.000000,0.000000,0.000000,0.000000,0.000000,0.000000,0.000000,0.000000,0.000000,0.000000,0.000000,0.000000,2.390648,0.000000,0.000000,0.000000,1.000000,0.000000,0.023511
47.355807,1,100627.000000,100624.000000,100625.000000,100624.000000,100624.000000,0.000000,0.000000,0.000000,0.000000,0.000000,299.049988,100629.570312,299.002289,0.000000,-45.838211,87.608948,-54.888275,0.000588,-0.004055,-0.029388,-0.000461,0.002041,0.001231,,0.000000,0.000000,0.000000,0.000000,0.000000,0.000000,0.000000,0.000000,0.000000,0.000000,0.000000,0.000000,0.000000,0.000000,0.000000,2.391052,0.000000,0.000000,0.000000,1.000000,0.000000,0.023498
47.379310,1,100624.000000,100625.000000,100624.000000,100626.000000,100626.000000,0.000000,0.000000,0.000000,0.000000,0.000000,299.049988,100629.570312,299.002319,0.000000,-45.825752,87.608292,-54.877941,-0.002341,-0.011219,-0.036354,0.001667,0.000363,0.000150,,0.000000,0.000000,0.000000,0.000000,0.000000,0.000000,0.000000,0.000000,0.000000,0.000000,0.000000,0.000000,0.000000,0.000000,0.000000,2.391708,0.000000,0.000000,0.000000,1.000000,0.000000,0.023510
47.402781,1,100625.000000,100624.000000,100626.000000,100627.000000,100627.000000,0.000000,0.000000,0.000000,0.000000,0.000000,299.049988,100629.570312,299.002350,0.000000,-45.802448,87.608292,-54.854511,-0.018766,0.002009,-0.031878,0.000116,0.001453,0.000985,,0.000000,0.000000,0.000000,0.000000,0.000000,0.000000,0.000000,0.000000,0.000000,0.000000,0.000000,0.000000,0.000000,0.000000,0.000000,2.391708,0.000000,0.000000,0.000000,1.000000,0.000000,0.023467
47.426246,1,100624.000000,100626.000000,100627.000000,100623.000000,100623.000000,0.000000,0.000000,0.000000,0.000000,0.000000,299.049988,100629.562500,299.002380,0.000000,-45.842724,87.609520,-54.892746,-0.008223,0.000152,-0.025400,-0.000995,0.002108,0.000452,,0.000000,0.000000,0.000000,0.000000,0.000000,0.000000,0.000000,0.000000,0.000000,0.000000,0.000000,0.000000,0.000000,0.000000,0.000000,2.390480,0.000000,0.000000,0.000000,1.000000,0.000000,0.023466
47.449724,1,100626.000000,100627.000000,100623.000000,100625.000000,100625.000000,0.000000,0.000000,0.000000,0.000000,0.000000,299.049988,100629.562500,299.002411,0.000000,-45.843807,87.610336,-54.892868,0.004231,0.004191,-0.030680,-0.000811,0.002524,0.000470,,0.000000,0.000000,0.000000,0.000000,0.000000,0.000000,0.000000,0.000000,0.000000,0.000000,0.000000,0.000000,0.000000,0.000000,0.000000,2.389664,0.000000,0.000000,0.000000,1.000000,0.000000,0.023479
47.475535,1,100627.000000,100623.000000,100625.000000,100628.000000,100628.000000,0.000000,0.000000,0.000000,0.000000,0.000000,299.049988,100629.562500,299.002441,0.000000,-45.840088,87.610832,-54.889812,-0.002045,0.014347,-0.033440,0.000804,0.000475,0.000565,,0.000000,0.000000,0.000000,0.000000,0.000000,0.000000,0.000000,0.000000,0.000000,0.000000,0.000000,0.000000,0.000000,0.000000,0.000000,2.389168,0.000000,0.000000,0.000000,1.000000,0.000000,0.024012
47.499078,1,100623.000000,100625.000000,100628.000000,100627.000000,100627.000000,0.000000,0.000000,0.000000,0.000000,0.000000,299.049988,100629.562500,299.002472,0.000000,-45.821774,87.608620,-54.872921,-0.000621,0.014331,-0.038452,0.000187,0.000762,0.000318,,0.000000,0.000000,0.000000,0.000000,0.000000,0.000000,0.000000,0.000000,0.000000,0.000000,0.000000,0.000000,0.000000,0.000000,0.000000,2.391380,0.000000,0.000000,0.000000,1.000000,0.000000,0.025277
47.522815,1,100625.000000,100628.000000,100627.000000,100630.000000,100630.000000,0.000000,0.000000,0.000000,0.000000,0.000000,299.049988,100629.562500,299.002502,0.000000,-45.817894,87.607475,-54.868420,0.003759,-0.000676,-0.043763,0.001170,-0.000104,-0.000132,,0.000000,0.000000,0.000000,0.000000,0.000000,0.000000,0.000000,0.000000,0.000000,0.000000,0.000000,0.000000,0.000000,0.000000,0.000000,2.392525,0.000000,0.000000,0.000000,1.000000,0.000000,0.023750
47.546433,1,100628.000000,100627.000000,100630.000000,100624.000000,100624.000000,0.000000,0.000000,0.000000,0.000000,0.000000,299.049988,100629.554688,299.002533,0.000000,-45.832623,87.607971,-54.882793,-0.000112,-0.012536,-0.033298,-0.000660,0.001701,0.000577,,0.000000,0.000000,0.000000,0.000000,0.000000,0.000000,0.000000,0.000000,0.000000,0.000000,0.000000,0.000000,0.000000,0.000000,0.000000,2.392029,0.000000,0.000000,0.000000,1.000000,0.000000,0.023629
47.570177,1,100627.000000,100630.000000,100624.000000,100631.000000,100631.000000,0.000000,0.000000,0.000000,0.000000,0.000000,299.049988,100629.554688,299.002563,0.000000,-45.850208,87.609192,-54.899166,-0.011918,-0.004860,-0.028002,-0.000630,0.002599,0.001116,,0.000000,0.000000,0.000000,0.000000,0.000000,0.000000,0.000000,0.000000,0.000000,0.000000,0.000000,0.000000,0.000000,0.000000,0.000000,2.390808,0.000000,0.000000,0.000000,1.000000,0.000000,0.023750
47.593868,1,100630.000000,100624.000000,100631.000000,100629.000000,100629.000000,0.000000,0.000000,0.000000,0.000000,0.000000,299.049988,100629.554688,299.002594,0.000000,-45.811699,87.607559,-54.861633,-0.009739,0.012741,-0.042192,0.000635,0.001072,0.000622,,0.000000,0.000000,0.000000,0.000000,0.000000,0.000000,0.000000,0.000000,0.000000,0.000000,0.000000,0.000000,0.000000,0.000000,0.000000,2.392441,0.000000,0.000000,0.000000,1.000000,0.000000,0.023704
47.618611,1,100624.000000,100631.000000,100629.000000,100623.000000,100623.000000,0.000000,0.000000,0.000000,0.000000,0.000000,299.049988,100629.554688,299.002625,0.000000,-45.794369,87.605675,-54.845268,0.017910,0.020484,-0.021379,0.000427,0.000348,0.000237,,0.000000,0.000000,0.000000,0.000000,0.000000,0.000000,0.000000,0.000000,0.000000,0.000000,0.000000,0.000000,0.000000,0.000000,0.000000,2.394325,0.000000,0.000000,0.000000,1.000000,0.000000,0.024714
47.648684,1,100631.000000,100629.000000,100623.000000,100634.000000,100634.000000,0.000000,0.000000,0.000000,0.000000,0.000000,299.049988,100629.554688,299.002655,0.000000,-45.781506,87.604530,-54.832916,0.009967,-0.007039,-0.041327,0.000808,0.000843,0.000118,,0.000000,0.000000,0.000000,0.000000,0.000000,0.000000,0.000000,0.000000,0.000000,0.000000,0.000000,0.000000,0.000000,0.000000,0.000000,2.395470,0.000000,0.000000,0.000000,1.000000,0.000000,0.029903
47.685642,1,100629.000000,100623.000000,100634.000000,100625.000000,100625.000000,0.000000,0.000000,0.000000,0.000000,0.000000,299.019989,100629.554688,299.002655,0.000000,-45.827904,87.605835,-54.877491,-0.008569,-0.010096,-0.040827,0.000011,0.002786,0.000575,,0.000000,0.000000,0.000000,0.000000,0.000000,0.000000,0.000000,0.000000,0.000000,0.000000,0.000000,0.000000,0.000000,0.000000,0.000000,2.394165,0.000000,0.000000,0.000000,1.000000,0.000000,0.036977
47.713493,1,100623.000000,100634.000000,100625.000000,100623.000000,100623.000000,0.000000,0.000000,0.000000,0.000000,0.000000,299.019989,100629.546875,299.002686,0.000000,-45.839851,87.607559,-54.889595,-0.012917,0.002010,-0.027975,-0.000563,0.003309,0.000710,,0.000000,0.000000,0.000000,0.000000,0.000000,0.000000,0.000000,0.000000,0.000000,0.000000,0.000000,0.000000,0.000000,0.000000,0.000000,2.392441,0.000000,0.000000,0.000000,1.000000,0.000000,0.027888
47.740141,1,100634.000000,100625.000000,100623.000000,100627.000000,100627.000000,0.000000,0.000000,0.000000,0.000000,0.000000,299.019989,100629.546875,299.002686,0.000000,-45.855743,87.609108,-54.904362,0.016944,0.014761,-0.027910,0.000430,0.001044,0.000568,,0.000000,0.000000,0.000000,0.000000,0.000000,0.000000,0.000000,0.000000,0.000000,0.000000,0.000000,0.000000,0.000000,0.000000,0.000000,2.390892,0.000000,0.000000,0.000000,1.000000,0.000000,0.026558
47.769702,1,100625.000000,100623.000000,100627.000000,100626.000000,100626.000000,0.000000,0.000000,0.000000,0.000000,0.000000,299.019989,100629.546875,299.002686,0.000000,-45.832245,87.606331,-54.884449,-0.002043,0.000299,-0.041256,0.001911,0.000664,-0.000075,,0.000000,0.000000,0.000000,0.000000,0.000000,0.000000,0.000000,0.000000,0.000000,0.000000,0.000000,0.000000,0.000000,0.000000,0.000000,2.393669,0.000000,0.000000,0.000000,1.000000,0.000000,0.027407
47.796917,1,100623.000000,100627.000000,100626.000000,100622.000000,100622.000000,0.000000,0.000000,0.000000,0.000000,0.000000,299.010010,100629.539062,299.002716,0.000000,-45.842091,87.607071,-54.895519,-0.029355,0.004241,-0.034245,-0.000474,0.002332,0.000360,,0.000000,0.000000,0.000000,0.000000,0.000000,0.000000,0.000000,0.000000,0.000000,0.000000,0.000000,0.000000,0.000000,0.000000,0.000000,2.392929,0.000000,0.000000,0.000000,1.000000,0.000000,0.029459
47.826055,1,100627.000000,100626.000000,100622.000000,100629.000000,100629.000000,0.000000,0.000000,0.000000,0.000000,0.000000,299.010010,100629.539062,299.002716,0.000000,-45.846096,87.606575,-54.898743,-0.008120,0.000778,-0.038115,-0.001157,0.001871,0.000395,,0.000000,0.000000,0.000000,0.000000,0.000000,0.000000,0.000000,0.000000,0.000000,0.000000,0.000000,0.000000,0.000000,0.000000,0.000000,2.393425,0.000000,0.000000,0.000000,1.000000,0.000000,0.029168
47.854327,1,100626.000000,100622.000000,100629.000000,100626.000000,100626.000000,0.000000,0.000000,0.000000,0.000000,0.000000,299.010010,100629.539062,299.002716,0.000000,-45.860344,87.607887,-54.911079,0.007315,0.006528,-0.028521,-0.001020,0.001862,0.000242,,0.000000,0.000000,0.000000,0.000000,0.000000,0.000000,0.000000,0.000000,0.000000,0.000000,0.000000,0.000000,0.000000,0.000000,0.000000,2.392113,0.000000,0.000000,0.000000,1.000000,0.000000,0.028383
47.883936,1,100622.000000,100629.000000,100626.000000,100621.000000,100621.000000,0.000000,0.000000,0.000000,0.000000,0.000000,299.000000,100629.531250,299.002716,0.000000,-45.834476,87.605835,-54.888695,-0.005763,0.003421,-0.036605,0.002068,0.000422,0.000281,,0.000000,0.000000,0.000000,0.000000,0.000000,0.000000,0.000000,0.000000,0.000000,0.000000,0.000000,0.000000,0.000000,0.000000,0.000000,2.394165,0.000000,0.000000,0.000000,1.000000,0.000000,0.029570
47.907595,1,100629.000000,100626.000000,100621.000000,100627.000000,100627.000000,0.000000,0.000000,0.000000,0.000000,0.000000,299.010010,100629.531250,299.002716,0.000000,-45.820667,87.605179,-54.877407,-0.030115,-0.004220,-0.044682,0.001898,0.000490,0.000110,,0.000000,0.000000,0.000000,0.000000,0.000000,0.000000,0.000000,0.000000,0.000000,0.000000,0.000000,0.000000,0.000000,0.000000,0.000000,2.394821,0.000000,0.000000,0.000000,1.000000,0.000000,0.023699
47.938142,1,100626.000000,100621.000000,100627.000000,100624.000000,100624.000000,0.000000,0.000000,0.000000,0.000000,0.000000,299.010010,100629.523438,299.002716,0.000000,-45.823734,87.605019,-54.880802,-0.011912,0.004703,-0.030062,0.000626,0.001004,0.000061,,0.000000,0.000000,0.000000,0.000000,0.000000,0.000000,0.000000,0.000000,0.000000,0.000000,0.000000,0.000000,0.000000,0.000000,0.000000,2.394981,0.000000,0.000000,0.000000,1.000000,0.000000,0.030450
47.961780,1,100621.000000,100627.000000,100624.000000,100629.000000,100629.000000,0.000000,0.000000,0.000000,0.000000,0.000000,299.000000,100629.523438,299.002716,0.000000,-45.856926,87.606331,-54.911942,0.009715,0.020131,-0.018035,-0.000585,0.001699,0.001051,,0.000000,0.000000,0.000000,0.000000,0.000000,0.000000,0.000000,0.000000,0.000000,0.000000,0.000000,0.000000,0.000000,0.000000,0.000000,2.393669,0.000000,0.000000,0.000000,1.000000,0.000000,0.023735
47.986925,1,100627.000000,100624.000000,100629.000000,100623.000000,100623.000000,0.000000,0.000000,0.000000,0.000000,0.000000,299.010010,100629.523438,299.002716,0.000000,-45.874165,87.606743,-54.928673,0.003485,0.013493,-0.037296,-0.000038,0.001739,0.000225,,0.000000,0.000000,0.000000,0.000000,0.000000,0.000000,0.000000,0.000000,0.000000,0.000000,0.000000,0.000000,0.000000,0.000000,0.000000,2.393257,0.000000,0.000000,0.000000,1.000000,0.000000,0.025147
48.023084,1,100624.000000,100629.000000,100623.000000,100625.000000,100625.000000,0.000000,0.000000,0.000000,0.000000,0.000000,299.000000,100629.515625,299.002716,0.000000,-45.849743,87.606743,-54.905960,-0.014432,-0.004681,-0.033859,-0.001598,0.002463,0.001691,,0.000000,0.000000,0.000000,0.000000,0.000000,0.000000,0.000000,0.000000,0.000000,0.000000,0.000000,0.000000,0.000000,0.000000,0.000000,2.393257,0.000000,0.000000,0.000000,1.000000,0.000000,0.036141
48.060043,1,100629.000000,100623.000000,100625.000000,100622.000000,100622.000000,0.000000,0.000000,0.000000,0.000000,0.000000,298.980011,100629.515625,299.002716,0.000000,-45.828754,87.604858,-54.887474,-0.011013,-0.012645,-0.036061,0.000394,0.000747,0.000372,,0.000000,0.000000,0.000000,0.000000,0.000000,0.000000,0.000000,0.000000,0.000000,0.000000,0.000000,0.000000,0.000000,0.000000,0.000000,2.395142,0.000000,0.000000,0.000000,1.000000,0.000000,0.036800
48.083804,1,100623.000000,100625.000000,100622.000000,100627.000000,100627.000000,0.000000,0.000000,0.000000,0.000000,0.000000,298.989990,100629.507812,299.002686,0.000000,-45.853840,87.606415,-54.910877,0.008204,0.003014,-0.034163,-0.000500,0.002628,0.001332,,0.000000,0.000000,0.000000,0.000000,0.000000,0.000000,0.000000,0.000000,0.000000,0.000000,0.000000,0.000000,0.000000,0.000000,0.000000,2.393585,0.000000,0.000000,0.000000,1.000000,0.000000,0.023944
48.112471,1,100625.000000,100622.000000,100627.000000,100625.000000,100625.000000,0.000000,0.000000,0.000000,0.000000,0.000000,298.989990,100629.507812,299.002686,0.000000,-45.840336,87.605507,-54.899067,0.004652,0.015536,-0.034571,-0.000086,0.001322,0.000681,,0.000000,0.000000,0.000000,0.000000,0.000000,0.000000,0.000000,0.000000,0.000000,0.000000,0.000000,0.000000,0.000000,0.000000,0.000000,2.394493,0.000000,0.000000,0.000000,1.000000,0.000000,0.028661
48.137011,1,100622.000000,100627.000000,100625.000000,100631.000000,100631.000000,0.000000,0.000000,0.000000,0.000000,0.000000,298.989990,100629.507812,299.002686,0.000000,-45.825890,87.604858,-54.884647,-0.004427,0.000514,-0.047056,0.000818,0.000039,0.000241,,0.000000,0.000000,0.000000,0.000000,0.000000,0.000000,0.000000,0.000000,0.000000,0.000000,0.000000,0.000000,0.000000,0.000000,0.000000,2.395142,0.000000,0.000000,0.000000,1.000000,0.000000,0.024543
48.164710,1,100627.000000,100625.000000,100631.000000,100626.000000,100626.000000,0.000000,0.000000,0.000000,0.000000,0.000000,299.000000,100629.507812,299.002686,0.000000,-45.786755,87.603546,-54.846912,-0.014361,-0.010421,-0.028986,-0.001071,0.001899,0.000970,,0.000000,0.000000,0.000000,0.000000,0.000000,0.000000,0.000000,0.000000,0.000000,0.000000,0.000000,0.000000,0.000000,0.000000,0.000000,2.396454,0.000000,0.000000,0.000000,1.000000,0.000000,0.027693
48.189143,1,100625.000000,100631.000000,100626.000000,100624.000000,100624.000000,0.000000,0.000000,0.000000,0.000000,0.000000,299.000000,100629.500000,299.002686,0.000000,-45.811588,87.604454,-54.871712,-0.010968,0.010687,-0.030622,-0.000402,0.001390,0.000807,,0.000000,0.000000,0.000000,0.000000,0.000000,0.000000,0.000000,0.000000,0.000000,0.000000,0.000000,0.000000,0.000000,0.000000,0.000000,2.395546,0.000000,0.000000,0.000000,1.000000,0.000000,0.024397
48.214963,1,100631.000000,100626.000000,100624.000000,100624.000000,100624.000000,0.000000,0.000000,0.000000,0.000000,0.000000,299.000000,100629.500000,299.002686,0.000000,-45.840832,87.605759,-54.898746,0.005946,0.011110,-0.041639,-0.000172,0.001641,0.000551,,0.000000,0.000000,0.000000,0.000000,0.000000,0.000000,0.000000,0.000000,0.000000,0.000000,0.000000,0.000000,0.000000,0.000000,0.000000,2.394241,0.000000,0.000000,0.000000,1.000000,0.000000,0.025840
48.246967,1,100626.000000,100624.000000,100624.000000,100626.000000,100626.000000,0.000000,0.000000,0.000000,0.000000,0.000000,298.989990,100629.500000,299.002655,0.000000,-45.861401,87.605919,-54.919106,0.004936,0.002510,-0.030056,0.001113,0.000643,0.000144,,0.000000,0.000000,0.000000,0.000000,0.000000,0.000000,0.000000,0.000000,0.000000,0.000000,0.000000,0.000000,0.000000,0.000000,0.000000,2.394081,0.000000,0.000000,0.000000,1.000000,0.000000,0.032007
48.278978,1,100624.000000,100624.000000,100626.000000,100626.000000,100626.000000,0.000000,0.000000,0.000000,0.000000,0.000000,298.989990,100629.492188,299.002655,0.000000,-45.831062,87.604202,-54.889790,0.003017,0.000699,-0.039179,0.000588,-0.000028,0.000656,,0.000000,0.000000,0.000000,0.000000,0.000000,0.000000,0.000000,0.000000,0.000000,0.000000,0.000000,0.000000,0.000000,0.000000,0.000000,2.395798,0.000000,0.000000,0.000000,1.000000,0.000000,0.031991
48.302469,1,100624.000000,100626.000000,100626.000000,100621.000000,100621.000000,0.000000,0.000000,0.000000,0.000000,0.000000,298.989990,100629.492188,299.002655,0.000000,-45.796280,87.602982,-54.856846,-0.013517,0.000191,-0.040046,0.000354,0.000550,0.000460,,0.000000,0.000000,0.000000,0.000000,0.000000,0.000000,0.000000,0.000000,0.000000,0.000000,0.000000,0.000000,0.000000,0.000000,0.000000,2.397018,0.000000,0.000000,0.000000,1.000000,0.000000,0.023508
48.326114,1,100626.000000,100626.000000,100621.000000,100627.000000,100627.000000,0.000000,0.000000,0.000000,0.000000,0.000000,299.000000,100629.484375,299.002655,0.000000,-45.833958,87.607071,-54.891159,0.003678,0.008768,-0.032900,-0.001061,0.002448,0.000795,,0.000000,0.000000,0.000000,0.000000,0.000000,0.000000,0.000000,0.000000,0.000000,0.000000,0.000000,0.000000,0.000000,0.000000,0.000000,2.392929,0.000000,0.000000,0.000000,1.000000,0.000000,0.023665
48.353917,1,100626.000000,100621.000000,100627.000000,100628.000000,100628.000000,0.000000,0.000000,0.000000,0.000000,0.000000,299.000000,100629.484375,299.002655,0.000000,-45.855938,87.607887,-54.909409,0.002551,0.018788,-0.039871,-0.000913,0.002698,0.001006,,0.000000,0.000000,0.000000,0.000000,0.000000,0.000000,0.000000,0.000000,0.000000,0.000000,0.000000,0.000000,0.000000,0.000000,0.000000,2.392113,0.000000,0.000000,0.000000,1.000000,0.000000,0.027806
48.378151,1,100621.000000,100627.000000,100628.000000,100625.000000,100625.000000,0.000000,0.000000,0.000000,0.000000,0.000000,299.000000,100629.484375,299.002655,0.000000,-45.862022,87.607315,-54.915474,0.001082,0.000385,-0.035690,0.000572,0.000164,0.000513,,0.000000,0.000000,0.000000,0.000000,0.000000,0.000000,0.000000,0.000000,0.000000,0.000000,0.000000,0.000000,0.000000,0.000000,0.000000,2.392685,0.000000,0.000000,0.000000,1.000000,0.000000,0.024208
48.402946,1,100627.000000,100628.000000,100625.000000,100626.000000,100626.000000,0.000000,0.000000,0.000000,0.000000,0.000000,299.000000,100629.484375,299.002655,0.000000,-45.821877,87.604614,-54.879620,-0.009034,-0.002215,-0.031659,0.001415,0.000224,0.000202,,0.000000,0.000000,0.000000,0.000000,0.000000,0.000000,0.000000,0.000000,0.000000,0.000000,0.000000,0.000000,0.000000,0.000000,0.000000,2.395386,0.000000,0.000000,0.000000,1.000000,0.000000,0.024800
48.434946,1,100628.000000,100625.000000,100626.000000,100626.000000,100626.000000,0.000000,0.000000,0.000000,0.000000,0.000000,299.000000,100629.476562,299.002655,0.000000,-45.809441,87.604042,-54.867699,0.003809,0.001629,-0.033499,0.000707,0.000245,0.000427,,0.000000,0.000000,0.000000,0.000000,0.000000,0.000000,0.000000,0.000000,0.000000,0.000000,0.000000,0.000000,0.000000,0.000000,0.000000,2.395958,0.000000,0.000000,0.000000,1.000000,0.000000,0.031996
48.466948,1,100625.000000,100626.000000,100626.000000,100625.000000,100625.000000,0.000000,0.000000,0.000000,0.000000,0.000000,298.989990,100629.476562,299.002625,0.000000,-45.818214,87.603386,-54.875729,0.006475,0.003779,-0.036327,-0.000990,0.002185,0.000975,,0.000000,0.000000,0.000000,0.000000,0.000000,0.000000,0.000000,0.000000,0.000000,0.000000,0.000000,0.000000,0.000000,0.000000,0.000000,2.396614,0.000000,0.000000,0.000000,1.000000,0.000000,0.032011
48.497174,1,100626.000000,100626.000000,100625.000000,100623.000000,100623.000000,0.000000,0.000000,0.000000,0.000000,0.000000,298.989990,100629.476562,299.002625,0.000000,-45.846199,87.606659,-54.900600,-0.002495,0.005886,-0.036098,-0.000972,0.002352,0.000910,,0.000000,0.000000,0.000000,0.000000,0.000000,0.000000,0.000000,0.000000,0.000000,0.000000,0.000000,0.000000,0.000000,0.000000,0.000000,2.393341,0.000000,0.000000,0.000000,1.000000,0.000000,0.030240
48.530547,1,100626.000000,100625.000000,100623.000000,100624.000000,100624.000000,0.000000,0.000000,0.000000,0.000000,0.000000,298.980011,100629.468750,299.002625,0.000000,-45.831512,87.606575,-54.887280,-0.004941,0.007053,-0.028131,0.000642,0.000128,0.000551,,0.000000,0.000000,0.000000,0.000000,0.000000,0.000000,0.000000,0.000000,0.000000,0.000000,0.000000,0.000000,0.000000,0.000000,0.000000,2.393425,0.000000,0.000000,0.000000,1.000000,0.000000,0.033301
48.554298,1,100625.000000,100623.000000,100624.000000,100625.000000,100625.000000,0.000000,0.000000,0.000000,0.000000,0.000000,298.980011,100629.468750,299.002594,0.000000,-45.810532,87.605507,-54.866524,-0.013665,-0.001754,-0.038649,0.001115,0.000110,0.000567,,0.000000,0.000000,0.000000,0.000000,0.000000,0.000000,0.000000,0.000000,0.000000,0.000000,0.000000,0.000000,0.000000,0.000000,0.000000,2.394493,0.000000,0.000000,0.000000,1.000000,0.000000,0.023832
48.594979,1,100623.000000,100624.000000,100625.000000,100623.000000,100623.000000,0.000000,0.000000,0.000000,0.000000,0.000000,298.970001,100629.460938,299.002563,0.000000,-45.809078,87.606987,-54.864624,0.003818,0.002492,-0.039705,-0.000526,0.002403,0.001427,,0.000000,0.000000,0.000000,0.000000,0.000000,0.000000,0.000000,0.000000,0.000000,0.000000,0.000000,0.000000,0.000000,0.000000,0.000000,2.393013,0.000000,0.000000,0.000000,1.000000,0.000000,0.040636
48.627009,1,100624.000000,100625.000000,100623.000000,100621.000000,100621.000000,0.000000,0.000000,0.000000,0.000000,0.000000,298.970001,100629.453125,299.002563,0.000000,-45.825726,87.607887,-54.880077,0.001918,0.009437,-0.029594,-0.000027,0.000851,0.000463,,0.000000,0.000000,0.000000,0.000000,0.000000,0.000000,0.000000,0.000000,0.000000,0.000000,0.000000,0.000000,0.000000,0.000000,0.000000,2.392113,0.000000,0.000000,0.000000,1.000000,0.000000,0.032009
48.657461,1,100625.000000,100623.000000,100621.000000,100620.000000,100620.000000,0.000000,0.000000,0.000000,0.000000,0.000000,298.970001,100629.453125,299.002533,0.000000,-45.806416,87.606415,-54.860634,-0.008224,-0.002649,-0.023834,0.000453,0.000474,0.000248,,0.000000,0.000000,0.000000,0.000000,0.000000,0.000000,0.000000,0.000000,0.000000,0.000000,0.000000,0.000000,0.000000,0.000000,0.000000,2.393585,0.000000,0.000000,0.000000,1.000000,0.000000,0.030482
48.680963,1,100623.000000,100621.000000,100620.000000,100630.000000,100630.000000,0.000000,0.000000,0.000000,0.000000,0.000000,298.970001,100629.453125,299.002502,0.000000,-45.773315,87.605507,-54.829201,-0.003291,-0.014157,-0.037363,0.001103,0.000697,0.000610,,0.000000,0.000000,0.000000,0.000000,0.000000,0.000000,0.000000,0.000000,0.000000,0.000000,0.000000,0.000000,0.000000,0.000000,0.000000,2.394493,0.000000,0.000000,0.000000,1.000000,0.000000,0.023529
48.706866,1,100621.000000,100620.000000,100630.000000,100627.000000,100627.000000,0.000000,0.000000,0.000000,0.000000,0.000000,298.980011,100629.453125,299.002502,0.000000,-45.791290,87.606575,-54.846260,-0.007879,0.006564,-0.032866,0.000155,0.001806,0.000375,,0.000000,0.000000,0.000000,0.000000,0.000000,0.000000,0.000000,0.000000,0.000000,0.000000,0.000000,0.000000,0.000000,0.000000,0.000000,2.393425,0.000000,0.000000,0.000000,1.000000,0.000000,0.025891
48.734162,1,100620.000000,100630.000000,100627.000000,100624.000000,100624.000000,0.000000,0.000000,0.000000,0.000000,0.000000,298.980011,100629.445312,299.002472,0.000000,-45.802132,87.607231,-54.854919,0.002247,0.019983,-0.041847,0.000311,0.001166,0.000133,,0.000000,0.000000,0.000000,0.000000,0.000000,0.000000,0.000000,0.000000,0.000000,0.000000,0.000000,0.000000,0.000000,0.000000,0.000000,2.392769,0.000000,0.000000,0.000000,1.000000,0.000000,0.027308
48.762811,1,100630.000000,100627.000000,100624.000000,100623.000000,100623.000000,0.000000,0.000000,0.000000,0.000000,0.000000,298.980011,100629.445312,299.002472,0.000000,-45.801308,87.606987,-54.856556,-0.005650,-0.008716,-0.034899,0.000397,0.000569,-0.000415,,0.000000,0.000000,0.000000,0.000000,0.000000,0.000000,0.000000,0.000000,0.000000,0.000000,0.000000,0.000000,0.000000,0.000000,0.000000,2.393013,0.000000,0.000000,0.000000,1.000000,0.000000,0.028611
48.787581,1,100627.000000,100624.000000,100623.000000,100623.000000,100623.000000,0.000000,0.000000,0.000000,0.000000,0.000000,298.980011,100629.437500,299.002472,0.000000,-45.789494,87.605347,-54.846519,0.002069,-0.003543,-0.033641,0.001972,0.000265,0.000027,,0.000000,0.000000,0.000000,0.000000,0.000000,0.000000,0.000000,0.000000,0.000000,0.000000,0.000000,0.000000,0.000000,0.000000,0.000000,2.394653,0.000000,0.000000,0.000000,1.000000,0.000000,0.024747
48.814162,1,100624.000000,100623.000000,100623.000000,100630.000000,100630.000000,0.000000,0.000000,0.000000,0.000000,0.000000,298.989990,100629.437500,299.002441,0.000000,-45.786720,87.605675,-54.842457,-0.009488,0.001461,-0.046093,-0.001266,0.002937,0.000851,,0.000000,0.000000,0.000000,0.000000,0.000000,0.000000,0.000000,0.000000,0.000000,0.000000,0.000000,0.000000,0.000000,0.000000,0.000000,2.394325,0.000000,0.000000,0.000000,1.000000,0.000000,0.026614
48.838119,1,100623.000000,100623.000000,100630.000000,100625.000000,100625.000000,0.000000,0.000000,0.000000,0.000000,0.000000,298.989990,100629.437500,299.002441,0.000000,-45.827538,87.607475,-54.881386,-0.002624,0.003561,-0.036484,-0.000614,0.001823,0.000362,,0.000000,0.000000,0.000000,0.000000,0.000000,0.000000,0.000000,0.000000,0.000000,0.000000,0.000000,0.000000,0.000000,0.000000,0.000000,2.392525,0.000000,0.000000,0.000000,1.000000,0.000000,0.023987
48.862123,1,100623.000000,100630.000000,100625.000000,100624.000000,100624.000000,0.000000,0.000000,0.000000,0.000000,0.000000,299.000000,100629.429688,299.002441,0.000000,-45.852978,87.609192,-54.905838,0.006150,-0.004636,-0.031437,-0.000352,0.003024,0.000871,,0.000000,0.000000,0.000000,0.000000,0.000000,0.000000,0.000000,0.000000,0.000000,0.000000,0.000000,0.000000,0.000000,0.000000,0.000000,2.390808,0.000000,0.000000,0.000000,1.000000,0.000000,0.024003
48.888861,1,100630.000000,100625.000000,100624.000000,100626.000000,100626.000000,0.000000,0.000000,0.000000,0.000000,0.000000,299.000000,100629.429688,299.002441,0.000000,-45.870102,87.609848,-54.922756,-0.004617,0.002385,-0.034227,-0.000343,0.001831,0.000256,,0.000000,0.000000,0.000000,0.000000,0.000000,0.000000,0.000000,0.000000,0.000000,0.000000,0.000000,0.000000,0.000000,0.000000,0.000000,2.390152,0.000000,0.000000,0.000000,1.000000,0.000000,0.026732
48.914168,1,100625.000000,100624.000000,100626.000000,100624.000000,100624.000000,0.000000,0.000000,0.000000,0.000000,0.000000,299.000000,100629.429688,299.002441,0.000000,-45.849339,87.609192,-54.901493,-0.016141,0.002896,-0.041502,0.001028,0.000332,0.000432,,0.000000,0.000000,0.000000,0.000000,0.000000,0.000000,0.000000,0.000000,0.000000,0.000000,0.000000,0.000000,0.000000,0.000000,0.000000,2.390808,0.000000,0.000000,0.000000,1.000000,0.000000,0.025292
48.938958,1,100624.000000,100626.000000,100624.000000,100624.000000,100624.000000,0.000000,0.000000,0.000000,0.000000,0.000000,299.000000,100629.421875,299.002441,0.000000,-45.827206,87.607231,-54.881603,-0.008790,0.001365,-0.040919,0.001124,0.000840,0.000491,,0.000000,0.000000,0.000000,0.000000,0.000000,0.000000,0.000000,0.000000,0.000000,0.000000,0.000000,0.000000,0.000000,0.000000,0.000000,2.392769,0.000000,0.000000,0.000000,1.000000,0.000000,0.024786
48.970959,1,100626.000000,100624.000000,100624.000000,100624.000000,100624.000000,0.000000,0.000000,0.000000,0.000000,0.000000,299.000000,100629.421875,299.002441,0.000000,-45.832630,87.607475,-54.887054,0.004383,0.005991,-0.027229,-0.000660,0.002117,0.001214,,0.000000,0.000000,0.000000,0.000000,0.000000,0.000000,0.000000,0.000000,0.000000,0.000000,0.000000,0.000000,0.000000,0.000000,0.000000,2.392525,0.000000,0.000000,0.000000,1.000000,0.000000,0.031998
49.002937,1,100624.000000,100624.000000,100624.000000,100626.000000,100626.000000,0.000000,0.000000,0.000000,0.000000,0.000000,298.989990,100629.414062,299.002441,0.000000,-45.871044,87.610588,-54.921818,0.004130,0.006557,-0.039052,-0.001730,0.002423,0.001093,,0.000000,0.000000,0.000000,0.000000,0.000000,0.000000,0.000000,0.000000,0.000000,0.000000,0.000000,0.000000,0.000000,0.000000,0.000000,2.389412,0.000000,0.000000,0.000000,1.000000,0.000000,0.031994
49.026392,1,100624.000000,100624.000000,100626.000000,100624.000000,100624.000000,0.000000,0.000000,0.000000,0.000000,0.000000,298.989990,100629.414062,299.002411,0.000000,-45.833057,87.609024,-54.884300,0.003674,-0.001742,-0.037554,0.000795,-0.000497,0.000734,,0.000000,0.000000,0.000000,0.000000,0.000000,0.000000,0.000000,0.000000,0.000000,0.000000,0.000000,0.000000,0.000000,0.000000,0.000000,2.390976,0.000000,0.000000,0.000000,1.000000,0.000000,0.023465
49.058146,1,100624.000000,100626.000000,100624.000000,100624.000000,100624.000000,0.000000,0.000000,0.000000,0.000000,0.000000,298.989990,100629.414062,299.002411,0.000000,-45.849270,87.608620,-54.901337,0.003019,-0.004692,-0.033423,0.001691,-0.000062,0.000216,,0.000000,0.000000,0.000000,0.000000,0.000000,0.000000,0.000000,0.000000,0.000000,0.000000,0.000000,0.000000,0.000000,0.000000,0.000000,2.391380,0.000000,0.000000,0.000000,1.000000,0.000000,0.031752
49.082474,1,100626.000000,100624.000000,100624.000000,100619.000000,100619.000000,0.000000,0.000000,0.000000,0.000000,0.000000,298.989990,100629.406250,299.002411,0.000000,-45.835411,87.607643,-54.888615,0.004434,0.003887,-0.035948,-0.000549,0.001799,0.000576,,0.000000,0.000000,0.000000,0.000000,0.000000,0.000000,0.000000,0.000000,0.000000,0.000000,0.000000,0.000000,0.000000,0.000000,0.000000,2.392357,0.000000,0.000000,0.000000,1.000000,0.000000,0.024277
49.108623,1,100624.000000,100624.000000,100619.000000,100626.000000,100626.000000,0.000000,0.000000,0.000000,0.000000,0.000000,299.000000,100629.398438,299.002411,0.000000,-45.873508,87.610176,-54.923286,0.008265,0.020717,-0.038343,0.000115,0.002219,0.000243,,0.000000,0.000000,0.000000,0.000000,0.000000,0.000000,0.000000,0.000000,0.000000,0.000000,0.000000,0.000000,0.000000,0.000000,0.000000,2.389824,0.000000,0.000000,0.000000,1.000000,0.000000,0.026180
49.139389,1,100624.000000,100619.000000,100626.000000,100627.000000,100627.000000,0.000000,0.000000,0.000000,0.000000,0.000000,298.989990,100629.398438,299.002380,0.000000,-45.866543,87.610092,-54.916084,0.004543,0.010154,-0.036722,0.000011,0.001733,0.000897,,0.000000,0.000000,0.000000,0.000000,0.000000,0.000000,0.000000,0.000000,0.000000,0.000000,0.000000,0.000000,0.000000,0.000000,0.000000,2.389908,0.000000,0.000000,0.000000,1.000000,0.000000,0.030767
49.169131,1,100619.000000,100626.000000,100627.000000,100623.000000,100623.000000,0.000000,0.000000,0.000000,0.000000,0.000000,298.989990,100629.398438,299.002380,0.000000,-45.819172,87.608124,-54.871670,-0.018267,0.001245,-0.030986,0.000755,0.000142,0.000460,,0.000000,0.000000,0.000000,0.000000,0.000000,0.000000,0.000000,0.000000,0.000000,0.000000,0.000000,0.000000,0.000000,0.000000,0.000000,2.391876,0.000000,0.000000,0.000000,1.000000,0.000000,0.029765
49.193008,1,100626.000000,100627.000000,100623.000000,100627.000000,100627.000000,0.000000,0.000000,0.000000,0.000000,0.000000,298.989990,100629.398438,299.002380,0.000000,-45.839802,87.606575,-54.891621,-0.005094,-0.003093,-0.036064,-0.000075,0.000247,0.000641,,0.000000,0.000000,0.000000,0.000000,0.000000,0.000000,0.000000,0.000000,0.000000,0.000000,0.000000,0.000000,0.000000,0.000000,0.000000,2.393425,0.000000,0.000000,0.000000,1.000000,0.000000,0.023848
49.217420,1,100627.000000,100623.000000,100627.000000,100628.000000,100628.000000,0.000000,0.000000,0.000000,0.000000,0.000000,299.000000,100629.390625,299.002380,0.000000,-45.853500,87.607315,-54.904018,-0.005795,0.003547,-0.039909,-0.000313,0.001145,0.000572,,0.000000,0.000000,0.000000,0.000000,0.000000,0.000000,0.000000,0.000000,0.000000,0.000000,0.000000,0.000000,0.000000,0.000000,0.000000,2.392685,0.000000,0.000000,0.000000,1.000000,0.000000,0.024425
49.242983,1,100623.000000,100627.000000,100628.000000,100626.000000,100626.000000,0.000000,0.000000,0.000000,0.000000,0.000000,299.000000,100629.390625,299.002380,0.000000,-45.856033,87.607391,-54.905029,0.009090,-0.002090,-0.031387,0.000488,0.000216,0.000420,,0.000000,0.000000,0.000000,0.000000,0.000000,0.000000,0.000000,0.000000,0.000000,0.000000,0.000000,0.000000,0.000000,0.000000,0.000000,2.392609,0.000000,0.000000,0.000000,1.000000,0.000000,0.025580
49.266455,1,100627.000000,100628.000000,100626.000000,100623.000000,100623.000000,0.000000,0.000000,0.000000,0.000000,0.000000,299.000000,100629.390625,299.002380,0.000000,-45.845345,87.607475,-54.893841,-0.004239,-0.002613,-0.027641,0.000913,0.001335,0.000910,,0.000000,0.000000,0.000000,0.000000,0.000000,0.000000,0.000000,0.000000,0.000000,0.000000,0.000000,0.000000,0.000000,0.000000,0.000000,2.392525,0.000000,0.000000,0.000000,1.000000,0.000000,0.023472
49.290044,1,100628.000000,100626.000000,100623.000000,100627.000000,100627.000000,0.000000,0.000000,0.000000,0.000000,0.000000,299.010010,100629.382812,299.002380,0.000000,-45.837959,87.606575,-54.887470,-0.013360,-0.003298,-0.035362,0.000981,0.001026,0.000465,,0.000000,0.000000,0.000000,0.000000,0.000000,0.000000,0.000000,0.000000,0.000000,0.000000,0.000000,0.000000,0.000000,0.000000,0.000000,2.393425,0.000000,0.000000,0.000000,1.000000,0.000000,0.023522
49.314562,1,100626.000000,100623.000000,100627.000000,100625.000000,100625.000000,0.000000,0.000000,0.000000,0.000000,0.000000,299.010010,100629.382812,299.002380,0.000000,-45.823524,87.606743,-54.874077,-0.012338,0.003270,-0.035579,-0.000634,0.002617,0.001101,,0.000000,0.000000,0.000000,0.000000,0.000000,0.000000,0.000000,0.000000,0.000000,0.000000,0.000000,0.000000,0.000000,0.000000,0.000000,2.393257,0.000000,0.000000,0.000000,1.000000,0.000000,0.024568
49.338108,1,100623.000000,100627.000000,100625.000000,100624.000000,100624.000000,0.000000,0.000000,0.000000,0.000000,0.000000,299.010010,100629.382812,299.002380,0.000000,-45.849693,87.608620,-54.897118,-0.003371,0.006107,-0.037567,-0.000628,0.001414,0.000411,,0.000000,0.000000,0.000000,0.000000,0.000000,0.000000,0.000000,0.000000,0.000000,0.000000,0.000000,0.000000,0.000000,0.000000,0.000000,2.391380,0.000000,0.000000,0.000000,1.000000,0.000000,0.023563
49.362140,1,100627.000000,100625.000000,100624.000000,100624.000000,100624.000000,0.000000,0.000000,0.000000,0.000000,0.000000,299.019989,100629.375000,299.002411,0.000000,-45.878864,87.609680,-54.926044,-0.003289,0.013041,-0.036589,-0.000842,0.002722,0.000479,,0.000000,0.000000,0.000000,0.000000,0.000000,0.000000,0.000000,0.000000,0.000000,0.000000,0.000000,0.000000,0.000000,0.000000,0.000000,2.390320,0.000000,0.000000,0.000000,1.000000,0.000000,0.024030
49.389160,1,100625.000000,100624.000000,100624.000000,100626.000000,100626.000000,0.000000,0.000000,0.000000,0.000000,0.000000,299.019989,100629.375000,299.002411,0.000000,-45.907749,87.611160,-54.951633,-0.003549,0.005638,-0.046280,-0.001571,0.002062,0.000677,,0.000000,0.000000,0.000000,0.000000,0.000000,0.000000,0.000000,0.000000,0.000000,0.000000,0.000000,0.000000,0.000000,0.000000,0.000000,2.388840,0.000000,0.000000,0.000000,1.000000,0.000000,0.027021
49.414162,1,100624.000000,100624.000000,100626.000000,100624.000000,100624.000000,0.000000,0.000000,0.000000,0.000000,0.000000,299.010010,100629.375000,299.002411,0.000000,-45.885685,87.608780,-54.932041,-0.012831,0.000024,-0.035973,0.001466,0.000832,0.000126,,0.000000,0.000000,0.000000,0.000000,0.000000,0.000000,0.000000,0.000000,0.000000,0.000000,0.000000,0.000000,0.000000,0.000000,0.000000,2.391220,0.000000,0.000000,0.000000,1.000000,0.000000,0.024962
49.442009,1,100624.000000,100626.000000,100624.000000,100628.000000,100628.000000,0.000000,0.000000,0.000000,0.000000,0.000000,299.019989,100629.367188,299.002411,0.000000,-45.830982,87.606743,-54.880100,-0.002490,-0.001841,-0.032471,0.001450,0.000211,0.000554,,0.000000,0.000000,0.000000,0.000000,0.000000,0.000000,0.000000,0.000000,0.000000,0.000000,0.000000,0.000000,0.000000,0.000000,0.000000,2.393257,0.000000,0.000000,0.000000,1.000000,0.000000,0.024338
49.465684,1,100626.000000,100624.000000,100628.000000,100627.000000,100627.000000,0.000000,0.000000,0.000000,0.000000,0.000000,299.010010,100629.367188,299.002441,0.000000,-45.840569,87.606743,-54.889359,0.000122,0.000703,-0.037045,0.000414,-0.000022,0.000568,,0.000000,0.000000,0.000000,0.000000,0.000000,0.000000,0.000000,0.000000,0.000000,0.000000,0.000000,0.000000,0.000000,0.000000,0.000000,2.393257,0.000000,0.000000,0.000000,1.000000,0.000000,0.027229
49.489298,1,100624.000000,100628.000000,100627.000000,100625.000000,100625.000000,0.000000,0.000000,0.000000,0.000000,0.000000,299.019989,100629.367188,299.002441,0.000000,-45.892403,87.609848,-54.937580,0.001298,0.013607,-0.043987,-0.001335,0.002915,0.001249,,0.000000,0.000000,0.000000,0.000000,0.000000,0.000000,0.000000,0.000000,0.000000,0.000000,0.000000,0.000000,0.000000,0.000000,0.000000,2.390152,0.000000,0.000000,0.000000,1.000000,0.000000,0.023585
49.515988,1,100628.000000,100627.000000,100625.000000,100626.000000,100626.000000,0.000000,0.000000,0.000000,0.000000,0.000000,299.019989,100629.367188,299.002441,0.000000,-45.902409,87.609680,-54.946106,0.005702,0.019655,-0.030814,-0.000676,0.001850,0.000557,,0.000000,0.000000,0.000000,0.000000,0.000000,0.000000,0.000000,0.000000,0.000000,0.000000,0.000000,0.000000,0.000000,0.000000,0.000000,2.390320,0.000000,0.000000,0.000000,1.000000,0.000000,0.026715
49.539544,1,100627.000000,100625.000000,100626.000000,100627.000000,100627.000000,0.000000,0.000000,0.000000,0.000000,0.000000,299.019989,100629.359375,299.002472,0.000000,-45.880173,87.608696,-54.924782,-0.007691,-0.002046,-0.034116,0.000606,0.000822,0.000347,,0.000000,0.000000,0.000000,0.000000,0.000000,0.000000,0.000000,0.000000,0.000000,0.000000,0.000000,0.000000,0.000000,0.000000,0.000000,2.391304,0.000000,0.000000,0.000000,1.000000,0.000000,0.023491
49.564774,1,100625.000000,100626.000000,100627.000000,100624.000000,100624.000000,0.000000,0.000000,0.000000,0.000000,0.000000,299.019989,100629.359375,299.002472,0.000000,-45.865051,87.607971,-54.911526,-0.004549,-0.003189,-0.037951,0.000969,0.000323,0.000572,,0.000000,0.000000,0.000000,0.000000,0.000000,0.000000,0.000000,0.000000,0.000000,0.000000,0.000000,0.000000,0.000000,0.000000,0.000000,2.392029,0.000000,0.000000,0.000000,1.000000,0.000000,0.025295
49.588262,1,100626.000000,100627.000000,100624.000000,100625.000000,100625.000000,0.000000,0.000000,0.000000,0.000000,0.000000,299.019989,100629.359375,299.002472,0.000000,-45.866341,87.608292,-54.911610,-0.019015,0.000515,-0.035395,0.000466,0.001873,0.000459,,0.000000,0.000000,0.000000,0.000000,0.000000,0.000000,0.000000,0.000000,0.000000,0.000000,0.000000,0.000000,0.000000,0.000000,0.000000,2.391708,0.000000,0.000000,0.000000,1.000000,0.000000,0.023489
49.614161,1,100627.000000,100624.000000,100625.000000,100626.000000,100626.000000,0.000000,0.000000,0.000000,0.000000,0.000000,299.019989,100629.351562,299.002502,0.000000,-45.886986,87.607643,-54.931618,0.005640,0.012091,-0.031549,-0.000893,0.002177,0.001094,,0.000000,0.000000,0.000000,0.000000,0.000000,0.000000,0.000000,0.000000,0.000000,0.000000,0.000000,0.000000,0.000000,0.000000,0.000000,2.392357,0.000000,0.000000,0.000000,1.000000,0.000000,0.025875
49.640668,1,100624.000000,100625.000000,100626.000000,100624.000000,100624.000000,0.000000,0.000000,0.000000,0.000000,0.000000,299.019989,100629.351562,299.002502,0.000000,-45.917027,87.609024,-54.960403,-0.002025,0.002222,-0.035624,-0.000620,0.001649,0.000753,,0.000000,0.000000,0.000000,0.000000,0.000000,0.000000,0.000000,0.000000,0.000000,0.000000,0.000000,0.000000,0.000000,0.000000,0.000000,2.390976,0.000000,0.000000,0.000000,1.000000,0.000000,0.026529
